date,jobcountry,indeed_job_postings_index,variable,display_name
2020-02-01,FR,100.0,total postings,"IT Infrastructure, Operations & Support"
2020-02-01,FR,100.0,new postings,"IT Infrastructure, Operations & Support"
2020-02-02,FR,100.04,total postings,"IT Infrastructure, Operations & Support"
2020-02-02,FR,100.83,new postings,"IT Infrastructure, Operations & Support"
2020-02-03,FR,100.14,total postings,"IT Infrastructure, Operations & Support"
2020-02-03,FR,101.31,new postings,"IT Infrastructure, Operations & Support"
2020-02-04,FR,100.07,total postings,"IT Infrastructure, Operations & Support"
2020-02-04,FR,101.31,new postings,"IT Infrastructure, Operations & Support"
2020-02-05,FR,100.11,total postings,"IT Infrastructure, Operations & Support"
2020-02-05,FR,100.83,new postings,"IT Infrastructure, Operations & Support"
2020-02-06,FR,100.06,total postings,"IT Infrastructure, Operations & Support"
2020-02-06,FR,99.82,new postings,"IT Infrastructure, Operations & Support"
2020-02-07,FR,99.91,total postings,"IT Infrastructure, Operations & Support"
2020-02-07,FR,98.61,new postings,"IT Infrastructure, Operations & Support"
2020-02-08,FR,99.96,total postings,"IT Infrastructure, Operations & Support"
2020-02-08,FR,98.49,new postings,"IT Infrastructure, Operations & Support"
2020-02-09,FR,99.9,total postings,"IT Infrastructure, Operations & Support"
2020-02-09,FR,97.7,new postings,"IT Infrastructure, Operations & Support"
2020-02-10,FR,99.77,total postings,"IT Infrastructure, Operations & Support"
2020-02-10,FR,97.43,new postings,"IT Infrastructure, Operations & Support"
2020-02-11,FR,99.86,total postings,"IT Infrastructure, Operations & Support"
2020-02-11,FR,99.39,new postings,"IT Infrastructure, Operations & Support"
2020-02-12,FR,100.35,total postings,"IT Infrastructure, Operations & Support"
2020-02-12,FR,103.38,new postings,"IT Infrastructure, Operations & Support"
2020-02-13,FR,101.0,total postings,"IT Infrastructure, Operations & Support"
2020-02-13,FR,108.92,new postings,"IT Infrastructure, Operations & Support"
2020-02-14,FR,101.99,total postings,"IT Infrastructure, Operations & Support"
2020-02-14,FR,115.66,new postings,"IT Infrastructure, Operations & Support"
2020-02-15,FR,102.82,total postings,"IT Infrastructure, Operations & Support"
2020-02-15,FR,121.74,new postings,"IT Infrastructure, Operations & Support"
2020-02-16,FR,103.7,total postings,"IT Infrastructure, Operations & Support"
2020-02-16,FR,128.54,new postings,"IT Infrastructure, Operations & Support"
2020-02-17,FR,104.4,total postings,"IT Infrastructure, Operations & Support"
2020-02-17,FR,135.58,new postings,"IT Infrastructure, Operations & Support"
2020-02-18,FR,104.54,total postings,"IT Infrastructure, Operations & Support"
2020-02-18,FR,136.95,new postings,"IT Infrastructure, Operations & Support"
2020-02-19,FR,104.29,total postings,"IT Infrastructure, Operations & Support"
2020-02-19,FR,133.65,new postings,"IT Infrastructure, Operations & Support"
2020-02-20,FR,104.29,total postings,"IT Infrastructure, Operations & Support"
2020-02-20,FR,128.92,new postings,"IT Infrastructure, Operations & Support"
2020-02-21,FR,103.63,total postings,"IT Infrastructure, Operations & Support"
2020-02-21,FR,122.15,new postings,"IT Infrastructure, Operations & Support"
2020-02-22,FR,103.27,total postings,"IT Infrastructure, Operations & Support"
2020-02-22,FR,117.18,new postings,"IT Infrastructure, Operations & Support"
2020-02-23,FR,102.93,total postings,"IT Infrastructure, Operations & Support"
2020-02-23,FR,112.01,new postings,"IT Infrastructure, Operations & Support"
2020-02-24,FR,102.82,total postings,"IT Infrastructure, Operations & Support"
2020-02-24,FR,106.53,new postings,"IT Infrastructure, Operations & Support"
2020-02-25,FR,103.13,total postings,"IT Infrastructure, Operations & Support"
2020-02-25,FR,104.78,new postings,"IT Infrastructure, Operations & Support"
2020-02-26,FR,103.59,total postings,"IT Infrastructure, Operations & Support"
2020-02-26,FR,105.98,new postings,"IT Infrastructure, Operations & Support"
2020-02-27,FR,103.98,total postings,"IT Infrastructure, Operations & Support"
2020-02-27,FR,107.82,new postings,"IT Infrastructure, Operations & Support"
2020-02-28,FR,104.85,total postings,"IT Infrastructure, Operations & Support"
2020-02-28,FR,110.75,new postings,"IT Infrastructure, Operations & Support"
2020-02-29,FR,105.38,total postings,"IT Infrastructure, Operations & Support"
2020-02-29,FR,110.01,new postings,"IT Infrastructure, Operations & Support"
2020-03-01,FR,105.84,total postings,"IT Infrastructure, Operations & Support"
2020-03-01,FR,109.04,new postings,"IT Infrastructure, Operations & Support"
2020-03-02,FR,106.24,total postings,"IT Infrastructure, Operations & Support"
2020-03-02,FR,107.99,new postings,"IT Infrastructure, Operations & Support"
2020-03-03,FR,106.41,total postings,"IT Infrastructure, Operations & Support"
2020-03-03,FR,106.04,new postings,"IT Infrastructure, Operations & Support"
2020-03-04,FR,106.66,total postings,"IT Infrastructure, Operations & Support"
2020-03-04,FR,104.61,new postings,"IT Infrastructure, Operations & Support"
2020-03-05,FR,106.57,total postings,"IT Infrastructure, Operations & Support"
2020-03-05,FR,102.31,new postings,"IT Infrastructure, Operations & Support"
2020-03-06,FR,106.18,total postings,"IT Infrastructure, Operations & Support"
2020-03-06,FR,99.61,new postings,"IT Infrastructure, Operations & Support"
2020-03-07,FR,105.75,total postings,"IT Infrastructure, Operations & Support"
2020-03-07,FR,98.58,new postings,"IT Infrastructure, Operations & Support"
2020-03-08,FR,105.37,total postings,"IT Infrastructure, Operations & Support"
2020-03-08,FR,97.87,new postings,"IT Infrastructure, Operations & Support"
2020-03-09,FR,104.98,total postings,"IT Infrastructure, Operations & Support"
2020-03-09,FR,97.41,new postings,"IT Infrastructure, Operations & Support"
2020-03-10,FR,105.09,total postings,"IT Infrastructure, Operations & Support"
2020-03-10,FR,97.28,new postings,"IT Infrastructure, Operations & Support"
2020-03-11,FR,105.1,total postings,"IT Infrastructure, Operations & Support"
2020-03-11,FR,95.92,new postings,"IT Infrastructure, Operations & Support"
2020-03-12,FR,105.3,total postings,"IT Infrastructure, Operations & Support"
2020-03-12,FR,95.27,new postings,"IT Infrastructure, Operations & Support"
2020-03-13,FR,105.64,total postings,"IT Infrastructure, Operations & Support"
2020-03-13,FR,94.6,new postings,"IT Infrastructure, Operations & Support"
2020-03-14,FR,105.92,total postings,"IT Infrastructure, Operations & Support"
2020-03-14,FR,94.26,new postings,"IT Infrastructure, Operations & Support"
2020-03-15,FR,106.1,total postings,"IT Infrastructure, Operations & Support"
2020-03-15,FR,93.9,new postings,"IT Infrastructure, Operations & Support"
2020-03-16,FR,106.0,total postings,"IT Infrastructure, Operations & Support"
2020-03-16,FR,93.14,new postings,"IT Infrastructure, Operations & Support"
2020-03-17,FR,105.46,total postings,"IT Infrastructure, Operations & Support"
2020-03-17,FR,90.83,new postings,"IT Infrastructure, Operations & Support"
2020-03-18,FR,104.63,total postings,"IT Infrastructure, Operations & Support"
2020-03-18,FR,86.93,new postings,"IT Infrastructure, Operations & Support"
2020-03-19,FR,103.54,total postings,"IT Infrastructure, Operations & Support"
2020-03-19,FR,81.27,new postings,"IT Infrastructure, Operations & Support"
2020-03-20,FR,102.35,total postings,"IT Infrastructure, Operations & Support"
2020-03-20,FR,74.28,new postings,"IT Infrastructure, Operations & Support"
2020-03-21,FR,101.23,total postings,"IT Infrastructure, Operations & Support"
2020-03-21,FR,66.71,new postings,"IT Infrastructure, Operations & Support"
2020-03-22,FR,100.02,total postings,"IT Infrastructure, Operations & Support"
2020-03-22,FR,57.97,new postings,"IT Infrastructure, Operations & Support"
2020-03-23,FR,99.02,total postings,"IT Infrastructure, Operations & Support"
2020-03-23,FR,49.79,new postings,"IT Infrastructure, Operations & Support"
2020-03-24,FR,98.1,total postings,"IT Infrastructure, Operations & Support"
2020-03-24,FR,44.9,new postings,"IT Infrastructure, Operations & Support"
2020-03-25,FR,97.21,total postings,"IT Infrastructure, Operations & Support"
2020-03-25,FR,42.29,new postings,"IT Infrastructure, Operations & Support"
2020-03-26,FR,96.35,total postings,"IT Infrastructure, Operations & Support"
2020-03-26,FR,41.05,new postings,"IT Infrastructure, Operations & Support"
2020-03-27,FR,95.5,total postings,"IT Infrastructure, Operations & Support"
2020-03-27,FR,42.73,new postings,"IT Infrastructure, Operations & Support"
2020-03-28,FR,94.62,total postings,"IT Infrastructure, Operations & Support"
2020-03-28,FR,44.64,new postings,"IT Infrastructure, Operations & Support"
2020-03-29,FR,93.78,total postings,"IT Infrastructure, Operations & Support"
2020-03-29,FR,47.39,new postings,"IT Infrastructure, Operations & Support"
2020-03-30,FR,92.98,total postings,"IT Infrastructure, Operations & Support"
2020-03-30,FR,49.94,new postings,"IT Infrastructure, Operations & Support"
2020-03-31,FR,92.21,total postings,"IT Infrastructure, Operations & Support"
2020-03-31,FR,49.71,new postings,"IT Infrastructure, Operations & Support"
2020-04-01,FR,91.56,total postings,"IT Infrastructure, Operations & Support"
2020-04-01,FR,49.75,new postings,"IT Infrastructure, Operations & Support"
2020-04-02,FR,91.05,total postings,"IT Infrastructure, Operations & Support"
2020-04-02,FR,48.7,new postings,"IT Infrastructure, Operations & Support"
2020-04-03,FR,90.37,total postings,"IT Infrastructure, Operations & Support"
2020-04-03,FR,45.51,new postings,"IT Infrastructure, Operations & Support"
2020-04-04,FR,89.72,total postings,"IT Infrastructure, Operations & Support"
2020-04-04,FR,43.16,new postings,"IT Infrastructure, Operations & Support"
2020-04-05,FR,89.14,total postings,"IT Infrastructure, Operations & Support"
2020-04-05,FR,40.84,new postings,"IT Infrastructure, Operations & Support"
2020-04-06,FR,88.56,total postings,"IT Infrastructure, Operations & Support"
2020-04-06,FR,38.35,new postings,"IT Infrastructure, Operations & Support"
2020-04-07,FR,87.61,total postings,"IT Infrastructure, Operations & Support"
2020-04-07,FR,37.0,new postings,"IT Infrastructure, Operations & Support"
2020-04-08,FR,86.64,total postings,"IT Infrastructure, Operations & Support"
2020-04-08,FR,34.86,new postings,"IT Infrastructure, Operations & Support"
2020-04-09,FR,85.49,total postings,"IT Infrastructure, Operations & Support"
2020-04-09,FR,32.61,new postings,"IT Infrastructure, Operations & Support"
2020-04-10,FR,84.41,total postings,"IT Infrastructure, Operations & Support"
2020-04-10,FR,30.6,new postings,"IT Infrastructure, Operations & Support"
2020-04-11,FR,82.96,total postings,"IT Infrastructure, Operations & Support"
2020-04-11,FR,27.91,new postings,"IT Infrastructure, Operations & Support"
2020-04-12,FR,81.53,total postings,"IT Infrastructure, Operations & Support"
2020-04-12,FR,24.61,new postings,"IT Infrastructure, Operations & Support"
2020-04-13,FR,80.29,total postings,"IT Infrastructure, Operations & Support"
2020-04-13,FR,21.42,new postings,"IT Infrastructure, Operations & Support"
2020-04-14,FR,79.35,total postings,"IT Infrastructure, Operations & Support"
2020-04-14,FR,19.11,new postings,"IT Infrastructure, Operations & Support"
2020-04-15,FR,78.47,total postings,"IT Infrastructure, Operations & Support"
2020-04-15,FR,17.97,new postings,"IT Infrastructure, Operations & Support"
2020-04-16,FR,77.51,total postings,"IT Infrastructure, Operations & Support"
2020-04-16,FR,17.98,new postings,"IT Infrastructure, Operations & Support"
2020-04-17,FR,76.38,total postings,"IT Infrastructure, Operations & Support"
2020-04-17,FR,17.91,new postings,"IT Infrastructure, Operations & Support"
2020-04-18,FR,75.55,total postings,"IT Infrastructure, Operations & Support"
2020-04-18,FR,18.04,new postings,"IT Infrastructure, Operations & Support"
2020-04-19,FR,74.86,total postings,"IT Infrastructure, Operations & Support"
2020-04-19,FR,18.85,new postings,"IT Infrastructure, Operations & Support"
2020-04-20,FR,74.19,total postings,"IT Infrastructure, Operations & Support"
2020-04-20,FR,20.31,new postings,"IT Infrastructure, Operations & Support"
2020-04-21,FR,73.7,total postings,"IT Infrastructure, Operations & Support"
2020-04-21,FR,22.52,new postings,"IT Infrastructure, Operations & Support"
2020-04-22,FR,73.17,total postings,"IT Infrastructure, Operations & Support"
2020-04-22,FR,24.37,new postings,"IT Infrastructure, Operations & Support"
2020-04-23,FR,72.74,total postings,"IT Infrastructure, Operations & Support"
2020-04-23,FR,26.53,new postings,"IT Infrastructure, Operations & Support"
2020-04-24,FR,72.69,total postings,"IT Infrastructure, Operations & Support"
2020-04-24,FR,29.99,new postings,"IT Infrastructure, Operations & Support"
2020-04-25,FR,72.69,total postings,"IT Infrastructure, Operations & Support"
2020-04-25,FR,33.92,new postings,"IT Infrastructure, Operations & Support"
2020-04-26,FR,72.64,total postings,"IT Infrastructure, Operations & Support"
2020-04-26,FR,37.52,new postings,"IT Infrastructure, Operations & Support"
2020-04-27,FR,72.58,total postings,"IT Infrastructure, Operations & Support"
2020-04-27,FR,40.9,new postings,"IT Infrastructure, Operations & Support"
2020-04-28,FR,72.45,total postings,"IT Infrastructure, Operations & Support"
2020-04-28,FR,42.98,new postings,"IT Infrastructure, Operations & Support"
2020-04-29,FR,72.4,total postings,"IT Infrastructure, Operations & Support"
2020-04-29,FR,44.6,new postings,"IT Infrastructure, Operations & Support"
2020-04-30,FR,72.46,total postings,"IT Infrastructure, Operations & Support"
2020-04-30,FR,45.1,new postings,"IT Infrastructure, Operations & Support"
2020-05-01,FR,72.4,total postings,"IT Infrastructure, Operations & Support"
2020-05-01,FR,44.86,new postings,"IT Infrastructure, Operations & Support"
2020-05-02,FR,72.42,total postings,"IT Infrastructure, Operations & Support"
2020-05-02,FR,45.62,new postings,"IT Infrastructure, Operations & Support"
2020-05-03,FR,72.35,total postings,"IT Infrastructure, Operations & Support"
2020-05-03,FR,45.59,new postings,"IT Infrastructure, Operations & Support"
2020-05-04,FR,72.17,total postings,"IT Infrastructure, Operations & Support"
2020-05-04,FR,45.82,new postings,"IT Infrastructure, Operations & Support"
2020-05-05,FR,71.71,total postings,"IT Infrastructure, Operations & Support"
2020-05-05,FR,44.61,new postings,"IT Infrastructure, Operations & Support"
2020-05-06,FR,71.34,total postings,"IT Infrastructure, Operations & Support"
2020-05-06,FR,42.56,new postings,"IT Infrastructure, Operations & Support"
2020-05-07,FR,70.95,total postings,"IT Infrastructure, Operations & Support"
2020-05-07,FR,42.19,new postings,"IT Infrastructure, Operations & Support"
2020-05-08,FR,70.51,total postings,"IT Infrastructure, Operations & Support"
2020-05-08,FR,42.06,new postings,"IT Infrastructure, Operations & Support"
2020-05-09,FR,69.89,total postings,"IT Infrastructure, Operations & Support"
2020-05-09,FR,40.01,new postings,"IT Infrastructure, Operations & Support"
2020-05-10,FR,69.33,total postings,"IT Infrastructure, Operations & Support"
2020-05-10,FR,39.19,new postings,"IT Infrastructure, Operations & Support"
2020-05-11,FR,68.88,total postings,"IT Infrastructure, Operations & Support"
2020-05-11,FR,37.36,new postings,"IT Infrastructure, Operations & Support"
2020-05-12,FR,68.77,total postings,"IT Infrastructure, Operations & Support"
2020-05-12,FR,37.34,new postings,"IT Infrastructure, Operations & Support"
2020-05-13,FR,68.41,total postings,"IT Infrastructure, Operations & Support"
2020-05-13,FR,37.9,new postings,"IT Infrastructure, Operations & Support"
2020-05-14,FR,68.1,total postings,"IT Infrastructure, Operations & Support"
2020-05-14,FR,39.03,new postings,"IT Infrastructure, Operations & Support"
2020-05-15,FR,67.98,total postings,"IT Infrastructure, Operations & Support"
2020-05-15,FR,42.12,new postings,"IT Infrastructure, Operations & Support"
2020-05-16,FR,68.03,total postings,"IT Infrastructure, Operations & Support"
2020-05-16,FR,45.13,new postings,"IT Infrastructure, Operations & Support"
2020-05-17,FR,68.12,total postings,"IT Infrastructure, Operations & Support"
2020-05-17,FR,49.69,new postings,"IT Infrastructure, Operations & Support"
2020-05-18,FR,68.11,total postings,"IT Infrastructure, Operations & Support"
2020-05-18,FR,53.39,new postings,"IT Infrastructure, Operations & Support"
2020-05-19,FR,68.06,total postings,"IT Infrastructure, Operations & Support"
2020-05-19,FR,56.9,new postings,"IT Infrastructure, Operations & Support"
2020-05-20,FR,67.89,total postings,"IT Infrastructure, Operations & Support"
2020-05-20,FR,60.86,new postings,"IT Infrastructure, Operations & Support"
2020-05-21,FR,67.8,total postings,"IT Infrastructure, Operations & Support"
2020-05-21,FR,62.25,new postings,"IT Infrastructure, Operations & Support"
2020-05-22,FR,67.7,total postings,"IT Infrastructure, Operations & Support"
2020-05-22,FR,59.55,new postings,"IT Infrastructure, Operations & Support"
2020-05-23,FR,67.64,total postings,"IT Infrastructure, Operations & Support"
2020-05-23,FR,56.56,new postings,"IT Infrastructure, Operations & Support"
2020-05-24,FR,67.41,total postings,"IT Infrastructure, Operations & Support"
2020-05-24,FR,51.37,new postings,"IT Infrastructure, Operations & Support"
2020-05-25,FR,67.28,total postings,"IT Infrastructure, Operations & Support"
2020-05-25,FR,48.45,new postings,"IT Infrastructure, Operations & Support"
2020-05-26,FR,67.14,total postings,"IT Infrastructure, Operations & Support"
2020-05-26,FR,45.45,new postings,"IT Infrastructure, Operations & Support"
2020-05-27,FR,67.03,total postings,"IT Infrastructure, Operations & Support"
2020-05-27,FR,42.39,new postings,"IT Infrastructure, Operations & Support"
2020-05-28,FR,66.8,total postings,"IT Infrastructure, Operations & Support"
2020-05-28,FR,40.82,new postings,"IT Infrastructure, Operations & Support"
2020-05-29,FR,66.57,total postings,"IT Infrastructure, Operations & Support"
2020-05-29,FR,43.05,new postings,"IT Infrastructure, Operations & Support"
2020-05-30,FR,66.64,total postings,"IT Infrastructure, Operations & Support"
2020-05-30,FR,45.82,new postings,"IT Infrastructure, Operations & Support"
2020-05-31,FR,66.84,total postings,"IT Infrastructure, Operations & Support"
2020-05-31,FR,50.71,new postings,"IT Infrastructure, Operations & Support"
2020-06-01,FR,66.89,total postings,"IT Infrastructure, Operations & Support"
2020-06-01,FR,55.08,new postings,"IT Infrastructure, Operations & Support"
2020-06-02,FR,66.94,total postings,"IT Infrastructure, Operations & Support"
2020-06-02,FR,57.7,new postings,"IT Infrastructure, Operations & Support"
2020-06-03,FR,67.22,total postings,"IT Infrastructure, Operations & Support"
2020-06-03,FR,60.14,new postings,"IT Infrastructure, Operations & Support"
2020-06-04,FR,67.48,total postings,"IT Infrastructure, Operations & Support"
2020-06-04,FR,61.53,new postings,"IT Infrastructure, Operations & Support"
2020-06-05,FR,67.8,total postings,"IT Infrastructure, Operations & Support"
2020-06-05,FR,61.8,new postings,"IT Infrastructure, Operations & Support"
2020-06-06,FR,67.88,total postings,"IT Infrastructure, Operations & Support"
2020-06-06,FR,62.65,new postings,"IT Infrastructure, Operations & Support"
2020-06-07,FR,67.93,total postings,"IT Infrastructure, Operations & Support"
2020-06-07,FR,61.11,new postings,"IT Infrastructure, Operations & Support"
2020-06-08,FR,68.03,total postings,"IT Infrastructure, Operations & Support"
2020-06-08,FR,59.34,new postings,"IT Infrastructure, Operations & Support"
2020-06-09,FR,68.21,total postings,"IT Infrastructure, Operations & Support"
2020-06-09,FR,60.47,new postings,"IT Infrastructure, Operations & Support"
2020-06-10,FR,68.61,total postings,"IT Infrastructure, Operations & Support"
2020-06-10,FR,62.3,new postings,"IT Infrastructure, Operations & Support"
2020-06-11,FR,69.06,total postings,"IT Infrastructure, Operations & Support"
2020-06-11,FR,65.71,new postings,"IT Infrastructure, Operations & Support"
2020-06-12,FR,69.39,total postings,"IT Infrastructure, Operations & Support"
2020-06-12,FR,68.17,new postings,"IT Infrastructure, Operations & Support"
2020-06-13,FR,69.7,total postings,"IT Infrastructure, Operations & Support"
2020-06-13,FR,69.6,new postings,"IT Infrastructure, Operations & Support"
2020-06-14,FR,70.05,total postings,"IT Infrastructure, Operations & Support"
2020-06-14,FR,71.22,new postings,"IT Infrastructure, Operations & Support"
2020-06-15,FR,70.35,total postings,"IT Infrastructure, Operations & Support"
2020-06-15,FR,72.75,new postings,"IT Infrastructure, Operations & Support"
2020-06-16,FR,70.4,total postings,"IT Infrastructure, Operations & Support"
2020-06-16,FR,73.01,new postings,"IT Infrastructure, Operations & Support"
2020-06-17,FR,70.11,total postings,"IT Infrastructure, Operations & Support"
2020-06-17,FR,71.62,new postings,"IT Infrastructure, Operations & Support"
2020-06-18,FR,69.84,total postings,"IT Infrastructure, Operations & Support"
2020-06-18,FR,68.74,new postings,"IT Infrastructure, Operations & Support"
2020-06-19,FR,69.54,total postings,"IT Infrastructure, Operations & Support"
2020-06-19,FR,66.57,new postings,"IT Infrastructure, Operations & Support"
2020-06-20,FR,69.27,total postings,"IT Infrastructure, Operations & Support"
2020-06-20,FR,64.3,new postings,"IT Infrastructure, Operations & Support"
2020-06-21,FR,68.98,total postings,"IT Infrastructure, Operations & Support"
2020-06-21,FR,62.28,new postings,"IT Infrastructure, Operations & Support"
2020-06-22,FR,68.73,total postings,"IT Infrastructure, Operations & Support"
2020-06-22,FR,60.99,new postings,"IT Infrastructure, Operations & Support"
2020-06-23,FR,68.72,total postings,"IT Infrastructure, Operations & Support"
2020-06-23,FR,59.27,new postings,"IT Infrastructure, Operations & Support"
2020-06-24,FR,68.9,total postings,"IT Infrastructure, Operations & Support"
2020-06-24,FR,59.54,new postings,"IT Infrastructure, Operations & Support"
2020-06-25,FR,69.08,total postings,"IT Infrastructure, Operations & Support"
2020-06-25,FR,61.17,new postings,"IT Infrastructure, Operations & Support"
2020-06-26,FR,69.29,total postings,"IT Infrastructure, Operations & Support"
2020-06-26,FR,62.72,new postings,"IT Infrastructure, Operations & Support"
2020-06-27,FR,69.48,total postings,"IT Infrastructure, Operations & Support"
2020-06-27,FR,66.08,new postings,"IT Infrastructure, Operations & Support"
2020-06-28,FR,69.63,total postings,"IT Infrastructure, Operations & Support"
2020-06-28,FR,69.65,new postings,"IT Infrastructure, Operations & Support"
2020-06-29,FR,69.75,total postings,"IT Infrastructure, Operations & Support"
2020-06-29,FR,72.49,new postings,"IT Infrastructure, Operations & Support"
2020-06-30,FR,69.76,total postings,"IT Infrastructure, Operations & Support"
2020-06-30,FR,74.82,new postings,"IT Infrastructure, Operations & Support"
2020-07-01,FR,69.68,total postings,"IT Infrastructure, Operations & Support"
2020-07-01,FR,76.7,new postings,"IT Infrastructure, Operations & Support"
2020-07-02,FR,69.61,total postings,"IT Infrastructure, Operations & Support"
2020-07-02,FR,77.49,new postings,"IT Infrastructure, Operations & Support"
2020-07-03,FR,69.56,total postings,"IT Infrastructure, Operations & Support"
2020-07-03,FR,77.77,new postings,"IT Infrastructure, Operations & Support"
2020-07-04,FR,69.41,total postings,"IT Infrastructure, Operations & Support"
2020-07-04,FR,76.85,new postings,"IT Infrastructure, Operations & Support"
2020-07-05,FR,69.34,total postings,"IT Infrastructure, Operations & Support"
2020-07-05,FR,76.07,new postings,"IT Infrastructure, Operations & Support"
2020-07-06,FR,69.22,total postings,"IT Infrastructure, Operations & Support"
2020-07-06,FR,75.25,new postings,"IT Infrastructure, Operations & Support"
2020-07-07,FR,68.91,total postings,"IT Infrastructure, Operations & Support"
2020-07-07,FR,74.41,new postings,"IT Infrastructure, Operations & Support"
2020-07-08,FR,68.92,total postings,"IT Infrastructure, Operations & Support"
2020-07-08,FR,73.13,new postings,"IT Infrastructure, Operations & Support"
2020-07-09,FR,68.68,total postings,"IT Infrastructure, Operations & Support"
2020-07-09,FR,71.94,new postings,"IT Infrastructure, Operations & Support"
2020-07-10,FR,68.17,total postings,"IT Infrastructure, Operations & Support"
2020-07-10,FR,71.09,new postings,"IT Infrastructure, Operations & Support"
2020-07-11,FR,67.49,total postings,"IT Infrastructure, Operations & Support"
2020-07-11,FR,70.9,new postings,"IT Infrastructure, Operations & Support"
2020-07-12,FR,66.81,total postings,"IT Infrastructure, Operations & Support"
2020-07-12,FR,70.23,new postings,"IT Infrastructure, Operations & Support"
2020-07-13,FR,66.19,total postings,"IT Infrastructure, Operations & Support"
2020-07-13,FR,69.51,new postings,"IT Infrastructure, Operations & Support"
2020-07-14,FR,65.83,total postings,"IT Infrastructure, Operations & Support"
2020-07-14,FR,69.61,new postings,"IT Infrastructure, Operations & Support"
2020-07-15,FR,65.35,total postings,"IT Infrastructure, Operations & Support"
2020-07-15,FR,69.82,new postings,"IT Infrastructure, Operations & Support"
2020-07-16,FR,64.97,total postings,"IT Infrastructure, Operations & Support"
2020-07-16,FR,69.69,new postings,"IT Infrastructure, Operations & Support"
2020-07-17,FR,64.88,total postings,"IT Infrastructure, Operations & Support"
2020-07-17,FR,69.87,new postings,"IT Infrastructure, Operations & Support"
2020-07-18,FR,65.08,total postings,"IT Infrastructure, Operations & Support"
2020-07-18,FR,69.2,new postings,"IT Infrastructure, Operations & Support"
2020-07-19,FR,65.26,total postings,"IT Infrastructure, Operations & Support"
2020-07-19,FR,68.61,new postings,"IT Infrastructure, Operations & Support"
2020-07-20,FR,65.63,total postings,"IT Infrastructure, Operations & Support"
2020-07-20,FR,68.68,new postings,"IT Infrastructure, Operations & Support"
2020-07-21,FR,65.98,total postings,"IT Infrastructure, Operations & Support"
2020-07-21,FR,69.47,new postings,"IT Infrastructure, Operations & Support"
2020-07-22,FR,66.2,total postings,"IT Infrastructure, Operations & Support"
2020-07-22,FR,69.94,new postings,"IT Infrastructure, Operations & Support"
2020-07-23,FR,66.52,total postings,"IT Infrastructure, Operations & Support"
2020-07-23,FR,70.46,new postings,"IT Infrastructure, Operations & Support"
2020-07-24,FR,66.87,total postings,"IT Infrastructure, Operations & Support"
2020-07-24,FR,70.63,new postings,"IT Infrastructure, Operations & Support"
2020-07-25,FR,67.16,total postings,"IT Infrastructure, Operations & Support"
2020-07-25,FR,71.52,new postings,"IT Infrastructure, Operations & Support"
2020-07-26,FR,67.39,total postings,"IT Infrastructure, Operations & Support"
2020-07-26,FR,72.72,new postings,"IT Infrastructure, Operations & Support"
2020-07-27,FR,67.44,total postings,"IT Infrastructure, Operations & Support"
2020-07-27,FR,73.58,new postings,"IT Infrastructure, Operations & Support"
2020-07-28,FR,67.46,total postings,"IT Infrastructure, Operations & Support"
2020-07-28,FR,73.48,new postings,"IT Infrastructure, Operations & Support"
2020-07-29,FR,67.47,total postings,"IT Infrastructure, Operations & Support"
2020-07-29,FR,73.23,new postings,"IT Infrastructure, Operations & Support"
2020-07-30,FR,67.43,total postings,"IT Infrastructure, Operations & Support"
2020-07-30,FR,73.54,new postings,"IT Infrastructure, Operations & Support"
2020-07-31,FR,67.42,total postings,"IT Infrastructure, Operations & Support"
2020-07-31,FR,73.67,new postings,"IT Infrastructure, Operations & Support"
2020-08-01,FR,67.44,total postings,"IT Infrastructure, Operations & Support"
2020-08-01,FR,73.47,new postings,"IT Infrastructure, Operations & Support"
2020-08-02,FR,67.4,total postings,"IT Infrastructure, Operations & Support"
2020-08-02,FR,73.14,new postings,"IT Infrastructure, Operations & Support"
2020-08-03,FR,67.54,total postings,"IT Infrastructure, Operations & Support"
2020-08-03,FR,72.76,new postings,"IT Infrastructure, Operations & Support"
2020-08-04,FR,67.95,total postings,"IT Infrastructure, Operations & Support"
2020-08-04,FR,73.67,new postings,"IT Infrastructure, Operations & Support"
2020-08-05,FR,68.77,total postings,"IT Infrastructure, Operations & Support"
2020-08-05,FR,75.27,new postings,"IT Infrastructure, Operations & Support"
2020-08-06,FR,69.89,total postings,"IT Infrastructure, Operations & Support"
2020-08-06,FR,76.62,new postings,"IT Infrastructure, Operations & Support"
2020-08-07,FR,70.94,total postings,"IT Infrastructure, Operations & Support"
2020-08-07,FR,77.25,new postings,"IT Infrastructure, Operations & Support"
2020-08-08,FR,72.09,total postings,"IT Infrastructure, Operations & Support"
2020-08-08,FR,79.37,new postings,"IT Infrastructure, Operations & Support"
2020-08-09,FR,73.19,total postings,"IT Infrastructure, Operations & Support"
2020-08-09,FR,81.16,new postings,"IT Infrastructure, Operations & Support"
2020-08-10,FR,74.18,total postings,"IT Infrastructure, Operations & Support"
2020-08-10,FR,82.9,new postings,"IT Infrastructure, Operations & Support"
2020-08-11,FR,74.92,total postings,"IT Infrastructure, Operations & Support"
2020-08-11,FR,82.96,new postings,"IT Infrastructure, Operations & Support"
2020-08-12,FR,75.3,total postings,"IT Infrastructure, Operations & Support"
2020-08-12,FR,82.99,new postings,"IT Infrastructure, Operations & Support"
2020-08-13,FR,75.78,total postings,"IT Infrastructure, Operations & Support"
2020-08-13,FR,83.72,new postings,"IT Infrastructure, Operations & Support"
2020-08-14,FR,76.06,total postings,"IT Infrastructure, Operations & Support"
2020-08-14,FR,85.66,new postings,"IT Infrastructure, Operations & Support"
2020-08-15,FR,76.2,total postings,"IT Infrastructure, Operations & Support"
2020-08-15,FR,86.44,new postings,"IT Infrastructure, Operations & Support"
2020-08-16,FR,76.71,total postings,"IT Infrastructure, Operations & Support"
2020-08-16,FR,88.37,new postings,"IT Infrastructure, Operations & Support"
2020-08-17,FR,77.31,total postings,"IT Infrastructure, Operations & Support"
2020-08-17,FR,89.29,new postings,"IT Infrastructure, Operations & Support"
2020-08-18,FR,77.83,total postings,"IT Infrastructure, Operations & Support"
2020-08-18,FR,90.98,new postings,"IT Infrastructure, Operations & Support"
2020-08-19,FR,78.24,total postings,"IT Infrastructure, Operations & Support"
2020-08-19,FR,92.32,new postings,"IT Infrastructure, Operations & Support"
2020-08-20,FR,78.37,total postings,"IT Infrastructure, Operations & Support"
2020-08-20,FR,92.71,new postings,"IT Infrastructure, Operations & Support"
2020-08-21,FR,78.68,total postings,"IT Infrastructure, Operations & Support"
2020-08-21,FR,91.51,new postings,"IT Infrastructure, Operations & Support"
2020-08-22,FR,78.98,total postings,"IT Infrastructure, Operations & Support"
2020-08-22,FR,90.13,new postings,"IT Infrastructure, Operations & Support"
2020-08-23,FR,79.13,total postings,"IT Infrastructure, Operations & Support"
2020-08-23,FR,87.53,new postings,"IT Infrastructure, Operations & Support"
2020-08-24,FR,79.13,total postings,"IT Infrastructure, Operations & Support"
2020-08-24,FR,84.92,new postings,"IT Infrastructure, Operations & Support"
2020-08-25,FR,79.22,total postings,"IT Infrastructure, Operations & Support"
2020-08-25,FR,81.82,new postings,"IT Infrastructure, Operations & Support"
2020-08-26,FR,79.44,total postings,"IT Infrastructure, Operations & Support"
2020-08-26,FR,79.09,new postings,"IT Infrastructure, Operations & Support"
2020-08-27,FR,79.5,total postings,"IT Infrastructure, Operations & Support"
2020-08-27,FR,76.46,new postings,"IT Infrastructure, Operations & Support"
2020-08-28,FR,79.57,total postings,"IT Infrastructure, Operations & Support"
2020-08-28,FR,76.39,new postings,"IT Infrastructure, Operations & Support"
2020-08-29,FR,79.73,total postings,"IT Infrastructure, Operations & Support"
2020-08-29,FR,76.43,new postings,"IT Infrastructure, Operations & Support"
2020-08-30,FR,79.83,total postings,"IT Infrastructure, Operations & Support"
2020-08-30,FR,76.83,new postings,"IT Infrastructure, Operations & Support"
2020-08-31,FR,79.91,total postings,"IT Infrastructure, Operations & Support"
2020-08-31,FR,78.17,new postings,"IT Infrastructure, Operations & Support"
2020-09-01,FR,79.89,total postings,"IT Infrastructure, Operations & Support"
2020-09-01,FR,79.68,new postings,"IT Infrastructure, Operations & Support"
2020-09-02,FR,79.8,total postings,"IT Infrastructure, Operations & Support"
2020-09-02,FR,80.35,new postings,"IT Infrastructure, Operations & Support"
2020-09-03,FR,79.81,total postings,"IT Infrastructure, Operations & Support"
2020-09-03,FR,81.65,new postings,"IT Infrastructure, Operations & Support"
2020-09-04,FR,79.89,total postings,"IT Infrastructure, Operations & Support"
2020-09-04,FR,81.16,new postings,"IT Infrastructure, Operations & Support"
2020-09-05,FR,79.93,total postings,"IT Infrastructure, Operations & Support"
2020-09-05,FR,81.35,new postings,"IT Infrastructure, Operations & Support"
2020-09-06,FR,79.98,total postings,"IT Infrastructure, Operations & Support"
2020-09-06,FR,81.1,new postings,"IT Infrastructure, Operations & Support"
2020-09-07,FR,80.09,total postings,"IT Infrastructure, Operations & Support"
2020-09-07,FR,80.56,new postings,"IT Infrastructure, Operations & Support"
2020-09-08,FR,80.2,total postings,"IT Infrastructure, Operations & Support"
2020-09-08,FR,80.32,new postings,"IT Infrastructure, Operations & Support"
2020-09-09,FR,80.26,total postings,"IT Infrastructure, Operations & Support"
2020-09-09,FR,80.45,new postings,"IT Infrastructure, Operations & Support"
2020-09-10,FR,80.34,total postings,"IT Infrastructure, Operations & Support"
2020-09-10,FR,79.85,new postings,"IT Infrastructure, Operations & Support"
2020-09-11,FR,80.3,total postings,"IT Infrastructure, Operations & Support"
2020-09-11,FR,79.63,new postings,"IT Infrastructure, Operations & Support"
2020-09-12,FR,80.35,total postings,"IT Infrastructure, Operations & Support"
2020-09-12,FR,78.86,new postings,"IT Infrastructure, Operations & Support"
2020-09-13,FR,80.33,total postings,"IT Infrastructure, Operations & Support"
2020-09-13,FR,78.35,new postings,"IT Infrastructure, Operations & Support"
2020-09-14,FR,80.26,total postings,"IT Infrastructure, Operations & Support"
2020-09-14,FR,77.82,new postings,"IT Infrastructure, Operations & Support"
2020-09-15,FR,80.22,total postings,"IT Infrastructure, Operations & Support"
2020-09-15,FR,77.58,new postings,"IT Infrastructure, Operations & Support"
2020-09-16,FR,80.15,total postings,"IT Infrastructure, Operations & Support"
2020-09-16,FR,76.51,new postings,"IT Infrastructure, Operations & Support"
2020-09-17,FR,80.09,total postings,"IT Infrastructure, Operations & Support"
2020-09-17,FR,76.39,new postings,"IT Infrastructure, Operations & Support"
2020-09-18,FR,80.15,total postings,"IT Infrastructure, Operations & Support"
2020-09-18,FR,77.05,new postings,"IT Infrastructure, Operations & Support"
2020-09-19,FR,80.13,total postings,"IT Infrastructure, Operations & Support"
2020-09-19,FR,77.44,new postings,"IT Infrastructure, Operations & Support"
2020-09-20,FR,80.16,total postings,"IT Infrastructure, Operations & Support"
2020-09-20,FR,77.76,new postings,"IT Infrastructure, Operations & Support"
2020-09-21,FR,80.1,total postings,"IT Infrastructure, Operations & Support"
2020-09-21,FR,77.79,new postings,"IT Infrastructure, Operations & Support"
2020-09-22,FR,80.06,total postings,"IT Infrastructure, Operations & Support"
2020-09-22,FR,77.63,new postings,"IT Infrastructure, Operations & Support"
2020-09-23,FR,79.98,total postings,"IT Infrastructure, Operations & Support"
2020-09-23,FR,78.31,new postings,"IT Infrastructure, Operations & Support"
2020-09-24,FR,79.79,total postings,"IT Infrastructure, Operations & Support"
2020-09-24,FR,78.71,new postings,"IT Infrastructure, Operations & Support"
2020-09-25,FR,79.66,total postings,"IT Infrastructure, Operations & Support"
2020-09-25,FR,78.3,new postings,"IT Infrastructure, Operations & Support"
2020-09-26,FR,79.45,total postings,"IT Infrastructure, Operations & Support"
2020-09-26,FR,78.23,new postings,"IT Infrastructure, Operations & Support"
2020-09-27,FR,79.34,total postings,"IT Infrastructure, Operations & Support"
2020-09-27,FR,78.61,new postings,"IT Infrastructure, Operations & Support"
2020-09-28,FR,79.39,total postings,"IT Infrastructure, Operations & Support"
2020-09-28,FR,79.34,new postings,"IT Infrastructure, Operations & Support"
2020-09-29,FR,79.44,total postings,"IT Infrastructure, Operations & Support"
2020-09-29,FR,78.96,new postings,"IT Infrastructure, Operations & Support"
2020-09-30,FR,79.41,total postings,"IT Infrastructure, Operations & Support"
2020-09-30,FR,78.19,new postings,"IT Infrastructure, Operations & Support"
2020-10-01,FR,79.35,total postings,"IT Infrastructure, Operations & Support"
2020-10-01,FR,77.3,new postings,"IT Infrastructure, Operations & Support"
2020-10-02,FR,79.14,total postings,"IT Infrastructure, Operations & Support"
2020-10-02,FR,76.14,new postings,"IT Infrastructure, Operations & Support"
2020-10-03,FR,79.17,total postings,"IT Infrastructure, Operations & Support"
2020-10-03,FR,75.69,new postings,"IT Infrastructure, Operations & Support"
2020-10-04,FR,79.01,total postings,"IT Infrastructure, Operations & Support"
2020-10-04,FR,74.62,new postings,"IT Infrastructure, Operations & Support"
2020-10-05,FR,78.76,total postings,"IT Infrastructure, Operations & Support"
2020-10-05,FR,74.06,new postings,"IT Infrastructure, Operations & Support"
2020-10-06,FR,78.6,total postings,"IT Infrastructure, Operations & Support"
2020-10-06,FR,74.87,new postings,"IT Infrastructure, Operations & Support"
2020-10-07,FR,78.75,total postings,"IT Infrastructure, Operations & Support"
2020-10-07,FR,77.24,new postings,"IT Infrastructure, Operations & Support"
2020-10-08,FR,79.01,total postings,"IT Infrastructure, Operations & Support"
2020-10-08,FR,79.97,new postings,"IT Infrastructure, Operations & Support"
2020-10-09,FR,79.3,total postings,"IT Infrastructure, Operations & Support"
2020-10-09,FR,82.63,new postings,"IT Infrastructure, Operations & Support"
2020-10-10,FR,79.59,total postings,"IT Infrastructure, Operations & Support"
2020-10-10,FR,83.89,new postings,"IT Infrastructure, Operations & Support"
2020-10-11,FR,80.04,total postings,"IT Infrastructure, Operations & Support"
2020-10-11,FR,85.59,new postings,"IT Infrastructure, Operations & Support"
2020-10-12,FR,80.41,total postings,"IT Infrastructure, Operations & Support"
2020-10-12,FR,86.67,new postings,"IT Infrastructure, Operations & Support"
2020-10-13,FR,80.57,total postings,"IT Infrastructure, Operations & Support"
2020-10-13,FR,86.64,new postings,"IT Infrastructure, Operations & Support"
2020-10-14,FR,80.59,total postings,"IT Infrastructure, Operations & Support"
2020-10-14,FR,85.86,new postings,"IT Infrastructure, Operations & Support"
2020-10-15,FR,80.75,total postings,"IT Infrastructure, Operations & Support"
2020-10-15,FR,85.13,new postings,"IT Infrastructure, Operations & Support"
2020-10-16,FR,80.7,total postings,"IT Infrastructure, Operations & Support"
2020-10-16,FR,84.48,new postings,"IT Infrastructure, Operations & Support"
2020-10-17,FR,80.49,total postings,"IT Infrastructure, Operations & Support"
2020-10-17,FR,84.1,new postings,"IT Infrastructure, Operations & Support"
2020-10-18,FR,80.3,total postings,"IT Infrastructure, Operations & Support"
2020-10-18,FR,84.31,new postings,"IT Infrastructure, Operations & Support"
2020-10-19,FR,80.16,total postings,"IT Infrastructure, Operations & Support"
2020-10-19,FR,84.45,new postings,"IT Infrastructure, Operations & Support"
2020-10-20,FR,80.2,total postings,"IT Infrastructure, Operations & Support"
2020-10-20,FR,85.2,new postings,"IT Infrastructure, Operations & Support"
2020-10-21,FR,80.33,total postings,"IT Infrastructure, Operations & Support"
2020-10-21,FR,84.59,new postings,"IT Infrastructure, Operations & Support"
2020-10-22,FR,80.22,total postings,"IT Infrastructure, Operations & Support"
2020-10-22,FR,82.94,new postings,"IT Infrastructure, Operations & Support"
2020-10-23,FR,80.13,total postings,"IT Infrastructure, Operations & Support"
2020-10-23,FR,81.06,new postings,"IT Infrastructure, Operations & Support"
2020-10-24,FR,80.26,total postings,"IT Infrastructure, Operations & Support"
2020-10-24,FR,79.96,new postings,"IT Infrastructure, Operations & Support"
2020-10-25,FR,80.21,total postings,"IT Infrastructure, Operations & Support"
2020-10-25,FR,77.86,new postings,"IT Infrastructure, Operations & Support"
2020-10-26,FR,80.23,total postings,"IT Infrastructure, Operations & Support"
2020-10-26,FR,75.94,new postings,"IT Infrastructure, Operations & Support"
2020-10-27,FR,80.36,total postings,"IT Infrastructure, Operations & Support"
2020-10-27,FR,74.56,new postings,"IT Infrastructure, Operations & Support"
2020-10-28,FR,80.45,total postings,"IT Infrastructure, Operations & Support"
2020-10-28,FR,74.3,new postings,"IT Infrastructure, Operations & Support"
2020-10-29,FR,80.61,total postings,"IT Infrastructure, Operations & Support"
2020-10-29,FR,74.72,new postings,"IT Infrastructure, Operations & Support"
2020-10-30,FR,80.83,total postings,"IT Infrastructure, Operations & Support"
2020-10-30,FR,75.38,new postings,"IT Infrastructure, Operations & Support"
2020-10-31,FR,80.69,total postings,"IT Infrastructure, Operations & Support"
2020-10-31,FR,73.98,new postings,"IT Infrastructure, Operations & Support"
2020-11-01,FR,80.55,total postings,"IT Infrastructure, Operations & Support"
2020-11-01,FR,73.88,new postings,"IT Infrastructure, Operations & Support"
2020-11-02,FR,80.53,total postings,"IT Infrastructure, Operations & Support"
2020-11-02,FR,75.65,new postings,"IT Infrastructure, Operations & Support"
2020-11-03,FR,80.44,total postings,"IT Infrastructure, Operations & Support"
2020-11-03,FR,76.28,new postings,"IT Infrastructure, Operations & Support"
2020-11-04,FR,80.13,total postings,"IT Infrastructure, Operations & Support"
2020-11-04,FR,76.41,new postings,"IT Infrastructure, Operations & Support"
2020-11-05,FR,79.92,total postings,"IT Infrastructure, Operations & Support"
2020-11-05,FR,76.75,new postings,"IT Infrastructure, Operations & Support"
2020-11-06,FR,79.65,total postings,"IT Infrastructure, Operations & Support"
2020-11-06,FR,77.22,new postings,"IT Infrastructure, Operations & Support"
2020-11-07,FR,79.53,total postings,"IT Infrastructure, Operations & Support"
2020-11-07,FR,79.93,new postings,"IT Infrastructure, Operations & Support"
2020-11-08,FR,79.41,total postings,"IT Infrastructure, Operations & Support"
2020-11-08,FR,81.84,new postings,"IT Infrastructure, Operations & Support"
2020-11-09,FR,79.19,total postings,"IT Infrastructure, Operations & Support"
2020-11-09,FR,79.82,new postings,"IT Infrastructure, Operations & Support"
2020-11-10,FR,78.95,total postings,"IT Infrastructure, Operations & Support"
2020-11-10,FR,78.44,new postings,"IT Infrastructure, Operations & Support"
2020-11-11,FR,78.82,total postings,"IT Infrastructure, Operations & Support"
2020-11-11,FR,78.05,new postings,"IT Infrastructure, Operations & Support"
2020-11-12,FR,78.58,total postings,"IT Infrastructure, Operations & Support"
2020-11-12,FR,77.2,new postings,"IT Infrastructure, Operations & Support"
2020-11-13,FR,78.49,total postings,"IT Infrastructure, Operations & Support"
2020-11-13,FR,76.19,new postings,"IT Infrastructure, Operations & Support"
2020-11-14,FR,78.13,total postings,"IT Infrastructure, Operations & Support"
2020-11-14,FR,74.49,new postings,"IT Infrastructure, Operations & Support"
2020-11-15,FR,78.08,total postings,"IT Infrastructure, Operations & Support"
2020-11-15,FR,73.04,new postings,"IT Infrastructure, Operations & Support"
2020-11-16,FR,78.03,total postings,"IT Infrastructure, Operations & Support"
2020-11-16,FR,73.8,new postings,"IT Infrastructure, Operations & Support"
2020-11-17,FR,77.98,total postings,"IT Infrastructure, Operations & Support"
2020-11-17,FR,74.4,new postings,"IT Infrastructure, Operations & Support"
2020-11-18,FR,78.05,total postings,"IT Infrastructure, Operations & Support"
2020-11-18,FR,75.09,new postings,"IT Infrastructure, Operations & Support"
2020-11-19,FR,78.0,total postings,"IT Infrastructure, Operations & Support"
2020-11-19,FR,75.45,new postings,"IT Infrastructure, Operations & Support"
2020-11-20,FR,78.13,total postings,"IT Infrastructure, Operations & Support"
2020-11-20,FR,76.33,new postings,"IT Infrastructure, Operations & Support"
2020-11-21,FR,78.49,total postings,"IT Infrastructure, Operations & Support"
2020-11-21,FR,76.45,new postings,"IT Infrastructure, Operations & Support"
2020-11-22,FR,78.63,total postings,"IT Infrastructure, Operations & Support"
2020-11-22,FR,76.16,new postings,"IT Infrastructure, Operations & Support"
2020-11-23,FR,78.85,total postings,"IT Infrastructure, Operations & Support"
2020-11-23,FR,76.08,new postings,"IT Infrastructure, Operations & Support"
2020-11-24,FR,78.94,total postings,"IT Infrastructure, Operations & Support"
2020-11-24,FR,75.69,new postings,"IT Infrastructure, Operations & Support"
2020-11-25,FR,78.83,total postings,"IT Infrastructure, Operations & Support"
2020-11-25,FR,74.4,new postings,"IT Infrastructure, Operations & Support"
2020-11-26,FR,78.89,total postings,"IT Infrastructure, Operations & Support"
2020-11-26,FR,73.14,new postings,"IT Infrastructure, Operations & Support"
2020-11-27,FR,78.75,total postings,"IT Infrastructure, Operations & Support"
2020-11-27,FR,71.11,new postings,"IT Infrastructure, Operations & Support"
2020-11-28,FR,78.65,total postings,"IT Infrastructure, Operations & Support"
2020-11-28,FR,70.34,new postings,"IT Infrastructure, Operations & Support"
2020-11-29,FR,78.48,total postings,"IT Infrastructure, Operations & Support"
2020-11-29,FR,69.65,new postings,"IT Infrastructure, Operations & Support"
2020-11-30,FR,78.2,total postings,"IT Infrastructure, Operations & Support"
2020-11-30,FR,69.23,new postings,"IT Infrastructure, Operations & Support"
2020-12-01,FR,78.16,total postings,"IT Infrastructure, Operations & Support"
2020-12-01,FR,68.89,new postings,"IT Infrastructure, Operations & Support"
2020-12-02,FR,78.15,total postings,"IT Infrastructure, Operations & Support"
2020-12-02,FR,68.68,new postings,"IT Infrastructure, Operations & Support"
2020-12-03,FR,78.07,total postings,"IT Infrastructure, Operations & Support"
2020-12-03,FR,68.53,new postings,"IT Infrastructure, Operations & Support"
2020-12-04,FR,78.06,total postings,"IT Infrastructure, Operations & Support"
2020-12-04,FR,68.74,new postings,"IT Infrastructure, Operations & Support"
2020-12-05,FR,78.15,total postings,"IT Infrastructure, Operations & Support"
2020-12-05,FR,68.19,new postings,"IT Infrastructure, Operations & Support"
2020-12-06,FR,78.26,total postings,"IT Infrastructure, Operations & Support"
2020-12-06,FR,67.32,new postings,"IT Infrastructure, Operations & Support"
2020-12-07,FR,78.47,total postings,"IT Infrastructure, Operations & Support"
2020-12-07,FR,66.06,new postings,"IT Infrastructure, Operations & Support"
2020-12-08,FR,78.44,total postings,"IT Infrastructure, Operations & Support"
2020-12-08,FR,64.89,new postings,"IT Infrastructure, Operations & Support"
2020-12-09,FR,78.59,total postings,"IT Infrastructure, Operations & Support"
2020-12-09,FR,64.86,new postings,"IT Infrastructure, Operations & Support"
2020-12-10,FR,78.75,total postings,"IT Infrastructure, Operations & Support"
2020-12-10,FR,65.62,new postings,"IT Infrastructure, Operations & Support"
2020-12-11,FR,78.98,total postings,"IT Infrastructure, Operations & Support"
2020-12-11,FR,67.01,new postings,"IT Infrastructure, Operations & Support"
2020-12-12,FR,78.97,total postings,"IT Infrastructure, Operations & Support"
2020-12-12,FR,68.62,new postings,"IT Infrastructure, Operations & Support"
2020-12-13,FR,78.99,total postings,"IT Infrastructure, Operations & Support"
2020-12-13,FR,70.52,new postings,"IT Infrastructure, Operations & Support"
2020-12-14,FR,79.22,total postings,"IT Infrastructure, Operations & Support"
2020-12-14,FR,73.18,new postings,"IT Infrastructure, Operations & Support"
2020-12-15,FR,79.24,total postings,"IT Infrastructure, Operations & Support"
2020-12-15,FR,75.89,new postings,"IT Infrastructure, Operations & Support"
2020-12-16,FR,79.17,total postings,"IT Infrastructure, Operations & Support"
2020-12-16,FR,77.36,new postings,"IT Infrastructure, Operations & Support"
2020-12-17,FR,78.96,total postings,"IT Infrastructure, Operations & Support"
2020-12-17,FR,78.41,new postings,"IT Infrastructure, Operations & Support"
2020-12-18,FR,78.73,total postings,"IT Infrastructure, Operations & Support"
2020-12-18,FR,79.1,new postings,"IT Infrastructure, Operations & Support"
2020-12-19,FR,78.53,total postings,"IT Infrastructure, Operations & Support"
2020-12-19,FR,78.88,new postings,"IT Infrastructure, Operations & Support"
2020-12-20,FR,78.4,total postings,"IT Infrastructure, Operations & Support"
2020-12-20,FR,78.97,new postings,"IT Infrastructure, Operations & Support"
2020-12-21,FR,78.04,total postings,"IT Infrastructure, Operations & Support"
2020-12-21,FR,78.05,new postings,"IT Infrastructure, Operations & Support"
2020-12-22,FR,78.05,total postings,"IT Infrastructure, Operations & Support"
2020-12-22,FR,77.77,new postings,"IT Infrastructure, Operations & Support"
2020-12-23,FR,78.03,total postings,"IT Infrastructure, Operations & Support"
2020-12-23,FR,77.8,new postings,"IT Infrastructure, Operations & Support"
2020-12-24,FR,78.09,total postings,"IT Infrastructure, Operations & Support"
2020-12-24,FR,78.41,new postings,"IT Infrastructure, Operations & Support"
2020-12-25,FR,78.16,total postings,"IT Infrastructure, Operations & Support"
2020-12-25,FR,78.8,new postings,"IT Infrastructure, Operations & Support"
2020-12-26,FR,78.17,total postings,"IT Infrastructure, Operations & Support"
2020-12-26,FR,79.66,new postings,"IT Infrastructure, Operations & Support"
2020-12-27,FR,78.25,total postings,"IT Infrastructure, Operations & Support"
2020-12-27,FR,81.05,new postings,"IT Infrastructure, Operations & Support"
2020-12-28,FR,78.33,total postings,"IT Infrastructure, Operations & Support"
2020-12-28,FR,82.91,new postings,"IT Infrastructure, Operations & Support"
2020-12-29,FR,78.33,total postings,"IT Infrastructure, Operations & Support"
2020-12-29,FR,83.85,new postings,"IT Infrastructure, Operations & Support"
2020-12-30,FR,78.39,total postings,"IT Infrastructure, Operations & Support"
2020-12-30,FR,84.58,new postings,"IT Infrastructure, Operations & Support"
2020-12-31,FR,78.38,total postings,"IT Infrastructure, Operations & Support"
2020-12-31,FR,83.18,new postings,"IT Infrastructure, Operations & Support"
2021-01-01,FR,78.34,total postings,"IT Infrastructure, Operations & Support"
2021-01-01,FR,83.57,new postings,"IT Infrastructure, Operations & Support"
2021-01-02,FR,78.44,total postings,"IT Infrastructure, Operations & Support"
2021-01-02,FR,84.03,new postings,"IT Infrastructure, Operations & Support"
2021-01-03,FR,78.38,total postings,"IT Infrastructure, Operations & Support"
2021-01-03,FR,82.87,new postings,"IT Infrastructure, Operations & Support"
2021-01-04,FR,78.19,total postings,"IT Infrastructure, Operations & Support"
2021-01-04,FR,79.23,new postings,"IT Infrastructure, Operations & Support"
2021-01-05,FR,78.02,total postings,"IT Infrastructure, Operations & Support"
2021-01-05,FR,77.42,new postings,"IT Infrastructure, Operations & Support"
2021-01-06,FR,78.09,total postings,"IT Infrastructure, Operations & Support"
2021-01-06,FR,76.35,new postings,"IT Infrastructure, Operations & Support"
2021-01-07,FR,78.29,total postings,"IT Infrastructure, Operations & Support"
2021-01-07,FR,76.56,new postings,"IT Infrastructure, Operations & Support"
2021-01-08,FR,78.38,total postings,"IT Infrastructure, Operations & Support"
2021-01-08,FR,75.1,new postings,"IT Infrastructure, Operations & Support"
2021-01-09,FR,78.49,total postings,"IT Infrastructure, Operations & Support"
2021-01-09,FR,74.85,new postings,"IT Infrastructure, Operations & Support"
2021-01-10,FR,78.69,total postings,"IT Infrastructure, Operations & Support"
2021-01-10,FR,75.37,new postings,"IT Infrastructure, Operations & Support"
2021-01-11,FR,78.93,total postings,"IT Infrastructure, Operations & Support"
2021-01-11,FR,77.55,new postings,"IT Infrastructure, Operations & Support"
2021-01-12,FR,79.35,total postings,"IT Infrastructure, Operations & Support"
2021-01-12,FR,78.98,new postings,"IT Infrastructure, Operations & Support"
2021-01-13,FR,79.62,total postings,"IT Infrastructure, Operations & Support"
2021-01-13,FR,80.51,new postings,"IT Infrastructure, Operations & Support"
2021-01-14,FR,79.81,total postings,"IT Infrastructure, Operations & Support"
2021-01-14,FR,82.51,new postings,"IT Infrastructure, Operations & Support"
2021-01-15,FR,80.01,total postings,"IT Infrastructure, Operations & Support"
2021-01-15,FR,84.9,new postings,"IT Infrastructure, Operations & Support"
2021-01-16,FR,80.06,total postings,"IT Infrastructure, Operations & Support"
2021-01-16,FR,86.24,new postings,"IT Infrastructure, Operations & Support"
2021-01-17,FR,80.08,total postings,"IT Infrastructure, Operations & Support"
2021-01-17,FR,87.27,new postings,"IT Infrastructure, Operations & Support"
2021-01-18,FR,80.06,total postings,"IT Infrastructure, Operations & Support"
2021-01-18,FR,88.24,new postings,"IT Infrastructure, Operations & Support"
2021-01-19,FR,80.07,total postings,"IT Infrastructure, Operations & Support"
2021-01-19,FR,87.21,new postings,"IT Infrastructure, Operations & Support"
2021-01-20,FR,79.87,total postings,"IT Infrastructure, Operations & Support"
2021-01-20,FR,85.12,new postings,"IT Infrastructure, Operations & Support"
2021-01-21,FR,79.78,total postings,"IT Infrastructure, Operations & Support"
2021-01-21,FR,82.94,new postings,"IT Infrastructure, Operations & Support"
2021-01-22,FR,79.93,total postings,"IT Infrastructure, Operations & Support"
2021-01-22,FR,80.76,new postings,"IT Infrastructure, Operations & Support"
2021-01-23,FR,80.16,total postings,"IT Infrastructure, Operations & Support"
2021-01-23,FR,78.86,new postings,"IT Infrastructure, Operations & Support"
2021-01-24,FR,80.44,total postings,"IT Infrastructure, Operations & Support"
2021-01-24,FR,77.82,new postings,"IT Infrastructure, Operations & Support"
2021-01-25,FR,80.72,total postings,"IT Infrastructure, Operations & Support"
2021-01-25,FR,77.73,new postings,"IT Infrastructure, Operations & Support"
2021-01-26,FR,80.68,total postings,"IT Infrastructure, Operations & Support"
2021-01-26,FR,78.62,new postings,"IT Infrastructure, Operations & Support"
2021-01-27,FR,80.7,total postings,"IT Infrastructure, Operations & Support"
2021-01-27,FR,80.22,new postings,"IT Infrastructure, Operations & Support"
2021-01-28,FR,80.84,total postings,"IT Infrastructure, Operations & Support"
2021-01-28,FR,82.02,new postings,"IT Infrastructure, Operations & Support"
2021-01-29,FR,80.79,total postings,"IT Infrastructure, Operations & Support"
2021-01-29,FR,82.65,new postings,"IT Infrastructure, Operations & Support"
2021-01-30,FR,80.79,total postings,"IT Infrastructure, Operations & Support"
2021-01-30,FR,83.52,new postings,"IT Infrastructure, Operations & Support"
2021-01-31,FR,80.83,total postings,"IT Infrastructure, Operations & Support"
2021-01-31,FR,83.82,new postings,"IT Infrastructure, Operations & Support"
2021-02-01,FR,80.92,total postings,"IT Infrastructure, Operations & Support"
2021-02-01,FR,83.15,new postings,"IT Infrastructure, Operations & Support"
2021-02-02,FR,81.23,total postings,"IT Infrastructure, Operations & Support"
2021-02-02,FR,83.14,new postings,"IT Infrastructure, Operations & Support"
2021-02-03,FR,81.63,total postings,"IT Infrastructure, Operations & Support"
2021-02-03,FR,83.37,new postings,"IT Infrastructure, Operations & Support"
2021-02-04,FR,81.91,total postings,"IT Infrastructure, Operations & Support"
2021-02-04,FR,83.34,new postings,"IT Infrastructure, Operations & Support"
2021-02-05,FR,82.18,total postings,"IT Infrastructure, Operations & Support"
2021-02-05,FR,84.72,new postings,"IT Infrastructure, Operations & Support"
2021-02-06,FR,82.53,total postings,"IT Infrastructure, Operations & Support"
2021-02-06,FR,86.64,new postings,"IT Infrastructure, Operations & Support"
2021-02-07,FR,82.92,total postings,"IT Infrastructure, Operations & Support"
2021-02-07,FR,88.56,new postings,"IT Infrastructure, Operations & Support"
2021-02-08,FR,83.24,total postings,"IT Infrastructure, Operations & Support"
2021-02-08,FR,90.7,new postings,"IT Infrastructure, Operations & Support"
2021-02-09,FR,83.28,total postings,"IT Infrastructure, Operations & Support"
2021-02-09,FR,92.32,new postings,"IT Infrastructure, Operations & Support"
2021-02-10,FR,83.46,total postings,"IT Infrastructure, Operations & Support"
2021-02-10,FR,92.88,new postings,"IT Infrastructure, Operations & Support"
2021-02-11,FR,83.62,total postings,"IT Infrastructure, Operations & Support"
2021-02-11,FR,93.18,new postings,"IT Infrastructure, Operations & Support"
2021-02-12,FR,83.89,total postings,"IT Infrastructure, Operations & Support"
2021-02-12,FR,93.12,new postings,"IT Infrastructure, Operations & Support"
2021-02-13,FR,84.06,total postings,"IT Infrastructure, Operations & Support"
2021-02-13,FR,91.38,new postings,"IT Infrastructure, Operations & Support"
2021-02-14,FR,84.33,total postings,"IT Infrastructure, Operations & Support"
2021-02-14,FR,90.68,new postings,"IT Infrastructure, Operations & Support"
2021-02-15,FR,84.51,total postings,"IT Infrastructure, Operations & Support"
2021-02-15,FR,90.01,new postings,"IT Infrastructure, Operations & Support"
2021-02-16,FR,84.72,total postings,"IT Infrastructure, Operations & Support"
2021-02-16,FR,89.31,new postings,"IT Infrastructure, Operations & Support"
2021-02-17,FR,84.56,total postings,"IT Infrastructure, Operations & Support"
2021-02-17,FR,88.95,new postings,"IT Infrastructure, Operations & Support"
2021-02-18,FR,84.5,total postings,"IT Infrastructure, Operations & Support"
2021-02-18,FR,88.53,new postings,"IT Infrastructure, Operations & Support"
2021-02-19,FR,84.23,total postings,"IT Infrastructure, Operations & Support"
2021-02-19,FR,87.57,new postings,"IT Infrastructure, Operations & Support"
2021-02-20,FR,84.07,total postings,"IT Infrastructure, Operations & Support"
2021-02-20,FR,87.99,new postings,"IT Infrastructure, Operations & Support"
2021-02-21,FR,83.71,total postings,"IT Infrastructure, Operations & Support"
2021-02-21,FR,87.67,new postings,"IT Infrastructure, Operations & Support"
2021-02-22,FR,83.46,total postings,"IT Infrastructure, Operations & Support"
2021-02-22,FR,87.42,new postings,"IT Infrastructure, Operations & Support"
2021-02-23,FR,83.28,total postings,"IT Infrastructure, Operations & Support"
2021-02-23,FR,86.8,new postings,"IT Infrastructure, Operations & Support"
2021-02-24,FR,83.51,total postings,"IT Infrastructure, Operations & Support"
2021-02-24,FR,87.78,new postings,"IT Infrastructure, Operations & Support"
2021-02-25,FR,83.72,total postings,"IT Infrastructure, Operations & Support"
2021-02-25,FR,89.14,new postings,"IT Infrastructure, Operations & Support"
2021-02-26,FR,84.07,total postings,"IT Infrastructure, Operations & Support"
2021-02-26,FR,90.25,new postings,"IT Infrastructure, Operations & Support"
2021-02-27,FR,84.38,total postings,"IT Infrastructure, Operations & Support"
2021-02-27,FR,90.66,new postings,"IT Infrastructure, Operations & Support"
2021-02-28,FR,84.74,total postings,"IT Infrastructure, Operations & Support"
2021-02-28,FR,90.87,new postings,"IT Infrastructure, Operations & Support"
2021-03-01,FR,84.92,total postings,"IT Infrastructure, Operations & Support"
2021-03-01,FR,91.09,new postings,"IT Infrastructure, Operations & Support"
2021-03-02,FR,85.27,total postings,"IT Infrastructure, Operations & Support"
2021-03-02,FR,92.4,new postings,"IT Infrastructure, Operations & Support"
2021-03-03,FR,85.34,total postings,"IT Infrastructure, Operations & Support"
2021-03-03,FR,91.34,new postings,"IT Infrastructure, Operations & Support"
2021-03-04,FR,85.46,total postings,"IT Infrastructure, Operations & Support"
2021-03-04,FR,90.3,new postings,"IT Infrastructure, Operations & Support"
2021-03-05,FR,85.42,total postings,"IT Infrastructure, Operations & Support"
2021-03-05,FR,89.84,new postings,"IT Infrastructure, Operations & Support"
2021-03-06,FR,85.08,total postings,"IT Infrastructure, Operations & Support"
2021-03-06,FR,89.31,new postings,"IT Infrastructure, Operations & Support"
2021-03-07,FR,84.84,total postings,"IT Infrastructure, Operations & Support"
2021-03-07,FR,88.56,new postings,"IT Infrastructure, Operations & Support"
2021-03-08,FR,84.67,total postings,"IT Infrastructure, Operations & Support"
2021-03-08,FR,87.47,new postings,"IT Infrastructure, Operations & Support"
2021-03-09,FR,84.44,total postings,"IT Infrastructure, Operations & Support"
2021-03-09,FR,85.55,new postings,"IT Infrastructure, Operations & Support"
2021-03-10,FR,84.43,total postings,"IT Infrastructure, Operations & Support"
2021-03-10,FR,84.82,new postings,"IT Infrastructure, Operations & Support"
2021-03-11,FR,84.53,total postings,"IT Infrastructure, Operations & Support"
2021-03-11,FR,85.43,new postings,"IT Infrastructure, Operations & Support"
2021-03-12,FR,84.69,total postings,"IT Infrastructure, Operations & Support"
2021-03-12,FR,84.9,new postings,"IT Infrastructure, Operations & Support"
2021-03-13,FR,85.26,total postings,"IT Infrastructure, Operations & Support"
2021-03-13,FR,84.42,new postings,"IT Infrastructure, Operations & Support"
2021-03-14,FR,85.58,total postings,"IT Infrastructure, Operations & Support"
2021-03-14,FR,84.21,new postings,"IT Infrastructure, Operations & Support"
2021-03-15,FR,85.82,total postings,"IT Infrastructure, Operations & Support"
2021-03-15,FR,84.58,new postings,"IT Infrastructure, Operations & Support"
2021-03-16,FR,86.28,total postings,"IT Infrastructure, Operations & Support"
2021-03-16,FR,85.65,new postings,"IT Infrastructure, Operations & Support"
2021-03-17,FR,86.47,total postings,"IT Infrastructure, Operations & Support"
2021-03-17,FR,86.28,new postings,"IT Infrastructure, Operations & Support"
2021-03-18,FR,86.44,total postings,"IT Infrastructure, Operations & Support"
2021-03-18,FR,86.46,new postings,"IT Infrastructure, Operations & Support"
2021-03-19,FR,86.46,total postings,"IT Infrastructure, Operations & Support"
2021-03-19,FR,87.74,new postings,"IT Infrastructure, Operations & Support"
2021-03-20,FR,86.39,total postings,"IT Infrastructure, Operations & Support"
2021-03-20,FR,89.06,new postings,"IT Infrastructure, Operations & Support"
2021-03-21,FR,86.38,total postings,"IT Infrastructure, Operations & Support"
2021-03-21,FR,90.35,new postings,"IT Infrastructure, Operations & Support"
2021-03-22,FR,86.54,total postings,"IT Infrastructure, Operations & Support"
2021-03-22,FR,91.05,new postings,"IT Infrastructure, Operations & Support"
2021-03-23,FR,86.34,total postings,"IT Infrastructure, Operations & Support"
2021-03-23,FR,90.51,new postings,"IT Infrastructure, Operations & Support"
2021-03-24,FR,86.34,total postings,"IT Infrastructure, Operations & Support"
2021-03-24,FR,91.18,new postings,"IT Infrastructure, Operations & Support"
2021-03-25,FR,86.39,total postings,"IT Infrastructure, Operations & Support"
2021-03-25,FR,90.92,new postings,"IT Infrastructure, Operations & Support"
2021-03-26,FR,86.46,total postings,"IT Infrastructure, Operations & Support"
2021-03-26,FR,90.67,new postings,"IT Infrastructure, Operations & Support"
2021-03-27,FR,86.55,total postings,"IT Infrastructure, Operations & Support"
2021-03-27,FR,90.71,new postings,"IT Infrastructure, Operations & Support"
2021-03-28,FR,86.7,total postings,"IT Infrastructure, Operations & Support"
2021-03-28,FR,90.5,new postings,"IT Infrastructure, Operations & Support"
2021-03-29,FR,86.7,total postings,"IT Infrastructure, Operations & Support"
2021-03-29,FR,90.45,new postings,"IT Infrastructure, Operations & Support"
2021-03-30,FR,86.77,total postings,"IT Infrastructure, Operations & Support"
2021-03-30,FR,91.5,new postings,"IT Infrastructure, Operations & Support"
2021-03-31,FR,86.94,total postings,"IT Infrastructure, Operations & Support"
2021-03-31,FR,91.5,new postings,"IT Infrastructure, Operations & Support"
2021-04-01,FR,86.96,total postings,"IT Infrastructure, Operations & Support"
2021-04-01,FR,91.12,new postings,"IT Infrastructure, Operations & Support"
2021-04-02,FR,87.06,total postings,"IT Infrastructure, Operations & Support"
2021-04-02,FR,90.86,new postings,"IT Infrastructure, Operations & Support"
2021-04-03,FR,87.13,total postings,"IT Infrastructure, Operations & Support"
2021-04-03,FR,90.1,new postings,"IT Infrastructure, Operations & Support"
2021-04-04,FR,87.28,total postings,"IT Infrastructure, Operations & Support"
2021-04-04,FR,89.62,new postings,"IT Infrastructure, Operations & Support"
2021-04-05,FR,87.64,total postings,"IT Infrastructure, Operations & Support"
2021-04-05,FR,89.82,new postings,"IT Infrastructure, Operations & Support"
2021-04-06,FR,87.88,total postings,"IT Infrastructure, Operations & Support"
2021-04-06,FR,88.01,new postings,"IT Infrastructure, Operations & Support"
2021-04-07,FR,87.81,total postings,"IT Infrastructure, Operations & Support"
2021-04-07,FR,86.59,new postings,"IT Infrastructure, Operations & Support"
2021-04-08,FR,87.78,total postings,"IT Infrastructure, Operations & Support"
2021-04-08,FR,85.46,new postings,"IT Infrastructure, Operations & Support"
2021-04-09,FR,87.75,total postings,"IT Infrastructure, Operations & Support"
2021-04-09,FR,84.11,new postings,"IT Infrastructure, Operations & Support"
2021-04-10,FR,87.63,total postings,"IT Infrastructure, Operations & Support"
2021-04-10,FR,83.34,new postings,"IT Infrastructure, Operations & Support"
2021-04-11,FR,86.92,total postings,"IT Infrastructure, Operations & Support"
2021-04-11,FR,82.31,new postings,"IT Infrastructure, Operations & Support"
2021-04-12,FR,86.3,total postings,"IT Infrastructure, Operations & Support"
2021-04-12,FR,81.17,new postings,"IT Infrastructure, Operations & Support"
2021-04-13,FR,85.91,total postings,"IT Infrastructure, Operations & Support"
2021-04-13,FR,83.93,new postings,"IT Infrastructure, Operations & Support"
2021-04-14,FR,85.74,total postings,"IT Infrastructure, Operations & Support"
2021-04-14,FR,86.54,new postings,"IT Infrastructure, Operations & Support"
2021-04-15,FR,85.67,total postings,"IT Infrastructure, Operations & Support"
2021-04-15,FR,89.26,new postings,"IT Infrastructure, Operations & Support"
2021-04-16,FR,85.59,total postings,"IT Infrastructure, Operations & Support"
2021-04-16,FR,92.1,new postings,"IT Infrastructure, Operations & Support"
2021-04-17,FR,85.54,total postings,"IT Infrastructure, Operations & Support"
2021-04-17,FR,95.53,new postings,"IT Infrastructure, Operations & Support"
2021-04-18,FR,85.76,total postings,"IT Infrastructure, Operations & Support"
2021-04-18,FR,98.82,new postings,"IT Infrastructure, Operations & Support"
2021-04-19,FR,86.06,total postings,"IT Infrastructure, Operations & Support"
2021-04-19,FR,102.48,new postings,"IT Infrastructure, Operations & Support"
2021-04-20,FR,86.21,total postings,"IT Infrastructure, Operations & Support"
2021-04-20,FR,103.05,new postings,"IT Infrastructure, Operations & Support"
2021-04-21,FR,86.35,total postings,"IT Infrastructure, Operations & Support"
2021-04-21,FR,103.19,new postings,"IT Infrastructure, Operations & Support"
2021-04-22,FR,86.51,total postings,"IT Infrastructure, Operations & Support"
2021-04-22,FR,103.37,new postings,"IT Infrastructure, Operations & Support"
2021-04-23,FR,86.57,total postings,"IT Infrastructure, Operations & Support"
2021-04-23,FR,103.29,new postings,"IT Infrastructure, Operations & Support"
2021-04-24,FR,86.73,total postings,"IT Infrastructure, Operations & Support"
2021-04-24,FR,102.73,new postings,"IT Infrastructure, Operations & Support"
2021-04-25,FR,86.95,total postings,"IT Infrastructure, Operations & Support"
2021-04-25,FR,102.83,new postings,"IT Infrastructure, Operations & Support"
2021-04-26,FR,86.98,total postings,"IT Infrastructure, Operations & Support"
2021-04-26,FR,101.99,new postings,"IT Infrastructure, Operations & Support"
2021-04-27,FR,87.23,total postings,"IT Infrastructure, Operations & Support"
2021-04-27,FR,102.01,new postings,"IT Infrastructure, Operations & Support"
2021-04-28,FR,87.3,total postings,"IT Infrastructure, Operations & Support"
2021-04-28,FR,102.39,new postings,"IT Infrastructure, Operations & Support"
2021-04-29,FR,87.52,total postings,"IT Infrastructure, Operations & Support"
2021-04-29,FR,105.05,new postings,"IT Infrastructure, Operations & Support"
2021-04-30,FR,87.99,total postings,"IT Infrastructure, Operations & Support"
2021-04-30,FR,108.68,new postings,"IT Infrastructure, Operations & Support"
2021-05-01,FR,88.4,total postings,"IT Infrastructure, Operations & Support"
2021-05-01,FR,112.11,new postings,"IT Infrastructure, Operations & Support"
2021-05-02,FR,89.02,total postings,"IT Infrastructure, Operations & Support"
2021-05-02,FR,117.2,new postings,"IT Infrastructure, Operations & Support"
2021-05-03,FR,89.62,total postings,"IT Infrastructure, Operations & Support"
2021-05-03,FR,122.43,new postings,"IT Infrastructure, Operations & Support"
2021-05-04,FR,90.23,total postings,"IT Infrastructure, Operations & Support"
2021-05-04,FR,129.7,new postings,"IT Infrastructure, Operations & Support"
2021-05-05,FR,90.94,total postings,"IT Infrastructure, Operations & Support"
2021-05-05,FR,136.74,new postings,"IT Infrastructure, Operations & Support"
2021-05-06,FR,91.39,total postings,"IT Infrastructure, Operations & Support"
2021-05-06,FR,136.35,new postings,"IT Infrastructure, Operations & Support"
2021-05-07,FR,91.74,total postings,"IT Infrastructure, Operations & Support"
2021-05-07,FR,134.92,new postings,"IT Infrastructure, Operations & Support"
2021-05-08,FR,92.01,total postings,"IT Infrastructure, Operations & Support"
2021-05-08,FR,133.03,new postings,"IT Infrastructure, Operations & Support"
2021-05-09,FR,92.19,total postings,"IT Infrastructure, Operations & Support"
2021-05-09,FR,129.12,new postings,"IT Infrastructure, Operations & Support"
2021-05-10,FR,92.31,total postings,"IT Infrastructure, Operations & Support"
2021-05-10,FR,125.8,new postings,"IT Infrastructure, Operations & Support"
2021-05-11,FR,92.39,total postings,"IT Infrastructure, Operations & Support"
2021-05-11,FR,119.0,new postings,"IT Infrastructure, Operations & Support"
2021-05-12,FR,92.54,total postings,"IT Infrastructure, Operations & Support"
2021-05-12,FR,112.43,new postings,"IT Infrastructure, Operations & Support"
2021-05-13,FR,92.83,total postings,"IT Infrastructure, Operations & Support"
2021-05-13,FR,112.75,new postings,"IT Infrastructure, Operations & Support"
2021-05-14,FR,92.77,total postings,"IT Infrastructure, Operations & Support"
2021-05-14,FR,111.79,new postings,"IT Infrastructure, Operations & Support"
2021-05-15,FR,92.62,total postings,"IT Infrastructure, Operations & Support"
2021-05-15,FR,111.12,new postings,"IT Infrastructure, Operations & Support"
2021-05-16,FR,92.55,total postings,"IT Infrastructure, Operations & Support"
2021-05-16,FR,109.06,new postings,"IT Infrastructure, Operations & Support"
2021-05-17,FR,92.45,total postings,"IT Infrastructure, Operations & Support"
2021-05-17,FR,107.6,new postings,"IT Infrastructure, Operations & Support"
2021-05-18,FR,92.46,total postings,"IT Infrastructure, Operations & Support"
2021-05-18,FR,107.29,new postings,"IT Infrastructure, Operations & Support"
2021-05-19,FR,92.39,total postings,"IT Infrastructure, Operations & Support"
2021-05-19,FR,106.7,new postings,"IT Infrastructure, Operations & Support"
2021-05-20,FR,92.34,total postings,"IT Infrastructure, Operations & Support"
2021-05-20,FR,104.2,new postings,"IT Infrastructure, Operations & Support"
2021-05-21,FR,92.62,total postings,"IT Infrastructure, Operations & Support"
2021-05-21,FR,105.36,new postings,"IT Infrastructure, Operations & Support"
2021-05-22,FR,93.1,total postings,"IT Infrastructure, Operations & Support"
2021-05-22,FR,107.51,new postings,"IT Infrastructure, Operations & Support"
2021-05-23,FR,93.57,total postings,"IT Infrastructure, Operations & Support"
2021-05-23,FR,110.79,new postings,"IT Infrastructure, Operations & Support"
2021-05-24,FR,94.14,total postings,"IT Infrastructure, Operations & Support"
2021-05-24,FR,113.28,new postings,"IT Infrastructure, Operations & Support"
2021-05-25,FR,94.39,total postings,"IT Infrastructure, Operations & Support"
2021-05-25,FR,113.84,new postings,"IT Infrastructure, Operations & Support"
2021-05-26,FR,94.67,total postings,"IT Infrastructure, Operations & Support"
2021-05-26,FR,114.21,new postings,"IT Infrastructure, Operations & Support"
2021-05-27,FR,94.79,total postings,"IT Infrastructure, Operations & Support"
2021-05-27,FR,115.27,new postings,"IT Infrastructure, Operations & Support"
2021-05-28,FR,94.95,total postings,"IT Infrastructure, Operations & Support"
2021-05-28,FR,113.42,new postings,"IT Infrastructure, Operations & Support"
2021-05-29,FR,95.16,total postings,"IT Infrastructure, Operations & Support"
2021-05-29,FR,110.7,new postings,"IT Infrastructure, Operations & Support"
2021-05-30,FR,95.23,total postings,"IT Infrastructure, Operations & Support"
2021-05-30,FR,108.78,new postings,"IT Infrastructure, Operations & Support"
2021-05-31,FR,95.33,total postings,"IT Infrastructure, Operations & Support"
2021-05-31,FR,107.07,new postings,"IT Infrastructure, Operations & Support"
2021-06-01,FR,95.55,total postings,"IT Infrastructure, Operations & Support"
2021-06-01,FR,110.51,new postings,"IT Infrastructure, Operations & Support"
2021-06-02,FR,95.73,total postings,"IT Infrastructure, Operations & Support"
2021-06-02,FR,114.24,new postings,"IT Infrastructure, Operations & Support"
2021-06-03,FR,95.89,total postings,"IT Infrastructure, Operations & Support"
2021-06-03,FR,115.95,new postings,"IT Infrastructure, Operations & Support"
2021-06-04,FR,96.06,total postings,"IT Infrastructure, Operations & Support"
2021-06-04,FR,118.56,new postings,"IT Infrastructure, Operations & Support"
2021-06-05,FR,96.2,total postings,"IT Infrastructure, Operations & Support"
2021-06-05,FR,121.86,new postings,"IT Infrastructure, Operations & Support"
2021-06-06,FR,96.46,total postings,"IT Infrastructure, Operations & Support"
2021-06-06,FR,124.04,new postings,"IT Infrastructure, Operations & Support"
2021-06-07,FR,96.71,total postings,"IT Infrastructure, Operations & Support"
2021-06-07,FR,125.51,new postings,"IT Infrastructure, Operations & Support"
2021-06-08,FR,96.99,total postings,"IT Infrastructure, Operations & Support"
2021-06-08,FR,124.33,new postings,"IT Infrastructure, Operations & Support"
2021-06-09,FR,97.34,total postings,"IT Infrastructure, Operations & Support"
2021-06-09,FR,124.36,new postings,"IT Infrastructure, Operations & Support"
2021-06-10,FR,97.78,total postings,"IT Infrastructure, Operations & Support"
2021-06-10,FR,126.05,new postings,"IT Infrastructure, Operations & Support"
2021-06-11,FR,98.08,total postings,"IT Infrastructure, Operations & Support"
2021-06-11,FR,127.48,new postings,"IT Infrastructure, Operations & Support"
2021-06-12,FR,98.41,total postings,"IT Infrastructure, Operations & Support"
2021-06-12,FR,128.22,new postings,"IT Infrastructure, Operations & Support"
2021-06-13,FR,98.7,total postings,"IT Infrastructure, Operations & Support"
2021-06-13,FR,128.96,new postings,"IT Infrastructure, Operations & Support"
2021-06-14,FR,99.01,total postings,"IT Infrastructure, Operations & Support"
2021-06-14,FR,128.84,new postings,"IT Infrastructure, Operations & Support"
2021-06-15,FR,99.39,total postings,"IT Infrastructure, Operations & Support"
2021-06-15,FR,128.66,new postings,"IT Infrastructure, Operations & Support"
2021-06-16,FR,99.78,total postings,"IT Infrastructure, Operations & Support"
2021-06-16,FR,127.42,new postings,"IT Infrastructure, Operations & Support"
2021-06-17,FR,100.15,total postings,"IT Infrastructure, Operations & Support"
2021-06-17,FR,126.47,new postings,"IT Infrastructure, Operations & Support"
2021-06-18,FR,100.67,total postings,"IT Infrastructure, Operations & Support"
2021-06-18,FR,126.85,new postings,"IT Infrastructure, Operations & Support"
2021-06-19,FR,101.05,total postings,"IT Infrastructure, Operations & Support"
2021-06-19,FR,126.53,new postings,"IT Infrastructure, Operations & Support"
2021-06-20,FR,101.47,total postings,"IT Infrastructure, Operations & Support"
2021-06-20,FR,126.3,new postings,"IT Infrastructure, Operations & Support"
2021-06-21,FR,101.77,total postings,"IT Infrastructure, Operations & Support"
2021-06-21,FR,127.34,new postings,"IT Infrastructure, Operations & Support"
2021-06-22,FR,101.89,total postings,"IT Infrastructure, Operations & Support"
2021-06-22,FR,127.75,new postings,"IT Infrastructure, Operations & Support"
2021-06-23,FR,102.06,total postings,"IT Infrastructure, Operations & Support"
2021-06-23,FR,128.01,new postings,"IT Infrastructure, Operations & Support"
2021-06-24,FR,102.25,total postings,"IT Infrastructure, Operations & Support"
2021-06-24,FR,127.65,new postings,"IT Infrastructure, Operations & Support"
2021-06-25,FR,102.34,total postings,"IT Infrastructure, Operations & Support"
2021-06-25,FR,126.2,new postings,"IT Infrastructure, Operations & Support"
2021-06-26,FR,102.42,total postings,"IT Infrastructure, Operations & Support"
2021-06-26,FR,124.76,new postings,"IT Infrastructure, Operations & Support"
2021-06-27,FR,102.5,total postings,"IT Infrastructure, Operations & Support"
2021-06-27,FR,123.82,new postings,"IT Infrastructure, Operations & Support"
2021-06-28,FR,102.76,total postings,"IT Infrastructure, Operations & Support"
2021-06-28,FR,123.51,new postings,"IT Infrastructure, Operations & Support"
2021-06-29,FR,103.12,total postings,"IT Infrastructure, Operations & Support"
2021-06-29,FR,123.6,new postings,"IT Infrastructure, Operations & Support"
2021-06-30,FR,103.39,total postings,"IT Infrastructure, Operations & Support"
2021-06-30,FR,123.78,new postings,"IT Infrastructure, Operations & Support"
2021-07-01,FR,103.65,total postings,"IT Infrastructure, Operations & Support"
2021-07-01,FR,123.95,new postings,"IT Infrastructure, Operations & Support"
2021-07-02,FR,103.85,total postings,"IT Infrastructure, Operations & Support"
2021-07-02,FR,123.9,new postings,"IT Infrastructure, Operations & Support"
2021-07-03,FR,104.07,total postings,"IT Infrastructure, Operations & Support"
2021-07-03,FR,124.34,new postings,"IT Infrastructure, Operations & Support"
2021-07-04,FR,104.34,total postings,"IT Infrastructure, Operations & Support"
2021-07-04,FR,124.9,new postings,"IT Infrastructure, Operations & Support"
2021-07-05,FR,104.33,total postings,"IT Infrastructure, Operations & Support"
2021-07-05,FR,124.56,new postings,"IT Infrastructure, Operations & Support"
2021-07-06,FR,104.41,total postings,"IT Infrastructure, Operations & Support"
2021-07-06,FR,124.77,new postings,"IT Infrastructure, Operations & Support"
2021-07-07,FR,104.51,total postings,"IT Infrastructure, Operations & Support"
2021-07-07,FR,125.12,new postings,"IT Infrastructure, Operations & Support"
2021-07-08,FR,104.54,total postings,"IT Infrastructure, Operations & Support"
2021-07-08,FR,124.38,new postings,"IT Infrastructure, Operations & Support"
2021-07-09,FR,104.52,total postings,"IT Infrastructure, Operations & Support"
2021-07-09,FR,123.19,new postings,"IT Infrastructure, Operations & Support"
2021-07-10,FR,104.43,total postings,"IT Infrastructure, Operations & Support"
2021-07-10,FR,122.81,new postings,"IT Infrastructure, Operations & Support"
2021-07-11,FR,104.14,total postings,"IT Infrastructure, Operations & Support"
2021-07-11,FR,122.22,new postings,"IT Infrastructure, Operations & Support"
2021-07-12,FR,103.97,total postings,"IT Infrastructure, Operations & Support"
2021-07-12,FR,121.56,new postings,"IT Infrastructure, Operations & Support"
2021-07-13,FR,103.71,total postings,"IT Infrastructure, Operations & Support"
2021-07-13,FR,120.03,new postings,"IT Infrastructure, Operations & Support"
2021-07-14,FR,103.57,total postings,"IT Infrastructure, Operations & Support"
2021-07-14,FR,118.46,new postings,"IT Infrastructure, Operations & Support"
2021-07-15,FR,103.32,total postings,"IT Infrastructure, Operations & Support"
2021-07-15,FR,117.36,new postings,"IT Infrastructure, Operations & Support"
2021-07-16,FR,103.36,total postings,"IT Infrastructure, Operations & Support"
2021-07-16,FR,117.94,new postings,"IT Infrastructure, Operations & Support"
2021-07-17,FR,103.48,total postings,"IT Infrastructure, Operations & Support"
2021-07-17,FR,117.46,new postings,"IT Infrastructure, Operations & Support"
2021-07-18,FR,103.92,total postings,"IT Infrastructure, Operations & Support"
2021-07-18,FR,117.42,new postings,"IT Infrastructure, Operations & Support"
2021-07-19,FR,104.34,total postings,"IT Infrastructure, Operations & Support"
2021-07-19,FR,116.76,new postings,"IT Infrastructure, Operations & Support"
2021-07-20,FR,104.71,total postings,"IT Infrastructure, Operations & Support"
2021-07-20,FR,116.3,new postings,"IT Infrastructure, Operations & Support"
2021-07-21,FR,104.77,total postings,"IT Infrastructure, Operations & Support"
2021-07-21,FR,115.07,new postings,"IT Infrastructure, Operations & Support"
2021-07-22,FR,104.99,total postings,"IT Infrastructure, Operations & Support"
2021-07-22,FR,115.54,new postings,"IT Infrastructure, Operations & Support"
2021-07-23,FR,104.9,total postings,"IT Infrastructure, Operations & Support"
2021-07-23,FR,113.79,new postings,"IT Infrastructure, Operations & Support"
2021-07-24,FR,105.0,total postings,"IT Infrastructure, Operations & Support"
2021-07-24,FR,113.83,new postings,"IT Infrastructure, Operations & Support"
2021-07-25,FR,104.88,total postings,"IT Infrastructure, Operations & Support"
2021-07-25,FR,113.61,new postings,"IT Infrastructure, Operations & Support"
2021-07-26,FR,104.74,total postings,"IT Infrastructure, Operations & Support"
2021-07-26,FR,114.09,new postings,"IT Infrastructure, Operations & Support"
2021-07-27,FR,104.44,total postings,"IT Infrastructure, Operations & Support"
2021-07-27,FR,113.94,new postings,"IT Infrastructure, Operations & Support"
2021-07-28,FR,104.33,total postings,"IT Infrastructure, Operations & Support"
2021-07-28,FR,114.72,new postings,"IT Infrastructure, Operations & Support"
2021-07-29,FR,104.15,total postings,"IT Infrastructure, Operations & Support"
2021-07-29,FR,114.39,new postings,"IT Infrastructure, Operations & Support"
2021-07-30,FR,104.06,total postings,"IT Infrastructure, Operations & Support"
2021-07-30,FR,114.94,new postings,"IT Infrastructure, Operations & Support"
2021-07-31,FR,103.81,total postings,"IT Infrastructure, Operations & Support"
2021-07-31,FR,114.71,new postings,"IT Infrastructure, Operations & Support"
2021-08-01,FR,103.69,total postings,"IT Infrastructure, Operations & Support"
2021-08-01,FR,114.58,new postings,"IT Infrastructure, Operations & Support"
2021-08-02,FR,103.58,total postings,"IT Infrastructure, Operations & Support"
2021-08-02,FR,114.66,new postings,"IT Infrastructure, Operations & Support"
2021-08-03,FR,103.6,total postings,"IT Infrastructure, Operations & Support"
2021-08-03,FR,115.39,new postings,"IT Infrastructure, Operations & Support"
2021-08-04,FR,103.67,total postings,"IT Infrastructure, Operations & Support"
2021-08-04,FR,115.25,new postings,"IT Infrastructure, Operations & Support"
2021-08-05,FR,103.72,total postings,"IT Infrastructure, Operations & Support"
2021-08-05,FR,114.22,new postings,"IT Infrastructure, Operations & Support"
2021-08-06,FR,103.84,total postings,"IT Infrastructure, Operations & Support"
2021-08-06,FR,113.32,new postings,"IT Infrastructure, Operations & Support"
2021-08-07,FR,103.91,total postings,"IT Infrastructure, Operations & Support"
2021-08-07,FR,110.85,new postings,"IT Infrastructure, Operations & Support"
2021-08-08,FR,103.91,total postings,"IT Infrastructure, Operations & Support"
2021-08-08,FR,109.24,new postings,"IT Infrastructure, Operations & Support"
2021-08-09,FR,103.93,total postings,"IT Infrastructure, Operations & Support"
2021-08-09,FR,107.45,new postings,"IT Infrastructure, Operations & Support"
2021-08-10,FR,104.09,total postings,"IT Infrastructure, Operations & Support"
2021-08-10,FR,105.85,new postings,"IT Infrastructure, Operations & Support"
2021-08-11,FR,104.25,total postings,"IT Infrastructure, Operations & Support"
2021-08-11,FR,105.29,new postings,"IT Infrastructure, Operations & Support"
2021-08-12,FR,104.48,total postings,"IT Infrastructure, Operations & Support"
2021-08-12,FR,105.19,new postings,"IT Infrastructure, Operations & Support"
2021-08-13,FR,104.63,total postings,"IT Infrastructure, Operations & Support"
2021-08-13,FR,105.23,new postings,"IT Infrastructure, Operations & Support"
2021-08-14,FR,104.72,total postings,"IT Infrastructure, Operations & Support"
2021-08-14,FR,106.03,new postings,"IT Infrastructure, Operations & Support"
2021-08-15,FR,104.79,total postings,"IT Infrastructure, Operations & Support"
2021-08-15,FR,106.44,new postings,"IT Infrastructure, Operations & Support"
2021-08-16,FR,105.06,total postings,"IT Infrastructure, Operations & Support"
2021-08-16,FR,107.18,new postings,"IT Infrastructure, Operations & Support"
2021-08-17,FR,105.18,total postings,"IT Infrastructure, Operations & Support"
2021-08-17,FR,108.32,new postings,"IT Infrastructure, Operations & Support"
2021-08-18,FR,105.36,total postings,"IT Infrastructure, Operations & Support"
2021-08-18,FR,109.43,new postings,"IT Infrastructure, Operations & Support"
2021-08-19,FR,105.58,total postings,"IT Infrastructure, Operations & Support"
2021-08-19,FR,110.65,new postings,"IT Infrastructure, Operations & Support"
2021-08-20,FR,105.88,total postings,"IT Infrastructure, Operations & Support"
2021-08-20,FR,111.84,new postings,"IT Infrastructure, Operations & Support"
2021-08-21,FR,106.31,total postings,"IT Infrastructure, Operations & Support"
2021-08-21,FR,114.93,new postings,"IT Infrastructure, Operations & Support"
2021-08-22,FR,106.73,total postings,"IT Infrastructure, Operations & Support"
2021-08-22,FR,117.29,new postings,"IT Infrastructure, Operations & Support"
2021-08-23,FR,107.03,total postings,"IT Infrastructure, Operations & Support"
2021-08-23,FR,118.2,new postings,"IT Infrastructure, Operations & Support"
2021-08-24,FR,107.54,total postings,"IT Infrastructure, Operations & Support"
2021-08-24,FR,117.77,new postings,"IT Infrastructure, Operations & Support"
2021-08-25,FR,107.76,total postings,"IT Infrastructure, Operations & Support"
2021-08-25,FR,116.82,new postings,"IT Infrastructure, Operations & Support"
2021-08-26,FR,107.98,total postings,"IT Infrastructure, Operations & Support"
2021-08-26,FR,116.81,new postings,"IT Infrastructure, Operations & Support"
2021-08-27,FR,108.2,total postings,"IT Infrastructure, Operations & Support"
2021-08-27,FR,117.26,new postings,"IT Infrastructure, Operations & Support"
2021-08-28,FR,108.46,total postings,"IT Infrastructure, Operations & Support"
2021-08-28,FR,115.75,new postings,"IT Infrastructure, Operations & Support"
2021-08-29,FR,108.61,total postings,"IT Infrastructure, Operations & Support"
2021-08-29,FR,114.14,new postings,"IT Infrastructure, Operations & Support"
2021-08-30,FR,108.82,total postings,"IT Infrastructure, Operations & Support"
2021-08-30,FR,113.43,new postings,"IT Infrastructure, Operations & Support"
2021-08-31,FR,108.88,total postings,"IT Infrastructure, Operations & Support"
2021-08-31,FR,113.11,new postings,"IT Infrastructure, Operations & Support"
2021-09-01,FR,109.16,total postings,"IT Infrastructure, Operations & Support"
2021-09-01,FR,114.45,new postings,"IT Infrastructure, Operations & Support"
2021-09-02,FR,109.29,total postings,"IT Infrastructure, Operations & Support"
2021-09-02,FR,114.79,new postings,"IT Infrastructure, Operations & Support"
2021-09-03,FR,109.24,total postings,"IT Infrastructure, Operations & Support"
2021-09-03,FR,113.93,new postings,"IT Infrastructure, Operations & Support"
2021-09-04,FR,109.11,total postings,"IT Infrastructure, Operations & Support"
2021-09-04,FR,113.9,new postings,"IT Infrastructure, Operations & Support"
2021-09-05,FR,109.13,total postings,"IT Infrastructure, Operations & Support"
2021-09-05,FR,113.82,new postings,"IT Infrastructure, Operations & Support"
2021-09-06,FR,109.1,total postings,"IT Infrastructure, Operations & Support"
2021-09-06,FR,113.96,new postings,"IT Infrastructure, Operations & Support"
2021-09-07,FR,109.24,total postings,"IT Infrastructure, Operations & Support"
2021-09-07,FR,115.06,new postings,"IT Infrastructure, Operations & Support"
2021-09-08,FR,109.07,total postings,"IT Infrastructure, Operations & Support"
2021-09-08,FR,112.81,new postings,"IT Infrastructure, Operations & Support"
2021-09-09,FR,108.97,total postings,"IT Infrastructure, Operations & Support"
2021-09-09,FR,111.02,new postings,"IT Infrastructure, Operations & Support"
2021-09-10,FR,109.08,total postings,"IT Infrastructure, Operations & Support"
2021-09-10,FR,110.78,new postings,"IT Infrastructure, Operations & Support"
2021-09-11,FR,109.22,total postings,"IT Infrastructure, Operations & Support"
2021-09-11,FR,110.5,new postings,"IT Infrastructure, Operations & Support"
2021-09-12,FR,109.3,total postings,"IT Infrastructure, Operations & Support"
2021-09-12,FR,109.74,new postings,"IT Infrastructure, Operations & Support"
2021-09-13,FR,109.36,total postings,"IT Infrastructure, Operations & Support"
2021-09-13,FR,108.87,new postings,"IT Infrastructure, Operations & Support"
2021-09-14,FR,109.32,total postings,"IT Infrastructure, Operations & Support"
2021-09-14,FR,108.76,new postings,"IT Infrastructure, Operations & Support"
2021-09-15,FR,109.55,total postings,"IT Infrastructure, Operations & Support"
2021-09-15,FR,110.6,new postings,"IT Infrastructure, Operations & Support"
2021-09-16,FR,109.65,total postings,"IT Infrastructure, Operations & Support"
2021-09-16,FR,113.14,new postings,"IT Infrastructure, Operations & Support"
2021-09-17,FR,109.72,total postings,"IT Infrastructure, Operations & Support"
2021-09-17,FR,115.48,new postings,"IT Infrastructure, Operations & Support"
2021-09-18,FR,109.98,total postings,"IT Infrastructure, Operations & Support"
2021-09-18,FR,119.05,new postings,"IT Infrastructure, Operations & Support"
2021-09-19,FR,110.29,total postings,"IT Infrastructure, Operations & Support"
2021-09-19,FR,123.98,new postings,"IT Infrastructure, Operations & Support"
2021-09-20,FR,110.52,total postings,"IT Infrastructure, Operations & Support"
2021-09-20,FR,128.86,new postings,"IT Infrastructure, Operations & Support"
2021-09-21,FR,110.67,total postings,"IT Infrastructure, Operations & Support"
2021-09-21,FR,131.93,new postings,"IT Infrastructure, Operations & Support"
2021-09-22,FR,110.71,total postings,"IT Infrastructure, Operations & Support"
2021-09-22,FR,134.13,new postings,"IT Infrastructure, Operations & Support"
2021-09-23,FR,110.87,total postings,"IT Infrastructure, Operations & Support"
2021-09-23,FR,134.29,new postings,"IT Infrastructure, Operations & Support"
2021-09-24,FR,110.91,total postings,"IT Infrastructure, Operations & Support"
2021-09-24,FR,133.97,new postings,"IT Infrastructure, Operations & Support"
2021-09-25,FR,110.94,total postings,"IT Infrastructure, Operations & Support"
2021-09-25,FR,132.16,new postings,"IT Infrastructure, Operations & Support"
2021-09-26,FR,110.96,total postings,"IT Infrastructure, Operations & Support"
2021-09-26,FR,129.78,new postings,"IT Infrastructure, Operations & Support"
2021-09-27,FR,111.06,total postings,"IT Infrastructure, Operations & Support"
2021-09-27,FR,127.66,new postings,"IT Infrastructure, Operations & Support"
2021-09-28,FR,111.18,total postings,"IT Infrastructure, Operations & Support"
2021-09-28,FR,125.04,new postings,"IT Infrastructure, Operations & Support"
2021-09-29,FR,111.33,total postings,"IT Infrastructure, Operations & Support"
2021-09-29,FR,124.03,new postings,"IT Infrastructure, Operations & Support"
2021-09-30,FR,111.53,total postings,"IT Infrastructure, Operations & Support"
2021-09-30,FR,124.48,new postings,"IT Infrastructure, Operations & Support"
2021-10-01,FR,111.78,total postings,"IT Infrastructure, Operations & Support"
2021-10-01,FR,124.25,new postings,"IT Infrastructure, Operations & Support"
2021-10-02,FR,111.91,total postings,"IT Infrastructure, Operations & Support"
2021-10-02,FR,123.72,new postings,"IT Infrastructure, Operations & Support"
2021-10-03,FR,111.86,total postings,"IT Infrastructure, Operations & Support"
2021-10-03,FR,122.83,new postings,"IT Infrastructure, Operations & Support"
2021-10-04,FR,111.82,total postings,"IT Infrastructure, Operations & Support"
2021-10-04,FR,121.49,new postings,"IT Infrastructure, Operations & Support"
2021-10-05,FR,112.1,total postings,"IT Infrastructure, Operations & Support"
2021-10-05,FR,121.05,new postings,"IT Infrastructure, Operations & Support"
2021-10-06,FR,112.56,total postings,"IT Infrastructure, Operations & Support"
2021-10-06,FR,120.24,new postings,"IT Infrastructure, Operations & Support"
2021-10-07,FR,113.06,total postings,"IT Infrastructure, Operations & Support"
2021-10-07,FR,119.68,new postings,"IT Infrastructure, Operations & Support"
2021-10-08,FR,113.59,total postings,"IT Infrastructure, Operations & Support"
2021-10-08,FR,119.62,new postings,"IT Infrastructure, Operations & Support"
2021-10-09,FR,114.15,total postings,"IT Infrastructure, Operations & Support"
2021-10-09,FR,119.81,new postings,"IT Infrastructure, Operations & Support"
2021-10-10,FR,114.82,total postings,"IT Infrastructure, Operations & Support"
2021-10-10,FR,120.72,new postings,"IT Infrastructure, Operations & Support"
2021-10-11,FR,115.36,total postings,"IT Infrastructure, Operations & Support"
2021-10-11,FR,121.76,new postings,"IT Infrastructure, Operations & Support"
2021-10-12,FR,115.39,total postings,"IT Infrastructure, Operations & Support"
2021-10-12,FR,121.99,new postings,"IT Infrastructure, Operations & Support"
2021-10-13,FR,115.17,total postings,"IT Infrastructure, Operations & Support"
2021-10-13,FR,121.53,new postings,"IT Infrastructure, Operations & Support"
2021-10-14,FR,114.92,total postings,"IT Infrastructure, Operations & Support"
2021-10-14,FR,121.16,new postings,"IT Infrastructure, Operations & Support"
2021-10-15,FR,114.67,total postings,"IT Infrastructure, Operations & Support"
2021-10-15,FR,122.38,new postings,"IT Infrastructure, Operations & Support"
2021-10-16,FR,114.44,total postings,"IT Infrastructure, Operations & Support"
2021-10-16,FR,123.55,new postings,"IT Infrastructure, Operations & Support"
2021-10-17,FR,114.38,total postings,"IT Infrastructure, Operations & Support"
2021-10-17,FR,124.18,new postings,"IT Infrastructure, Operations & Support"
2021-10-18,FR,114.26,total postings,"IT Infrastructure, Operations & Support"
2021-10-18,FR,125.04,new postings,"IT Infrastructure, Operations & Support"
2021-10-19,FR,114.6,total postings,"IT Infrastructure, Operations & Support"
2021-10-19,FR,128.16,new postings,"IT Infrastructure, Operations & Support"
2021-10-20,FR,115.02,total postings,"IT Infrastructure, Operations & Support"
2021-10-20,FR,131.06,new postings,"IT Infrastructure, Operations & Support"
2021-10-21,FR,115.59,total postings,"IT Infrastructure, Operations & Support"
2021-10-21,FR,133.22,new postings,"IT Infrastructure, Operations & Support"
2021-10-22,FR,116.15,total postings,"IT Infrastructure, Operations & Support"
2021-10-22,FR,132.84,new postings,"IT Infrastructure, Operations & Support"
2021-10-23,FR,116.75,total postings,"IT Infrastructure, Operations & Support"
2021-10-23,FR,133.34,new postings,"IT Infrastructure, Operations & Support"
2021-10-24,FR,116.93,total postings,"IT Infrastructure, Operations & Support"
2021-10-24,FR,133.28,new postings,"IT Infrastructure, Operations & Support"
2021-10-25,FR,117.29,total postings,"IT Infrastructure, Operations & Support"
2021-10-25,FR,133.44,new postings,"IT Infrastructure, Operations & Support"
2021-10-26,FR,117.32,total postings,"IT Infrastructure, Operations & Support"
2021-10-26,FR,131.63,new postings,"IT Infrastructure, Operations & Support"
2021-10-27,FR,117.44,total postings,"IT Infrastructure, Operations & Support"
2021-10-27,FR,130.68,new postings,"IT Infrastructure, Operations & Support"
2021-10-28,FR,117.53,total postings,"IT Infrastructure, Operations & Support"
2021-10-28,FR,130.65,new postings,"IT Infrastructure, Operations & Support"
2021-10-29,FR,117.68,total postings,"IT Infrastructure, Operations & Support"
2021-10-29,FR,133.33,new postings,"IT Infrastructure, Operations & Support"
2021-10-30,FR,117.77,total postings,"IT Infrastructure, Operations & Support"
2021-10-30,FR,133.3,new postings,"IT Infrastructure, Operations & Support"
2021-10-31,FR,118.16,total postings,"IT Infrastructure, Operations & Support"
2021-10-31,FR,134.99,new postings,"IT Infrastructure, Operations & Support"
2021-11-01,FR,118.61,total postings,"IT Infrastructure, Operations & Support"
2021-11-01,FR,137.54,new postings,"IT Infrastructure, Operations & Support"
2021-11-02,FR,118.99,total postings,"IT Infrastructure, Operations & Support"
2021-11-02,FR,138.63,new postings,"IT Infrastructure, Operations & Support"
2021-11-03,FR,119.38,total postings,"IT Infrastructure, Operations & Support"
2021-11-03,FR,138.82,new postings,"IT Infrastructure, Operations & Support"
2021-11-04,FR,119.85,total postings,"IT Infrastructure, Operations & Support"
2021-11-04,FR,138.92,new postings,"IT Infrastructure, Operations & Support"
2021-11-05,FR,120.34,total postings,"IT Infrastructure, Operations & Support"
2021-11-05,FR,137.82,new postings,"IT Infrastructure, Operations & Support"
2021-11-06,FR,120.58,total postings,"IT Infrastructure, Operations & Support"
2021-11-06,FR,137.64,new postings,"IT Infrastructure, Operations & Support"
2021-11-07,FR,120.72,total postings,"IT Infrastructure, Operations & Support"
2021-11-07,FR,136.63,new postings,"IT Infrastructure, Operations & Support"
2021-11-08,FR,120.82,total postings,"IT Infrastructure, Operations & Support"
2021-11-08,FR,134.57,new postings,"IT Infrastructure, Operations & Support"
2021-11-09,FR,121.43,total postings,"IT Infrastructure, Operations & Support"
2021-11-09,FR,136.19,new postings,"IT Infrastructure, Operations & Support"
2021-11-10,FR,121.76,total postings,"IT Infrastructure, Operations & Support"
2021-11-10,FR,137.56,new postings,"IT Infrastructure, Operations & Support"
2021-11-11,FR,121.89,total postings,"IT Infrastructure, Operations & Support"
2021-11-11,FR,137.06,new postings,"IT Infrastructure, Operations & Support"
2021-11-12,FR,121.84,total postings,"IT Infrastructure, Operations & Support"
2021-11-12,FR,134.33,new postings,"IT Infrastructure, Operations & Support"
2021-11-13,FR,121.77,total postings,"IT Infrastructure, Operations & Support"
2021-11-13,FR,131.87,new postings,"IT Infrastructure, Operations & Support"
2021-11-14,FR,121.9,total postings,"IT Infrastructure, Operations & Support"
2021-11-14,FR,129.25,new postings,"IT Infrastructure, Operations & Support"
2021-11-15,FR,121.87,total postings,"IT Infrastructure, Operations & Support"
2021-11-15,FR,126.43,new postings,"IT Infrastructure, Operations & Support"
2021-11-16,FR,121.51,total postings,"IT Infrastructure, Operations & Support"
2021-11-16,FR,121.95,new postings,"IT Infrastructure, Operations & Support"
2021-11-17,FR,121.53,total postings,"IT Infrastructure, Operations & Support"
2021-11-17,FR,119.25,new postings,"IT Infrastructure, Operations & Support"
2021-11-18,FR,121.49,total postings,"IT Infrastructure, Operations & Support"
2021-11-18,FR,117.57,new postings,"IT Infrastructure, Operations & Support"
2021-11-19,FR,121.58,total postings,"IT Infrastructure, Operations & Support"
2021-11-19,FR,118.42,new postings,"IT Infrastructure, Operations & Support"
2021-11-20,FR,121.67,total postings,"IT Infrastructure, Operations & Support"
2021-11-20,FR,120.92,new postings,"IT Infrastructure, Operations & Support"
2021-11-21,FR,121.72,total postings,"IT Infrastructure, Operations & Support"
2021-11-21,FR,122.99,new postings,"IT Infrastructure, Operations & Support"
2021-11-22,FR,121.67,total postings,"IT Infrastructure, Operations & Support"
2021-11-22,FR,125.48,new postings,"IT Infrastructure, Operations & Support"
2021-11-23,FR,121.54,total postings,"IT Infrastructure, Operations & Support"
2021-11-23,FR,128.56,new postings,"IT Infrastructure, Operations & Support"
2021-11-24,FR,121.27,total postings,"IT Infrastructure, Operations & Support"
2021-11-24,FR,128.83,new postings,"IT Infrastructure, Operations & Support"
2021-11-25,FR,121.04,total postings,"IT Infrastructure, Operations & Support"
2021-11-25,FR,129.61,new postings,"IT Infrastructure, Operations & Support"
2021-11-26,FR,120.74,total postings,"IT Infrastructure, Operations & Support"
2021-11-26,FR,129.59,new postings,"IT Infrastructure, Operations & Support"
2021-11-27,FR,120.63,total postings,"IT Infrastructure, Operations & Support"
2021-11-27,FR,128.13,new postings,"IT Infrastructure, Operations & Support"
2021-11-28,FR,120.35,total postings,"IT Infrastructure, Operations & Support"
2021-11-28,FR,127.45,new postings,"IT Infrastructure, Operations & Support"
2021-11-29,FR,120.33,total postings,"IT Infrastructure, Operations & Support"
2021-11-29,FR,126.63,new postings,"IT Infrastructure, Operations & Support"
2021-11-30,FR,120.35,total postings,"IT Infrastructure, Operations & Support"
2021-11-30,FR,125.35,new postings,"IT Infrastructure, Operations & Support"
2021-12-01,FR,120.26,total postings,"IT Infrastructure, Operations & Support"
2021-12-01,FR,125.61,new postings,"IT Infrastructure, Operations & Support"
2021-12-02,FR,120.24,total postings,"IT Infrastructure, Operations & Support"
2021-12-02,FR,126.57,new postings,"IT Infrastructure, Operations & Support"
2021-12-03,FR,120.09,total postings,"IT Infrastructure, Operations & Support"
2021-12-03,FR,128.36,new postings,"IT Infrastructure, Operations & Support"
2021-12-04,FR,120.05,total postings,"IT Infrastructure, Operations & Support"
2021-12-04,FR,131.01,new postings,"IT Infrastructure, Operations & Support"
2021-12-05,FR,120.02,total postings,"IT Infrastructure, Operations & Support"
2021-12-05,FR,132.91,new postings,"IT Infrastructure, Operations & Support"
2021-12-06,FR,119.74,total postings,"IT Infrastructure, Operations & Support"
2021-12-06,FR,134.45,new postings,"IT Infrastructure, Operations & Support"
2021-12-07,FR,119.64,total postings,"IT Infrastructure, Operations & Support"
2021-12-07,FR,137.33,new postings,"IT Infrastructure, Operations & Support"
2021-12-08,FR,119.51,total postings,"IT Infrastructure, Operations & Support"
2021-12-08,FR,138.8,new postings,"IT Infrastructure, Operations & Support"
2021-12-09,FR,119.29,total postings,"IT Infrastructure, Operations & Support"
2021-12-09,FR,139.16,new postings,"IT Infrastructure, Operations & Support"
2021-12-10,FR,119.39,total postings,"IT Infrastructure, Operations & Support"
2021-12-10,FR,138.73,new postings,"IT Infrastructure, Operations & Support"
2021-12-11,FR,119.39,total postings,"IT Infrastructure, Operations & Support"
2021-12-11,FR,137.44,new postings,"IT Infrastructure, Operations & Support"
2021-12-12,FR,119.64,total postings,"IT Infrastructure, Operations & Support"
2021-12-12,FR,136.49,new postings,"IT Infrastructure, Operations & Support"
2021-12-13,FR,120.06,total postings,"IT Infrastructure, Operations & Support"
2021-12-13,FR,135.37,new postings,"IT Infrastructure, Operations & Support"
2021-12-14,FR,120.33,total postings,"IT Infrastructure, Operations & Support"
2021-12-14,FR,132.42,new postings,"IT Infrastructure, Operations & Support"
2021-12-15,FR,120.68,total postings,"IT Infrastructure, Operations & Support"
2021-12-15,FR,131.16,new postings,"IT Infrastructure, Operations & Support"
2021-12-16,FR,121.04,total postings,"IT Infrastructure, Operations & Support"
2021-12-16,FR,130.27,new postings,"IT Infrastructure, Operations & Support"
2021-12-17,FR,121.09,total postings,"IT Infrastructure, Operations & Support"
2021-12-17,FR,128.71,new postings,"IT Infrastructure, Operations & Support"
2021-12-18,FR,121.43,total postings,"IT Infrastructure, Operations & Support"
2021-12-18,FR,128.25,new postings,"IT Infrastructure, Operations & Support"
2021-12-19,FR,121.65,total postings,"IT Infrastructure, Operations & Support"
2021-12-19,FR,128.03,new postings,"IT Infrastructure, Operations & Support"
2021-12-20,FR,121.93,total postings,"IT Infrastructure, Operations & Support"
2021-12-20,FR,128.62,new postings,"IT Infrastructure, Operations & Support"
2021-12-21,FR,122.22,total postings,"IT Infrastructure, Operations & Support"
2021-12-21,FR,129.61,new postings,"IT Infrastructure, Operations & Support"
2021-12-22,FR,122.54,total postings,"IT Infrastructure, Operations & Support"
2021-12-22,FR,130.94,new postings,"IT Infrastructure, Operations & Support"
2021-12-23,FR,122.81,total postings,"IT Infrastructure, Operations & Support"
2021-12-23,FR,131.09,new postings,"IT Infrastructure, Operations & Support"
2021-12-24,FR,123.29,total postings,"IT Infrastructure, Operations & Support"
2021-12-24,FR,132.37,new postings,"IT Infrastructure, Operations & Support"
2021-12-25,FR,123.55,total postings,"IT Infrastructure, Operations & Support"
2021-12-25,FR,132.9,new postings,"IT Infrastructure, Operations & Support"
2021-12-26,FR,123.76,total postings,"IT Infrastructure, Operations & Support"
2021-12-26,FR,134.08,new postings,"IT Infrastructure, Operations & Support"
2021-12-27,FR,123.99,total postings,"IT Infrastructure, Operations & Support"
2021-12-27,FR,135.55,new postings,"IT Infrastructure, Operations & Support"
2021-12-28,FR,124.17,total postings,"IT Infrastructure, Operations & Support"
2021-12-28,FR,136.72,new postings,"IT Infrastructure, Operations & Support"
2021-12-29,FR,124.16,total postings,"IT Infrastructure, Operations & Support"
2021-12-29,FR,135.52,new postings,"IT Infrastructure, Operations & Support"
2021-12-30,FR,124.26,total postings,"IT Infrastructure, Operations & Support"
2021-12-30,FR,134.66,new postings,"IT Infrastructure, Operations & Support"
2021-12-31,FR,124.28,total postings,"IT Infrastructure, Operations & Support"
2021-12-31,FR,132.09,new postings,"IT Infrastructure, Operations & Support"
2022-01-01,FR,124.14,total postings,"IT Infrastructure, Operations & Support"
2022-01-01,FR,129.11,new postings,"IT Infrastructure, Operations & Support"
2022-01-02,FR,124.06,total postings,"IT Infrastructure, Operations & Support"
2022-01-02,FR,124.7,new postings,"IT Infrastructure, Operations & Support"
2022-01-03,FR,124.0,total postings,"IT Infrastructure, Operations & Support"
2022-01-03,FR,118.78,new postings,"IT Infrastructure, Operations & Support"
2022-01-04,FR,124.0,total postings,"IT Infrastructure, Operations & Support"
2022-01-04,FR,113.87,new postings,"IT Infrastructure, Operations & Support"
2022-01-05,FR,123.99,total postings,"IT Infrastructure, Operations & Support"
2022-01-05,FR,112.73,new postings,"IT Infrastructure, Operations & Support"
2022-01-06,FR,123.73,total postings,"IT Infrastructure, Operations & Support"
2022-01-06,FR,112.83,new postings,"IT Infrastructure, Operations & Support"
2022-01-07,FR,123.53,total postings,"IT Infrastructure, Operations & Support"
2022-01-07,FR,115.63,new postings,"IT Infrastructure, Operations & Support"
2022-01-08,FR,123.49,total postings,"IT Infrastructure, Operations & Support"
2022-01-08,FR,121.16,new postings,"IT Infrastructure, Operations & Support"
2022-01-09,FR,123.38,total postings,"IT Infrastructure, Operations & Support"
2022-01-09,FR,126.76,new postings,"IT Infrastructure, Operations & Support"
2022-01-10,FR,123.08,total postings,"IT Infrastructure, Operations & Support"
2022-01-10,FR,131.5,new postings,"IT Infrastructure, Operations & Support"
2022-01-11,FR,122.75,total postings,"IT Infrastructure, Operations & Support"
2022-01-11,FR,136.2,new postings,"IT Infrastructure, Operations & Support"
2022-01-12,FR,122.5,total postings,"IT Infrastructure, Operations & Support"
2022-01-12,FR,138.61,new postings,"IT Infrastructure, Operations & Support"
2022-01-13,FR,122.63,total postings,"IT Infrastructure, Operations & Support"
2022-01-13,FR,140.38,new postings,"IT Infrastructure, Operations & Support"
2022-01-14,FR,122.68,total postings,"IT Infrastructure, Operations & Support"
2022-01-14,FR,140.21,new postings,"IT Infrastructure, Operations & Support"
2022-01-15,FR,122.81,total postings,"IT Infrastructure, Operations & Support"
2022-01-15,FR,138.05,new postings,"IT Infrastructure, Operations & Support"
2022-01-16,FR,122.97,total postings,"IT Infrastructure, Operations & Support"
2022-01-16,FR,136.37,new postings,"IT Infrastructure, Operations & Support"
2022-01-17,FR,123.2,total postings,"IT Infrastructure, Operations & Support"
2022-01-17,FR,136.06,new postings,"IT Infrastructure, Operations & Support"
2022-01-18,FR,123.62,total postings,"IT Infrastructure, Operations & Support"
2022-01-18,FR,134.44,new postings,"IT Infrastructure, Operations & Support"
2022-01-19,FR,124.07,total postings,"IT Infrastructure, Operations & Support"
2022-01-19,FR,134.48,new postings,"IT Infrastructure, Operations & Support"
2022-01-20,FR,124.52,total postings,"IT Infrastructure, Operations & Support"
2022-01-20,FR,135.11,new postings,"IT Infrastructure, Operations & Support"
2022-01-21,FR,125.05,total postings,"IT Infrastructure, Operations & Support"
2022-01-21,FR,136.33,new postings,"IT Infrastructure, Operations & Support"
2022-01-22,FR,125.43,total postings,"IT Infrastructure, Operations & Support"
2022-01-22,FR,136.43,new postings,"IT Infrastructure, Operations & Support"
2022-01-23,FR,125.88,total postings,"IT Infrastructure, Operations & Support"
2022-01-23,FR,136.6,new postings,"IT Infrastructure, Operations & Support"
2022-01-24,FR,126.28,total postings,"IT Infrastructure, Operations & Support"
2022-01-24,FR,137.06,new postings,"IT Infrastructure, Operations & Support"
2022-01-25,FR,126.56,total postings,"IT Infrastructure, Operations & Support"
2022-01-25,FR,137.75,new postings,"IT Infrastructure, Operations & Support"
2022-01-26,FR,126.81,total postings,"IT Infrastructure, Operations & Support"
2022-01-26,FR,136.07,new postings,"IT Infrastructure, Operations & Support"
2022-01-27,FR,127.01,total postings,"IT Infrastructure, Operations & Support"
2022-01-27,FR,134.22,new postings,"IT Infrastructure, Operations & Support"
2022-01-28,FR,127.21,total postings,"IT Infrastructure, Operations & Support"
2022-01-28,FR,132.73,new postings,"IT Infrastructure, Operations & Support"
2022-01-29,FR,127.38,total postings,"IT Infrastructure, Operations & Support"
2022-01-29,FR,131.75,new postings,"IT Infrastructure, Operations & Support"
2022-01-30,FR,127.58,total postings,"IT Infrastructure, Operations & Support"
2022-01-30,FR,130.9,new postings,"IT Infrastructure, Operations & Support"
2022-01-31,FR,127.73,total postings,"IT Infrastructure, Operations & Support"
2022-01-31,FR,129.63,new postings,"IT Infrastructure, Operations & Support"
2022-02-01,FR,127.9,total postings,"IT Infrastructure, Operations & Support"
2022-02-01,FR,129.61,new postings,"IT Infrastructure, Operations & Support"
2022-02-02,FR,127.81,total postings,"IT Infrastructure, Operations & Support"
2022-02-02,FR,130.97,new postings,"IT Infrastructure, Operations & Support"
2022-02-03,FR,127.63,total postings,"IT Infrastructure, Operations & Support"
2022-02-03,FR,132.43,new postings,"IT Infrastructure, Operations & Support"
2022-02-04,FR,127.44,total postings,"IT Infrastructure, Operations & Support"
2022-02-04,FR,133.67,new postings,"IT Infrastructure, Operations & Support"
2022-02-05,FR,127.52,total postings,"IT Infrastructure, Operations & Support"
2022-02-05,FR,136.94,new postings,"IT Infrastructure, Operations & Support"
2022-02-06,FR,127.59,total postings,"IT Infrastructure, Operations & Support"
2022-02-06,FR,139.53,new postings,"IT Infrastructure, Operations & Support"
2022-02-07,FR,127.6,total postings,"IT Infrastructure, Operations & Support"
2022-02-07,FR,142.34,new postings,"IT Infrastructure, Operations & Support"
2022-02-08,FR,127.65,total postings,"IT Infrastructure, Operations & Support"
2022-02-08,FR,144.31,new postings,"IT Infrastructure, Operations & Support"
2022-02-09,FR,127.96,total postings,"IT Infrastructure, Operations & Support"
2022-02-09,FR,145.59,new postings,"IT Infrastructure, Operations & Support"
2022-02-10,FR,128.27,total postings,"IT Infrastructure, Operations & Support"
2022-02-10,FR,146.72,new postings,"IT Infrastructure, Operations & Support"
2022-02-11,FR,128.53,total postings,"IT Infrastructure, Operations & Support"
2022-02-11,FR,147.8,new postings,"IT Infrastructure, Operations & Support"
2022-02-12,FR,128.58,total postings,"IT Infrastructure, Operations & Support"
2022-02-12,FR,147.13,new postings,"IT Infrastructure, Operations & Support"
2022-02-13,FR,128.59,total postings,"IT Infrastructure, Operations & Support"
2022-02-13,FR,147.18,new postings,"IT Infrastructure, Operations & Support"
2022-02-14,FR,128.61,total postings,"IT Infrastructure, Operations & Support"
2022-02-14,FR,146.46,new postings,"IT Infrastructure, Operations & Support"
2022-02-15,FR,128.61,total postings,"IT Infrastructure, Operations & Support"
2022-02-15,FR,145.56,new postings,"IT Infrastructure, Operations & Support"
2022-02-16,FR,128.75,total postings,"IT Infrastructure, Operations & Support"
2022-02-16,FR,146.82,new postings,"IT Infrastructure, Operations & Support"
2022-02-17,FR,129.02,total postings,"IT Infrastructure, Operations & Support"
2022-02-17,FR,147.44,new postings,"IT Infrastructure, Operations & Support"
2022-02-18,FR,129.12,total postings,"IT Infrastructure, Operations & Support"
2022-02-18,FR,147.56,new postings,"IT Infrastructure, Operations & Support"
2022-02-19,FR,129.18,total postings,"IT Infrastructure, Operations & Support"
2022-02-19,FR,146.74,new postings,"IT Infrastructure, Operations & Support"
2022-02-20,FR,129.24,total postings,"IT Infrastructure, Operations & Support"
2022-02-20,FR,145.61,new postings,"IT Infrastructure, Operations & Support"
2022-02-21,FR,129.44,total postings,"IT Infrastructure, Operations & Support"
2022-02-21,FR,145.04,new postings,"IT Infrastructure, Operations & Support"
2022-02-22,FR,129.55,total postings,"IT Infrastructure, Operations & Support"
2022-02-22,FR,146.1,new postings,"IT Infrastructure, Operations & Support"
2022-02-23,FR,129.54,total postings,"IT Infrastructure, Operations & Support"
2022-02-23,FR,145.32,new postings,"IT Infrastructure, Operations & Support"
2022-02-24,FR,129.55,total postings,"IT Infrastructure, Operations & Support"
2022-02-24,FR,145.12,new postings,"IT Infrastructure, Operations & Support"
2022-02-25,FR,129.66,total postings,"IT Infrastructure, Operations & Support"
2022-02-25,FR,145.48,new postings,"IT Infrastructure, Operations & Support"
2022-02-26,FR,129.92,total postings,"IT Infrastructure, Operations & Support"
2022-02-26,FR,147.61,new postings,"IT Infrastructure, Operations & Support"
2022-02-27,FR,130.05,total postings,"IT Infrastructure, Operations & Support"
2022-02-27,FR,149.32,new postings,"IT Infrastructure, Operations & Support"
2022-02-28,FR,130.15,total postings,"IT Infrastructure, Operations & Support"
2022-02-28,FR,150.83,new postings,"IT Infrastructure, Operations & Support"
2022-03-01,FR,130.39,total postings,"IT Infrastructure, Operations & Support"
2022-03-01,FR,150.62,new postings,"IT Infrastructure, Operations & Support"
2022-03-02,FR,130.84,total postings,"IT Infrastructure, Operations & Support"
2022-03-02,FR,150.24,new postings,"IT Infrastructure, Operations & Support"
2022-03-03,FR,131.2,total postings,"IT Infrastructure, Operations & Support"
2022-03-03,FR,149.6,new postings,"IT Infrastructure, Operations & Support"
2022-03-04,FR,131.62,total postings,"IT Infrastructure, Operations & Support"
2022-03-04,FR,148.46,new postings,"IT Infrastructure, Operations & Support"
2022-03-05,FR,131.9,total postings,"IT Infrastructure, Operations & Support"
2022-03-05,FR,146.58,new postings,"IT Infrastructure, Operations & Support"
2022-03-06,FR,132.19,total postings,"IT Infrastructure, Operations & Support"
2022-03-06,FR,144.66,new postings,"IT Infrastructure, Operations & Support"
2022-03-07,FR,132.34,total postings,"IT Infrastructure, Operations & Support"
2022-03-07,FR,143.27,new postings,"IT Infrastructure, Operations & Support"
2022-03-08,FR,132.57,total postings,"IT Infrastructure, Operations & Support"
2022-03-08,FR,143.32,new postings,"IT Infrastructure, Operations & Support"
2022-03-09,FR,132.62,total postings,"IT Infrastructure, Operations & Support"
2022-03-09,FR,143.57,new postings,"IT Infrastructure, Operations & Support"
2022-03-10,FR,132.74,total postings,"IT Infrastructure, Operations & Support"
2022-03-10,FR,143.77,new postings,"IT Infrastructure, Operations & Support"
2022-03-11,FR,132.77,total postings,"IT Infrastructure, Operations & Support"
2022-03-11,FR,144.34,new postings,"IT Infrastructure, Operations & Support"
2022-03-12,FR,132.74,total postings,"IT Infrastructure, Operations & Support"
2022-03-12,FR,144.99,new postings,"IT Infrastructure, Operations & Support"
2022-03-13,FR,132.96,total postings,"IT Infrastructure, Operations & Support"
2022-03-13,FR,146.83,new postings,"IT Infrastructure, Operations & Support"
2022-03-14,FR,133.19,total postings,"IT Infrastructure, Operations & Support"
2022-03-14,FR,148.26,new postings,"IT Infrastructure, Operations & Support"
2022-03-15,FR,133.14,total postings,"IT Infrastructure, Operations & Support"
2022-03-15,FR,147.31,new postings,"IT Infrastructure, Operations & Support"
2022-03-16,FR,133.09,total postings,"IT Infrastructure, Operations & Support"
2022-03-16,FR,146.93,new postings,"IT Infrastructure, Operations & Support"
2022-03-17,FR,133.13,total postings,"IT Infrastructure, Operations & Support"
2022-03-17,FR,147.74,new postings,"IT Infrastructure, Operations & Support"
2022-03-18,FR,133.18,total postings,"IT Infrastructure, Operations & Support"
2022-03-18,FR,147.73,new postings,"IT Infrastructure, Operations & Support"
2022-03-19,FR,133.37,total postings,"IT Infrastructure, Operations & Support"
2022-03-19,FR,148.67,new postings,"IT Infrastructure, Operations & Support"
2022-03-20,FR,133.42,total postings,"IT Infrastructure, Operations & Support"
2022-03-20,FR,148.57,new postings,"IT Infrastructure, Operations & Support"
2022-03-21,FR,133.72,total postings,"IT Infrastructure, Operations & Support"
2022-03-21,FR,149.21,new postings,"IT Infrastructure, Operations & Support"
2022-03-22,FR,134.08,total postings,"IT Infrastructure, Operations & Support"
2022-03-22,FR,151.78,new postings,"IT Infrastructure, Operations & Support"
2022-03-23,FR,134.49,total postings,"IT Infrastructure, Operations & Support"
2022-03-23,FR,153.0,new postings,"IT Infrastructure, Operations & Support"
2022-03-24,FR,134.75,total postings,"IT Infrastructure, Operations & Support"
2022-03-24,FR,151.69,new postings,"IT Infrastructure, Operations & Support"
2022-03-25,FR,135.21,total postings,"IT Infrastructure, Operations & Support"
2022-03-25,FR,152.75,new postings,"IT Infrastructure, Operations & Support"
2022-03-26,FR,135.57,total postings,"IT Infrastructure, Operations & Support"
2022-03-26,FR,152.39,new postings,"IT Infrastructure, Operations & Support"
2022-03-27,FR,135.85,total postings,"IT Infrastructure, Operations & Support"
2022-03-27,FR,152.88,new postings,"IT Infrastructure, Operations & Support"
2022-03-28,FR,136.04,total postings,"IT Infrastructure, Operations & Support"
2022-03-28,FR,152.2,new postings,"IT Infrastructure, Operations & Support"
2022-03-29,FR,136.46,total postings,"IT Infrastructure, Operations & Support"
2022-03-29,FR,151.89,new postings,"IT Infrastructure, Operations & Support"
2022-03-30,FR,136.8,total postings,"IT Infrastructure, Operations & Support"
2022-03-30,FR,152.51,new postings,"IT Infrastructure, Operations & Support"
2022-03-31,FR,137.08,total postings,"IT Infrastructure, Operations & Support"
2022-03-31,FR,155.0,new postings,"IT Infrastructure, Operations & Support"
2022-04-01,FR,137.35,total postings,"IT Infrastructure, Operations & Support"
2022-04-01,FR,156.18,new postings,"IT Infrastructure, Operations & Support"
2022-04-02,FR,137.92,total postings,"IT Infrastructure, Operations & Support"
2022-04-02,FR,158.61,new postings,"IT Infrastructure, Operations & Support"
2022-04-03,FR,138.32,total postings,"IT Infrastructure, Operations & Support"
2022-04-03,FR,160.21,new postings,"IT Infrastructure, Operations & Support"
2022-04-04,FR,138.65,total postings,"IT Infrastructure, Operations & Support"
2022-04-04,FR,163.03,new postings,"IT Infrastructure, Operations & Support"
2022-04-05,FR,138.74,total postings,"IT Infrastructure, Operations & Support"
2022-04-05,FR,164.81,new postings,"IT Infrastructure, Operations & Support"
2022-04-06,FR,139.04,total postings,"IT Infrastructure, Operations & Support"
2022-04-06,FR,166.25,new postings,"IT Infrastructure, Operations & Support"
2022-04-07,FR,139.38,total postings,"IT Infrastructure, Operations & Support"
2022-04-07,FR,167.61,new postings,"IT Infrastructure, Operations & Support"
2022-04-08,FR,139.69,total postings,"IT Infrastructure, Operations & Support"
2022-04-08,FR,168.84,new postings,"IT Infrastructure, Operations & Support"
2022-04-09,FR,139.67,total postings,"IT Infrastructure, Operations & Support"
2022-04-09,FR,169.35,new postings,"IT Infrastructure, Operations & Support"
2022-04-10,FR,139.85,total postings,"IT Infrastructure, Operations & Support"
2022-04-10,FR,170.71,new postings,"IT Infrastructure, Operations & Support"
2022-04-11,FR,139.79,total postings,"IT Infrastructure, Operations & Support"
2022-04-11,FR,171.62,new postings,"IT Infrastructure, Operations & Support"
2022-04-12,FR,139.73,total postings,"IT Infrastructure, Operations & Support"
2022-04-12,FR,172.41,new postings,"IT Infrastructure, Operations & Support"
2022-04-13,FR,139.57,total postings,"IT Infrastructure, Operations & Support"
2022-04-13,FR,172.39,new postings,"IT Infrastructure, Operations & Support"
2022-04-14,FR,139.51,total postings,"IT Infrastructure, Operations & Support"
2022-04-14,FR,171.28,new postings,"IT Infrastructure, Operations & Support"
2022-04-15,FR,139.4,total postings,"IT Infrastructure, Operations & Support"
2022-04-15,FR,168.74,new postings,"IT Infrastructure, Operations & Support"
2022-04-16,FR,139.45,total postings,"IT Infrastructure, Operations & Support"
2022-04-16,FR,165.17,new postings,"IT Infrastructure, Operations & Support"
2022-04-17,FR,139.29,total postings,"IT Infrastructure, Operations & Support"
2022-04-17,FR,160.28,new postings,"IT Infrastructure, Operations & Support"
2022-04-18,FR,139.36,total postings,"IT Infrastructure, Operations & Support"
2022-04-18,FR,155.62,new postings,"IT Infrastructure, Operations & Support"
2022-04-19,FR,139.12,total postings,"IT Infrastructure, Operations & Support"
2022-04-19,FR,148.77,new postings,"IT Infrastructure, Operations & Support"
2022-04-20,FR,138.77,total postings,"IT Infrastructure, Operations & Support"
2022-04-20,FR,142.62,new postings,"IT Infrastructure, Operations & Support"
2022-04-21,FR,138.27,total postings,"IT Infrastructure, Operations & Support"
2022-04-21,FR,135.87,new postings,"IT Infrastructure, Operations & Support"
2022-04-22,FR,137.89,total postings,"IT Infrastructure, Operations & Support"
2022-04-22,FR,131.27,new postings,"IT Infrastructure, Operations & Support"
2022-04-23,FR,137.46,total postings,"IT Infrastructure, Operations & Support"
2022-04-23,FR,127.59,new postings,"IT Infrastructure, Operations & Support"
2022-04-24,FR,137.17,total postings,"IT Infrastructure, Operations & Support"
2022-04-24,FR,124.38,new postings,"IT Infrastructure, Operations & Support"
2022-04-25,FR,136.86,total postings,"IT Infrastructure, Operations & Support"
2022-04-25,FR,121.42,new postings,"IT Infrastructure, Operations & Support"
2022-04-26,FR,136.77,total postings,"IT Infrastructure, Operations & Support"
2022-04-26,FR,123.93,new postings,"IT Infrastructure, Operations & Support"
2022-04-27,FR,136.72,total postings,"IT Infrastructure, Operations & Support"
2022-04-27,FR,127.26,new postings,"IT Infrastructure, Operations & Support"
2022-04-28,FR,136.72,total postings,"IT Infrastructure, Operations & Support"
2022-04-28,FR,131.27,new postings,"IT Infrastructure, Operations & Support"
2022-04-29,FR,136.63,total postings,"IT Infrastructure, Operations & Support"
2022-04-29,FR,134.68,new postings,"IT Infrastructure, Operations & Support"
2022-04-30,FR,136.66,total postings,"IT Infrastructure, Operations & Support"
2022-04-30,FR,138.1,new postings,"IT Infrastructure, Operations & Support"
2022-05-01,FR,136.68,total postings,"IT Infrastructure, Operations & Support"
2022-05-01,FR,142.13,new postings,"IT Infrastructure, Operations & Support"
2022-05-02,FR,136.86,total postings,"IT Infrastructure, Operations & Support"
2022-05-02,FR,147.59,new postings,"IT Infrastructure, Operations & Support"
2022-05-03,FR,137.05,total postings,"IT Infrastructure, Operations & Support"
2022-05-03,FR,149.49,new postings,"IT Infrastructure, Operations & Support"
2022-05-04,FR,137.41,total postings,"IT Infrastructure, Operations & Support"
2022-05-04,FR,151.88,new postings,"IT Infrastructure, Operations & Support"
2022-05-05,FR,137.93,total postings,"IT Infrastructure, Operations & Support"
2022-05-05,FR,156.88,new postings,"IT Infrastructure, Operations & Support"
2022-05-06,FR,138.67,total postings,"IT Infrastructure, Operations & Support"
2022-05-06,FR,160.74,new postings,"IT Infrastructure, Operations & Support"
2022-05-07,FR,138.98,total postings,"IT Infrastructure, Operations & Support"
2022-05-07,FR,164.63,new postings,"IT Infrastructure, Operations & Support"
2022-05-08,FR,139.38,total postings,"IT Infrastructure, Operations & Support"
2022-05-08,FR,167.71,new postings,"IT Infrastructure, Operations & Support"
2022-05-09,FR,139.69,total postings,"IT Infrastructure, Operations & Support"
2022-05-09,FR,168.79,new postings,"IT Infrastructure, Operations & Support"
2022-05-10,FR,140.1,total postings,"IT Infrastructure, Operations & Support"
2022-05-10,FR,171.5,new postings,"IT Infrastructure, Operations & Support"
2022-05-11,FR,140.43,total postings,"IT Infrastructure, Operations & Support"
2022-05-11,FR,171.95,new postings,"IT Infrastructure, Operations & Support"
2022-05-12,FR,140.34,total postings,"IT Infrastructure, Operations & Support"
2022-05-12,FR,170.43,new postings,"IT Infrastructure, Operations & Support"
2022-05-13,FR,139.85,total postings,"IT Infrastructure, Operations & Support"
2022-05-13,FR,167.56,new postings,"IT Infrastructure, Operations & Support"
2022-05-14,FR,140.04,total postings,"IT Infrastructure, Operations & Support"
2022-05-14,FR,166.57,new postings,"IT Infrastructure, Operations & Support"
2022-05-15,FR,140.19,total postings,"IT Infrastructure, Operations & Support"
2022-05-15,FR,167.33,new postings,"IT Infrastructure, Operations & Support"
2022-05-16,FR,140.36,total postings,"IT Infrastructure, Operations & Support"
2022-05-16,FR,166.2,new postings,"IT Infrastructure, Operations & Support"
2022-05-17,FR,140.57,total postings,"IT Infrastructure, Operations & Support"
2022-05-17,FR,165.71,new postings,"IT Infrastructure, Operations & Support"
2022-05-18,FR,140.68,total postings,"IT Infrastructure, Operations & Support"
2022-05-18,FR,166.31,new postings,"IT Infrastructure, Operations & Support"
2022-05-19,FR,141.23,total postings,"IT Infrastructure, Operations & Support"
2022-05-19,FR,167.97,new postings,"IT Infrastructure, Operations & Support"
2022-05-20,FR,142.1,total postings,"IT Infrastructure, Operations & Support"
2022-05-20,FR,172.51,new postings,"IT Infrastructure, Operations & Support"
2022-05-21,FR,142.37,total postings,"IT Infrastructure, Operations & Support"
2022-05-21,FR,174.7,new postings,"IT Infrastructure, Operations & Support"
2022-05-22,FR,142.81,total postings,"IT Infrastructure, Operations & Support"
2022-05-22,FR,174.81,new postings,"IT Infrastructure, Operations & Support"
2022-05-23,FR,143.41,total postings,"IT Infrastructure, Operations & Support"
2022-05-23,FR,175.87,new postings,"IT Infrastructure, Operations & Support"
2022-05-24,FR,143.64,total postings,"IT Infrastructure, Operations & Support"
2022-05-24,FR,174.84,new postings,"IT Infrastructure, Operations & Support"
2022-05-25,FR,143.99,total postings,"IT Infrastructure, Operations & Support"
2022-05-25,FR,173.43,new postings,"IT Infrastructure, Operations & Support"
2022-05-26,FR,144.09,total postings,"IT Infrastructure, Operations & Support"
2022-05-26,FR,170.48,new postings,"IT Infrastructure, Operations & Support"
2022-05-27,FR,143.85,total postings,"IT Infrastructure, Operations & Support"
2022-05-27,FR,164.08,new postings,"IT Infrastructure, Operations & Support"
2022-05-28,FR,143.65,total postings,"IT Infrastructure, Operations & Support"
2022-05-28,FR,155.85,new postings,"IT Infrastructure, Operations & Support"
2022-05-29,FR,143.26,total postings,"IT Infrastructure, Operations & Support"
2022-05-29,FR,148.37,new postings,"IT Infrastructure, Operations & Support"
2022-05-30,FR,142.92,total postings,"IT Infrastructure, Operations & Support"
2022-05-30,FR,142.08,new postings,"IT Infrastructure, Operations & Support"
2022-05-31,FR,142.92,total postings,"IT Infrastructure, Operations & Support"
2022-05-31,FR,135.7,new postings,"IT Infrastructure, Operations & Support"
2022-06-01,FR,142.67,total postings,"IT Infrastructure, Operations & Support"
2022-06-01,FR,130.16,new postings,"IT Infrastructure, Operations & Support"
2022-06-02,FR,142.44,total postings,"IT Infrastructure, Operations & Support"
2022-06-02,FR,125.41,new postings,"IT Infrastructure, Operations & Support"
2022-06-03,FR,142.45,total postings,"IT Infrastructure, Operations & Support"
2022-06-03,FR,126.2,new postings,"IT Infrastructure, Operations & Support"
2022-06-04,FR,142.62,total postings,"IT Infrastructure, Operations & Support"
2022-06-04,FR,131.82,new postings,"IT Infrastructure, Operations & Support"
2022-06-05,FR,142.65,total postings,"IT Infrastructure, Operations & Support"
2022-06-05,FR,137.54,new postings,"IT Infrastructure, Operations & Support"
2022-06-06,FR,142.37,total postings,"IT Infrastructure, Operations & Support"
2022-06-06,FR,141.95,new postings,"IT Infrastructure, Operations & Support"
2022-06-07,FR,142.08,total postings,"IT Infrastructure, Operations & Support"
2022-06-07,FR,144.3,new postings,"IT Infrastructure, Operations & Support"
2022-06-08,FR,142.11,total postings,"IT Infrastructure, Operations & Support"
2022-06-08,FR,146.8,new postings,"IT Infrastructure, Operations & Support"
2022-06-09,FR,142.17,total postings,"IT Infrastructure, Operations & Support"
2022-06-09,FR,149.34,new postings,"IT Infrastructure, Operations & Support"
2022-06-10,FR,142.4,total postings,"IT Infrastructure, Operations & Support"
2022-06-10,FR,149.52,new postings,"IT Infrastructure, Operations & Support"
2022-06-11,FR,142.46,total postings,"IT Infrastructure, Operations & Support"
2022-06-11,FR,146.13,new postings,"IT Infrastructure, Operations & Support"
2022-06-12,FR,142.55,total postings,"IT Infrastructure, Operations & Support"
2022-06-12,FR,142.47,new postings,"IT Infrastructure, Operations & Support"
2022-06-13,FR,142.81,total postings,"IT Infrastructure, Operations & Support"
2022-06-13,FR,140.82,new postings,"IT Infrastructure, Operations & Support"
2022-06-14,FR,143.12,total postings,"IT Infrastructure, Operations & Support"
2022-06-14,FR,143.05,new postings,"IT Infrastructure, Operations & Support"
2022-06-15,FR,143.27,total postings,"IT Infrastructure, Operations & Support"
2022-06-15,FR,144.66,new postings,"IT Infrastructure, Operations & Support"
2022-06-16,FR,143.25,total postings,"IT Infrastructure, Operations & Support"
2022-06-16,FR,145.47,new postings,"IT Infrastructure, Operations & Support"
2022-06-17,FR,143.0,total postings,"IT Infrastructure, Operations & Support"
2022-06-17,FR,145.16,new postings,"IT Infrastructure, Operations & Support"
2022-06-18,FR,142.6,total postings,"IT Infrastructure, Operations & Support"
2022-06-18,FR,145.39,new postings,"IT Infrastructure, Operations & Support"
2022-06-19,FR,142.42,total postings,"IT Infrastructure, Operations & Support"
2022-06-19,FR,146.01,new postings,"IT Infrastructure, Operations & Support"
2022-06-20,FR,142.1,total postings,"IT Infrastructure, Operations & Support"
2022-06-20,FR,145.12,new postings,"IT Infrastructure, Operations & Support"
2022-06-21,FR,141.77,total postings,"IT Infrastructure, Operations & Support"
2022-06-21,FR,143.95,new postings,"IT Infrastructure, Operations & Support"
2022-06-22,FR,141.48,total postings,"IT Infrastructure, Operations & Support"
2022-06-22,FR,143.44,new postings,"IT Infrastructure, Operations & Support"
2022-06-23,FR,141.31,total postings,"IT Infrastructure, Operations & Support"
2022-06-23,FR,143.29,new postings,"IT Infrastructure, Operations & Support"
2022-06-24,FR,141.15,total postings,"IT Infrastructure, Operations & Support"
2022-06-24,FR,143.73,new postings,"IT Infrastructure, Operations & Support"
2022-06-25,FR,141.19,total postings,"IT Infrastructure, Operations & Support"
2022-06-25,FR,143.27,new postings,"IT Infrastructure, Operations & Support"
2022-06-26,FR,141.16,total postings,"IT Infrastructure, Operations & Support"
2022-06-26,FR,143.3,new postings,"IT Infrastructure, Operations & Support"
2022-06-27,FR,141.46,total postings,"IT Infrastructure, Operations & Support"
2022-06-27,FR,143.82,new postings,"IT Infrastructure, Operations & Support"
2022-06-28,FR,141.67,total postings,"IT Infrastructure, Operations & Support"
2022-06-28,FR,141.88,new postings,"IT Infrastructure, Operations & Support"
2022-06-29,FR,141.81,total postings,"IT Infrastructure, Operations & Support"
2022-06-29,FR,140.2,new postings,"IT Infrastructure, Operations & Support"
2022-06-30,FR,141.84,total postings,"IT Infrastructure, Operations & Support"
2022-06-30,FR,137.2,new postings,"IT Infrastructure, Operations & Support"
2022-07-01,FR,141.52,total postings,"IT Infrastructure, Operations & Support"
2022-07-01,FR,134.63,new postings,"IT Infrastructure, Operations & Support"
2022-07-02,FR,141.37,total postings,"IT Infrastructure, Operations & Support"
2022-07-02,FR,134.61,new postings,"IT Infrastructure, Operations & Support"
2022-07-03,FR,141.13,total postings,"IT Infrastructure, Operations & Support"
2022-07-03,FR,133.28,new postings,"IT Infrastructure, Operations & Support"
2022-07-04,FR,140.7,total postings,"IT Infrastructure, Operations & Support"
2022-07-04,FR,132.31,new postings,"IT Infrastructure, Operations & Support"
2022-07-05,FR,140.37,total postings,"IT Infrastructure, Operations & Support"
2022-07-05,FR,131.77,new postings,"IT Infrastructure, Operations & Support"
2022-07-06,FR,139.9,total postings,"IT Infrastructure, Operations & Support"
2022-07-06,FR,130.75,new postings,"IT Infrastructure, Operations & Support"
2022-07-07,FR,139.46,total postings,"IT Infrastructure, Operations & Support"
2022-07-07,FR,132.33,new postings,"IT Infrastructure, Operations & Support"
2022-07-08,FR,139.41,total postings,"IT Infrastructure, Operations & Support"
2022-07-08,FR,133.52,new postings,"IT Infrastructure, Operations & Support"
2022-07-09,FR,139.36,total postings,"IT Infrastructure, Operations & Support"
2022-07-09,FR,133.22,new postings,"IT Infrastructure, Operations & Support"
2022-07-10,FR,140.77,total postings,"IT Infrastructure, Operations & Support"
2022-07-10,FR,143.01,new postings,"IT Infrastructure, Operations & Support"
2022-07-11,FR,142.07,total postings,"IT Infrastructure, Operations & Support"
2022-07-11,FR,151.01,new postings,"IT Infrastructure, Operations & Support"
2022-07-12,FR,159.02,new postings,"IT Infrastructure, Operations & Support"
2022-07-12,FR,143.15,total postings,"IT Infrastructure, Operations & Support"
2022-07-13,FR,144.39,total postings,"IT Infrastructure, Operations & Support"
2022-07-13,FR,166.25,new postings,"IT Infrastructure, Operations & Support"
2022-07-14,FR,145.48,total postings,"IT Infrastructure, Operations & Support"
2022-07-14,FR,171.57,new postings,"IT Infrastructure, Operations & Support"
2022-07-15,FR,173.58,new postings,"IT Infrastructure, Operations & Support"
2022-07-15,FR,145.97,total postings,"IT Infrastructure, Operations & Support"
2022-07-16,FR,146.21,total postings,"IT Infrastructure, Operations & Support"
2022-07-16,FR,174.43,new postings,"IT Infrastructure, Operations & Support"
2022-07-17,FR,163.93,new postings,"IT Infrastructure, Operations & Support"
2022-07-17,FR,145.09,total postings,"IT Infrastructure, Operations & Support"
2022-07-18,FR,143.94,total postings,"IT Infrastructure, Operations & Support"
2022-07-18,FR,154.77,new postings,"IT Infrastructure, Operations & Support"
2022-07-19,FR,142.87,total postings,"IT Infrastructure, Operations & Support"
2022-07-19,FR,146.77,new postings,"IT Infrastructure, Operations & Support"
2022-07-20,FR,141.83,total postings,"IT Infrastructure, Operations & Support"
2022-07-20,FR,140.26,new postings,"IT Infrastructure, Operations & Support"
2022-07-21,FR,141.17,total postings,"IT Infrastructure, Operations & Support"
2022-07-21,FR,134.97,new postings,"IT Infrastructure, Operations & Support"
2022-07-22,FR,133.64,new postings,"IT Infrastructure, Operations & Support"
2022-07-22,FR,141.05,total postings,"IT Infrastructure, Operations & Support"
2022-07-23,FR,140.88,total postings,"IT Infrastructure, Operations & Support"
2022-07-23,FR,135.58,new postings,"IT Infrastructure, Operations & Support"
2022-07-24,FR,139.68,new postings,"IT Infrastructure, Operations & Support"
2022-07-24,FR,140.82,total postings,"IT Infrastructure, Operations & Support"
2022-07-25,FR,140.89,total postings,"IT Infrastructure, Operations & Support"
2022-07-25,FR,143.15,new postings,"IT Infrastructure, Operations & Support"
2022-07-26,FR,146.9,new postings,"IT Infrastructure, Operations & Support"
2022-07-26,FR,141.12,total postings,"IT Infrastructure, Operations & Support"
2022-07-27,FR,141.31,total postings,"IT Infrastructure, Operations & Support"
2022-07-27,FR,149.3,new postings,"IT Infrastructure, Operations & Support"
2022-07-28,FR,150.88,new postings,"IT Infrastructure, Operations & Support"
2022-07-28,FR,141.31,total postings,"IT Infrastructure, Operations & Support"
2022-07-29,FR,141.21,total postings,"IT Infrastructure, Operations & Support"
2022-07-29,FR,150.57,new postings,"IT Infrastructure, Operations & Support"
2022-07-30,FR,141.23,total postings,"IT Infrastructure, Operations & Support"
2022-07-30,FR,148.62,new postings,"IT Infrastructure, Operations & Support"
2022-07-31,FR,141.1,total postings,"IT Infrastructure, Operations & Support"
2022-07-31,FR,146.62,new postings,"IT Infrastructure, Operations & Support"
2022-08-01,FR,145.65,new postings,"IT Infrastructure, Operations & Support"
2022-08-01,FR,140.99,total postings,"IT Infrastructure, Operations & Support"
2022-08-02,FR,142.77,new postings,"IT Infrastructure, Operations & Support"
2022-08-02,FR,140.86,total postings,"IT Infrastructure, Operations & Support"
2022-08-03,FR,140.07,new postings,"IT Infrastructure, Operations & Support"
2022-08-03,FR,140.8,total postings,"IT Infrastructure, Operations & Support"
2022-08-04,FR,140.47,total postings,"IT Infrastructure, Operations & Support"
2022-08-04,FR,138.18,new postings,"IT Infrastructure, Operations & Support"
2022-08-05,FR,136.76,new postings,"IT Infrastructure, Operations & Support"
2022-08-05,FR,140.18,total postings,"IT Infrastructure, Operations & Support"
2022-08-06,FR,137.23,new postings,"IT Infrastructure, Operations & Support"
2022-08-06,FR,140.09,total postings,"IT Infrastructure, Operations & Support"
2022-08-07,FR,139.97,total postings,"IT Infrastructure, Operations & Support"
2022-08-07,FR,137.77,new postings,"IT Infrastructure, Operations & Support"
2022-08-08,FR,139.83,total postings,"IT Infrastructure, Operations & Support"
2022-08-08,FR,138.02,new postings,"IT Infrastructure, Operations & Support"
2022-08-09,FR,139.64,new postings,"IT Infrastructure, Operations & Support"
2022-08-09,FR,139.84,total postings,"IT Infrastructure, Operations & Support"
2022-08-10,FR,139.83,total postings,"IT Infrastructure, Operations & Support"
2022-08-10,FR,141.51,new postings,"IT Infrastructure, Operations & Support"
2022-08-11,FR,139.99,total postings,"IT Infrastructure, Operations & Support"
2022-08-11,FR,141.96,new postings,"IT Infrastructure, Operations & Support"
2022-08-12,FR,142.54,new postings,"IT Infrastructure, Operations & Support"
2022-08-12,FR,140.3,total postings,"IT Infrastructure, Operations & Support"
2022-08-13,FR,140.37,total postings,"IT Infrastructure, Operations & Support"
2022-08-13,FR,139.97,new postings,"IT Infrastructure, Operations & Support"
2022-08-14,FR,137.11,new postings,"IT Infrastructure, Operations & Support"
2022-08-14,FR,140.6,total postings,"IT Infrastructure, Operations & Support"
2022-08-15,FR,135.24,new postings,"IT Infrastructure, Operations & Support"
2022-08-15,FR,140.9,total postings,"IT Infrastructure, Operations & Support"
2022-08-16,FR,131.43,new postings,"IT Infrastructure, Operations & Support"
2022-08-16,FR,141.02,total postings,"IT Infrastructure, Operations & Support"
2022-08-17,FR,140.9,total postings,"IT Infrastructure, Operations & Support"
2022-08-17,FR,126.02,new postings,"IT Infrastructure, Operations & Support"
2022-08-18,FR,121.95,new postings,"IT Infrastructure, Operations & Support"
2022-08-18,FR,140.84,total postings,"IT Infrastructure, Operations & Support"
2022-08-19,FR,118.52,new postings,"IT Infrastructure, Operations & Support"
2022-08-19,FR,140.62,total postings,"IT Infrastructure, Operations & Support"
2022-08-20,FR,140.44,total postings,"IT Infrastructure, Operations & Support"
2022-08-20,FR,117.72,new postings,"IT Infrastructure, Operations & Support"
2022-08-21,FR,116.39,new postings,"IT Infrastructure, Operations & Support"
2022-08-21,FR,140.09,total postings,"IT Infrastructure, Operations & Support"
2022-08-22,FR,113.33,new postings,"IT Infrastructure, Operations & Support"
2022-08-22,FR,139.77,total postings,"IT Infrastructure, Operations & Support"
2022-08-23,FR,114.49,new postings,"IT Infrastructure, Operations & Support"
2022-08-23,FR,139.51,total postings,"IT Infrastructure, Operations & Support"
2022-08-24,FR,139.31,total postings,"IT Infrastructure, Operations & Support"
2022-08-24,FR,117.7,new postings,"IT Infrastructure, Operations & Support"
2022-08-25,FR,121.8,new postings,"IT Infrastructure, Operations & Support"
2022-08-25,FR,139.33,total postings,"IT Infrastructure, Operations & Support"
2022-08-26,FR,126.82,new postings,"IT Infrastructure, Operations & Support"
2022-08-26,FR,139.46,total postings,"IT Infrastructure, Operations & Support"
2022-08-27,FR,139.68,total postings,"IT Infrastructure, Operations & Support"
2022-08-27,FR,130.76,new postings,"IT Infrastructure, Operations & Support"
2022-08-28,FR,135.55,new postings,"IT Infrastructure, Operations & Support"
2022-08-28,FR,139.99,total postings,"IT Infrastructure, Operations & Support"
2022-08-29,FR,140.62,new postings,"IT Infrastructure, Operations & Support"
2022-08-29,FR,139.94,total postings,"IT Infrastructure, Operations & Support"
2022-08-30,FR,143.75,new postings,"IT Infrastructure, Operations & Support"
2022-08-30,FR,139.93,total postings,"IT Infrastructure, Operations & Support"
2022-08-31,FR,139.98,total postings,"IT Infrastructure, Operations & Support"
2022-08-31,FR,146.26,new postings,"IT Infrastructure, Operations & Support"
2022-09-01,FR,139.87,total postings,"IT Infrastructure, Operations & Support"
2022-09-01,FR,147.01,new postings,"IT Infrastructure, Operations & Support"
2022-09-02,FR,147.02,new postings,"IT Infrastructure, Operations & Support"
2022-09-02,FR,139.59,total postings,"IT Infrastructure, Operations & Support"
2022-09-03,FR,139.4,total postings,"IT Infrastructure, Operations & Support"
2022-09-03,FR,147.23,new postings,"IT Infrastructure, Operations & Support"
2022-09-04,FR,139.03,total postings,"IT Infrastructure, Operations & Support"
2022-09-04,FR,146.76,new postings,"IT Infrastructure, Operations & Support"
2022-09-05,FR,138.8,total postings,"IT Infrastructure, Operations & Support"
2022-09-05,FR,146.39,new postings,"IT Infrastructure, Operations & Support"
2022-09-06,FR,145.62,new postings,"IT Infrastructure, Operations & Support"
2022-09-06,FR,138.52,total postings,"IT Infrastructure, Operations & Support"
2022-09-07,FR,138.3,total postings,"IT Infrastructure, Operations & Support"
2022-09-07,FR,145.64,new postings,"IT Infrastructure, Operations & Support"
2022-09-08,FR,138.02,total postings,"IT Infrastructure, Operations & Support"
2022-09-08,FR,146.1,new postings,"IT Infrastructure, Operations & Support"
2022-09-09,FR,137.73,total postings,"IT Infrastructure, Operations & Support"
2022-09-09,FR,145.66,new postings,"IT Infrastructure, Operations & Support"
2022-09-10,FR,145.02,new postings,"IT Infrastructure, Operations & Support"
2022-09-10,FR,137.45,total postings,"IT Infrastructure, Operations & Support"
2022-09-11,FR,137.18,total postings,"IT Infrastructure, Operations & Support"
2022-09-11,FR,144.79,new postings,"IT Infrastructure, Operations & Support"
2022-09-12,FR,137.09,total postings,"IT Infrastructure, Operations & Support"
2022-09-12,FR,144.3,new postings,"IT Infrastructure, Operations & Support"
2022-09-13,FR,145.05,new postings,"IT Infrastructure, Operations & Support"
2022-09-13,FR,137.17,total postings,"IT Infrastructure, Operations & Support"
2022-09-14,FR,144.71,new postings,"IT Infrastructure, Operations & Support"
2022-09-14,FR,137.07,total postings,"IT Infrastructure, Operations & Support"
2022-09-15,FR,137.25,total postings,"IT Infrastructure, Operations & Support"
2022-09-15,FR,145.84,new postings,"IT Infrastructure, Operations & Support"
2022-09-16,FR,147.0,new postings,"IT Infrastructure, Operations & Support"
2022-09-16,FR,137.54,total postings,"IT Infrastructure, Operations & Support"
2022-09-17,FR,137.64,total postings,"IT Infrastructure, Operations & Support"
2022-09-17,FR,146.92,new postings,"IT Infrastructure, Operations & Support"
2022-09-18,FR,137.78,total postings,"IT Infrastructure, Operations & Support"
2022-09-18,FR,146.04,new postings,"IT Infrastructure, Operations & Support"
2022-09-19,FR,137.67,total postings,"IT Infrastructure, Operations & Support"
2022-09-19,FR,145.59,new postings,"IT Infrastructure, Operations & Support"
2022-09-20,FR,143.69,new postings,"IT Infrastructure, Operations & Support"
2022-09-20,FR,137.24,total postings,"IT Infrastructure, Operations & Support"
2022-09-21,FR,137.14,total postings,"IT Infrastructure, Operations & Support"
2022-09-21,FR,142.59,new postings,"IT Infrastructure, Operations & Support"
2022-09-22,FR,136.99,total postings,"IT Infrastructure, Operations & Support"
2022-09-22,FR,139.99,new postings,"IT Infrastructure, Operations & Support"
2022-09-23,FR,136.88,total postings,"IT Infrastructure, Operations & Support"
2022-09-23,FR,138.49,new postings,"IT Infrastructure, Operations & Support"
2022-09-24,FR,141.42,new postings,"IT Infrastructure, Operations & Support"
2022-09-24,FR,137.31,total postings,"IT Infrastructure, Operations & Support"
2022-09-25,FR,143.88,new postings,"IT Infrastructure, Operations & Support"
2022-09-25,FR,137.73,total postings,"IT Infrastructure, Operations & Support"
2022-09-26,FR,138.43,total postings,"IT Infrastructure, Operations & Support"
2022-09-26,FR,148.28,new postings,"IT Infrastructure, Operations & Support"
2022-09-27,FR,139.35,total postings,"IT Infrastructure, Operations & Support"
2022-09-27,FR,153.67,new postings,"IT Infrastructure, Operations & Support"
2022-09-28,FR,139.88,total postings,"IT Infrastructure, Operations & Support"
2022-09-28,FR,157.39,new postings,"IT Infrastructure, Operations & Support"
2022-09-29,FR,161.16,new postings,"IT Infrastructure, Operations & Support"
2022-09-29,FR,140.4,total postings,"IT Infrastructure, Operations & Support"
2022-09-30,FR,141.03,total postings,"IT Infrastructure, Operations & Support"
2022-09-30,FR,164.53,new postings,"IT Infrastructure, Operations & Support"
2022-10-01,FR,163.99,new postings,"IT Infrastructure, Operations & Support"
2022-10-01,FR,141.39,total postings,"IT Infrastructure, Operations & Support"
2022-10-02,FR,141.83,total postings,"IT Infrastructure, Operations & Support"
2022-10-02,FR,164.34,new postings,"IT Infrastructure, Operations & Support"
2022-10-03,FR,162.46,new postings,"IT Infrastructure, Operations & Support"
2022-10-03,FR,142.03,total postings,"IT Infrastructure, Operations & Support"
2022-10-04,FR,159.98,new postings,"IT Infrastructure, Operations & Support"
2022-10-04,FR,142.2,total postings,"IT Infrastructure, Operations & Support"
2022-10-05,FR,158.94,new postings,"IT Infrastructure, Operations & Support"
2022-10-05,FR,142.44,total postings,"IT Infrastructure, Operations & Support"
2022-10-06,FR,142.61,total postings,"IT Infrastructure, Operations & Support"
2022-10-06,FR,157.4,new postings,"IT Infrastructure, Operations & Support"
2022-10-07,FR,154.03,new postings,"IT Infrastructure, Operations & Support"
2022-10-07,FR,142.51,total postings,"IT Infrastructure, Operations & Support"
2022-10-08,FR,150.37,new postings,"IT Infrastructure, Operations & Support"
2022-10-08,FR,142.36,total postings,"IT Infrastructure, Operations & Support"
2022-10-09,FR,142.24,total postings,"IT Infrastructure, Operations & Support"
2022-10-09,FR,147.52,new postings,"IT Infrastructure, Operations & Support"
2022-10-10,FR,142.15,total postings,"IT Infrastructure, Operations & Support"
2022-10-10,FR,145.18,new postings,"IT Infrastructure, Operations & Support"
2022-10-11,FR,141.86,total postings,"IT Infrastructure, Operations & Support"
2022-10-11,FR,142.59,new postings,"IT Infrastructure, Operations & Support"
2022-10-12,FR,141.41,new postings,"IT Infrastructure, Operations & Support"
2022-10-12,FR,141.99,total postings,"IT Infrastructure, Operations & Support"
2022-10-13,FR,142.16,total postings,"IT Infrastructure, Operations & Support"
2022-10-13,FR,141.66,new postings,"IT Infrastructure, Operations & Support"
2022-10-14,FR,144.13,new postings,"IT Infrastructure, Operations & Support"
2022-10-14,FR,142.45,total postings,"IT Infrastructure, Operations & Support"
2022-10-15,FR,142.83,total postings,"IT Infrastructure, Operations & Support"
2022-10-15,FR,148.76,new postings,"IT Infrastructure, Operations & Support"
2022-10-16,FR,152.6,new postings,"IT Infrastructure, Operations & Support"
2022-10-16,FR,143.13,total postings,"IT Infrastructure, Operations & Support"
2022-10-17,FR,156.52,new postings,"IT Infrastructure, Operations & Support"
2022-10-17,FR,143.48,total postings,"IT Infrastructure, Operations & Support"
2022-10-18,FR,159.79,new postings,"IT Infrastructure, Operations & Support"
2022-10-18,FR,143.89,total postings,"IT Infrastructure, Operations & Support"
2022-10-19,FR,143.96,total postings,"IT Infrastructure, Operations & Support"
2022-10-19,FR,160.1,new postings,"IT Infrastructure, Operations & Support"
2022-10-20,FR,160.75,new postings,"IT Infrastructure, Operations & Support"
2022-10-20,FR,144.16,total postings,"IT Infrastructure, Operations & Support"
2022-10-21,FR,144.44,total postings,"IT Infrastructure, Operations & Support"
2022-10-21,FR,160.42,new postings,"IT Infrastructure, Operations & Support"
2022-10-22,FR,144.44,total postings,"IT Infrastructure, Operations & Support"
2022-10-22,FR,158.76,new postings,"IT Infrastructure, Operations & Support"
2022-10-23,FR,144.67,total postings,"IT Infrastructure, Operations & Support"
2022-10-23,FR,157.61,new postings,"IT Infrastructure, Operations & Support"
2022-10-24,FR,156.22,new postings,"IT Infrastructure, Operations & Support"
2022-10-24,FR,144.87,total postings,"IT Infrastructure, Operations & Support"
2022-10-25,FR,145.09,total postings,"IT Infrastructure, Operations & Support"
2022-10-25,FR,156.31,new postings,"IT Infrastructure, Operations & Support"
2022-10-26,FR,157.05,new postings,"IT Infrastructure, Operations & Support"
2022-10-26,FR,145.24,total postings,"IT Infrastructure, Operations & Support"
2022-10-27,FR,145.34,total postings,"IT Infrastructure, Operations & Support"
2022-10-27,FR,155.59,new postings,"IT Infrastructure, Operations & Support"
2022-10-28,FR,154.28,new postings,"IT Infrastructure, Operations & Support"
2022-10-28,FR,145.31,total postings,"IT Infrastructure, Operations & Support"
2022-10-29,FR,145.45,total postings,"IT Infrastructure, Operations & Support"
2022-10-29,FR,152.31,new postings,"IT Infrastructure, Operations & Support"
2022-10-30,FR,150.6,new postings,"IT Infrastructure, Operations & Support"
2022-10-30,FR,145.51,total postings,"IT Infrastructure, Operations & Support"
2022-10-31,FR,145.74,total postings,"IT Infrastructure, Operations & Support"
2022-10-31,FR,149.39,new postings,"IT Infrastructure, Operations & Support"
2022-11-01,FR,146.07,new postings,"IT Infrastructure, Operations & Support"
2022-11-01,FR,145.93,total postings,"IT Infrastructure, Operations & Support"
2022-11-02,FR,146.03,total postings,"IT Infrastructure, Operations & Support"
2022-11-02,FR,141.05,new postings,"IT Infrastructure, Operations & Support"
2022-11-03,FR,136.74,new postings,"IT Infrastructure, Operations & Support"
2022-11-03,FR,145.81,total postings,"IT Infrastructure, Operations & Support"
2022-11-04,FR,132.8,new postings,"IT Infrastructure, Operations & Support"
2022-11-04,FR,145.78,total postings,"IT Infrastructure, Operations & Support"
2022-11-05,FR,145.75,total postings,"IT Infrastructure, Operations & Support"
2022-11-05,FR,130.38,new postings,"IT Infrastructure, Operations & Support"
2022-11-06,FR,145.58,total postings,"IT Infrastructure, Operations & Support"
2022-11-06,FR,126.78,new postings,"IT Infrastructure, Operations & Support"
2022-11-07,FR,123.15,new postings,"IT Infrastructure, Operations & Support"
2022-11-07,FR,145.21,total postings,"IT Infrastructure, Operations & Support"
2022-11-08,FR,122.35,new postings,"IT Infrastructure, Operations & Support"
2022-11-08,FR,145.0,total postings,"IT Infrastructure, Operations & Support"
2022-11-09,FR,126.35,new postings,"IT Infrastructure, Operations & Support"
2022-11-09,FR,144.97,total postings,"IT Infrastructure, Operations & Support"
2022-11-10,FR,129.98,new postings,"IT Infrastructure, Operations & Support"
2022-11-10,FR,145.02,total postings,"IT Infrastructure, Operations & Support"
2022-11-11,FR,134.51,new postings,"IT Infrastructure, Operations & Support"
2022-11-11,FR,145.09,total postings,"IT Infrastructure, Operations & Support"
2022-11-12,FR,145.08,total postings,"IT Infrastructure, Operations & Support"
2022-11-12,FR,136.37,new postings,"IT Infrastructure, Operations & Support"
2022-11-13,FR,145.17,total postings,"IT Infrastructure, Operations & Support"
2022-11-13,FR,139.11,new postings,"IT Infrastructure, Operations & Support"
2022-11-14,FR,141.33,new postings,"IT Infrastructure, Operations & Support"
2022-11-14,FR,145.27,total postings,"IT Infrastructure, Operations & Support"
2022-11-15,FR,142.32,new postings,"IT Infrastructure, Operations & Support"
2022-11-15,FR,145.36,total postings,"IT Infrastructure, Operations & Support"
2022-11-16,FR,141.79,new postings,"IT Infrastructure, Operations & Support"
2022-11-16,FR,145.45,total postings,"IT Infrastructure, Operations & Support"
2022-11-17,FR,145.29,total postings,"IT Infrastructure, Operations & Support"
2022-11-17,FR,140.62,new postings,"IT Infrastructure, Operations & Support"
2022-11-18,FR,137.27,new postings,"IT Infrastructure, Operations & Support"
2022-11-18,FR,145.15,total postings,"IT Infrastructure, Operations & Support"
2022-11-19,FR,138.75,new postings,"IT Infrastructure, Operations & Support"
2022-11-19,FR,145.15,total postings,"IT Infrastructure, Operations & Support"
2022-11-20,FR,144.8,total postings,"IT Infrastructure, Operations & Support"
2022-11-20,FR,139.42,new postings,"IT Infrastructure, Operations & Support"
2022-11-21,FR,140.04,new postings,"IT Infrastructure, Operations & Support"
2022-11-21,FR,144.7,total postings,"IT Infrastructure, Operations & Support"
2022-11-22,FR,139.85,new postings,"IT Infrastructure, Operations & Support"
2022-11-22,FR,144.63,total postings,"IT Infrastructure, Operations & Support"
2022-11-23,FR,138.87,new postings,"IT Infrastructure, Operations & Support"
2022-11-23,FR,144.59,total postings,"IT Infrastructure, Operations & Support"
2022-11-24,FR,144.54,total postings,"IT Infrastructure, Operations & Support"
2022-11-24,FR,139.52,new postings,"IT Infrastructure, Operations & Support"
2022-11-25,FR,141.71,new postings,"IT Infrastructure, Operations & Support"
2022-11-25,FR,144.65,total postings,"IT Infrastructure, Operations & Support"
2022-11-26,FR,144.88,total postings,"IT Infrastructure, Operations & Support"
2022-11-26,FR,141.37,new postings,"IT Infrastructure, Operations & Support"
2022-11-27,FR,141.81,new postings,"IT Infrastructure, Operations & Support"
2022-11-27,FR,145.41,total postings,"IT Infrastructure, Operations & Support"
2022-11-28,FR,145.99,total postings,"IT Infrastructure, Operations & Support"
2022-11-28,FR,144.98,new postings,"IT Infrastructure, Operations & Support"
2022-11-29,FR,149.32,new postings,"IT Infrastructure, Operations & Support"
2022-11-29,FR,146.38,total postings,"IT Infrastructure, Operations & Support"
2022-11-30,FR,146.96,total postings,"IT Infrastructure, Operations & Support"
2022-11-30,FR,155.45,new postings,"IT Infrastructure, Operations & Support"
2022-12-01,FR,159.83,new postings,"IT Infrastructure, Operations & Support"
2022-12-01,FR,147.64,total postings,"IT Infrastructure, Operations & Support"
2022-12-02,FR,148.47,total postings,"IT Infrastructure, Operations & Support"
2022-12-02,FR,166.08,new postings,"IT Infrastructure, Operations & Support"
2022-12-03,FR,173.2,new postings,"IT Infrastructure, Operations & Support"
2022-12-03,FR,149.06,total postings,"IT Infrastructure, Operations & Support"
2022-12-04,FR,149.9,total postings,"IT Infrastructure, Operations & Support"
2022-12-04,FR,180.82,new postings,"IT Infrastructure, Operations & Support"
2022-12-05,FR,182.96,new postings,"IT Infrastructure, Operations & Support"
2022-12-05,FR,150.44,total postings,"IT Infrastructure, Operations & Support"
2022-12-06,FR,183.73,new postings,"IT Infrastructure, Operations & Support"
2022-12-06,FR,151.12,total postings,"IT Infrastructure, Operations & Support"
2022-12-07,FR,151.97,total postings,"IT Infrastructure, Operations & Support"
2022-12-07,FR,182.91,new postings,"IT Infrastructure, Operations & Support"
2022-12-08,FR,152.73,total postings,"IT Infrastructure, Operations & Support"
2022-12-08,FR,180.58,new postings,"IT Infrastructure, Operations & Support"
2022-12-09,FR,175.53,new postings,"IT Infrastructure, Operations & Support"
2022-12-09,FR,153.11,total postings,"IT Infrastructure, Operations & Support"
2022-12-10,FR,168.28,new postings,"IT Infrastructure, Operations & Support"
2022-12-10,FR,153.58,total postings,"IT Infrastructure, Operations & Support"
2022-12-11,FR,153.62,total postings,"IT Infrastructure, Operations & Support"
2022-12-11,FR,160.68,new postings,"IT Infrastructure, Operations & Support"
2022-12-12,FR,154.18,total postings,"IT Infrastructure, Operations & Support"
2022-12-12,FR,156.68,new postings,"IT Infrastructure, Operations & Support"
2022-12-13,FR,154.82,total postings,"IT Infrastructure, Operations & Support"
2022-12-13,FR,154.17,new postings,"IT Infrastructure, Operations & Support"
2022-12-14,FR,151.8,new postings,"IT Infrastructure, Operations & Support"
2022-12-14,FR,155.16,total postings,"IT Infrastructure, Operations & Support"
2022-12-15,FR,155.72,total postings,"IT Infrastructure, Operations & Support"
2022-12-15,FR,152.12,new postings,"IT Infrastructure, Operations & Support"
2022-12-16,FR,153.47,new postings,"IT Infrastructure, Operations & Support"
2022-12-16,FR,156.01,total postings,"IT Infrastructure, Operations & Support"
2022-12-17,FR,156.96,new postings,"IT Infrastructure, Operations & Support"
2022-12-17,FR,156.47,total postings,"IT Infrastructure, Operations & Support"
2022-12-18,FR,156.94,total postings,"IT Infrastructure, Operations & Support"
2022-12-18,FR,159.23,new postings,"IT Infrastructure, Operations & Support"
2022-12-19,FR,157.1,total postings,"IT Infrastructure, Operations & Support"
2022-12-19,FR,160.65,new postings,"IT Infrastructure, Operations & Support"
2022-12-20,FR,157.04,total postings,"IT Infrastructure, Operations & Support"
2022-12-20,FR,160.54,new postings,"IT Infrastructure, Operations & Support"
2022-12-21,FR,160.32,new postings,"IT Infrastructure, Operations & Support"
2022-12-21,FR,157.09,total postings,"IT Infrastructure, Operations & Support"
2022-12-22,FR,157.17,total postings,"IT Infrastructure, Operations & Support"
2022-12-22,FR,159.11,new postings,"IT Infrastructure, Operations & Support"
2022-12-23,FR,157.16,new postings,"IT Infrastructure, Operations & Support"
2022-12-23,FR,157.45,total postings,"IT Infrastructure, Operations & Support"
2022-12-24,FR,153.0,new postings,"IT Infrastructure, Operations & Support"
2022-12-24,FR,157.44,total postings,"IT Infrastructure, Operations & Support"
2022-12-25,FR,151.21,new postings,"IT Infrastructure, Operations & Support"
2022-12-25,FR,157.79,total postings,"IT Infrastructure, Operations & Support"
2022-12-26,FR,158.04,total postings,"IT Infrastructure, Operations & Support"
2022-12-26,FR,150.35,new postings,"IT Infrastructure, Operations & Support"
2022-12-27,FR,158.36,total postings,"IT Infrastructure, Operations & Support"
2022-12-27,FR,149.37,new postings,"IT Infrastructure, Operations & Support"
2022-12-28,FR,158.5,total postings,"IT Infrastructure, Operations & Support"
2022-12-28,FR,146.91,new postings,"IT Infrastructure, Operations & Support"
2022-12-29,FR,146.98,new postings,"IT Infrastructure, Operations & Support"
2022-12-29,FR,158.72,total postings,"IT Infrastructure, Operations & Support"
2022-12-30,FR,158.91,total postings,"IT Infrastructure, Operations & Support"
2022-12-30,FR,146.7,new postings,"IT Infrastructure, Operations & Support"
2022-12-31,FR,147.07,new postings,"IT Infrastructure, Operations & Support"
2022-12-31,FR,159.09,total postings,"IT Infrastructure, Operations & Support"
2023-01-01,FR,146.69,new postings,"IT Infrastructure, Operations & Support"
2023-01-01,FR,159.03,total postings,"IT Infrastructure, Operations & Support"
2023-01-02,FR,159.0,total postings,"IT Infrastructure, Operations & Support"
2023-01-02,FR,145.22,new postings,"IT Infrastructure, Operations & Support"
2023-01-03,FR,144.77,new postings,"IT Infrastructure, Operations & Support"
2023-01-03,FR,158.98,total postings,"IT Infrastructure, Operations & Support"
2023-01-04,FR,158.79,total postings,"IT Infrastructure, Operations & Support"
2023-01-04,FR,145.47,new postings,"IT Infrastructure, Operations & Support"
2023-01-05,FR,144.2,new postings,"IT Infrastructure, Operations & Support"
2023-01-05,FR,158.3,total postings,"IT Infrastructure, Operations & Support"
2023-01-06,FR,157.94,total postings,"IT Infrastructure, Operations & Support"
2023-01-06,FR,143.97,new postings,"IT Infrastructure, Operations & Support"
2023-01-07,FR,145.56,new postings,"IT Infrastructure, Operations & Support"
2023-01-07,FR,157.59,total postings,"IT Infrastructure, Operations & Support"
2023-01-08,FR,145.39,new postings,"IT Infrastructure, Operations & Support"
2023-01-08,FR,157.28,total postings,"IT Infrastructure, Operations & Support"
2023-01-09,FR,156.75,total postings,"IT Infrastructure, Operations & Support"
2023-01-09,FR,144.14,new postings,"IT Infrastructure, Operations & Support"
2023-01-10,FR,156.06,total postings,"IT Infrastructure, Operations & Support"
2023-01-10,FR,143.17,new postings,"IT Infrastructure, Operations & Support"
2023-01-11,FR,142.61,new postings,"IT Infrastructure, Operations & Support"
2023-01-11,FR,155.38,total postings,"IT Infrastructure, Operations & Support"
2023-01-12,FR,142.14,new postings,"IT Infrastructure, Operations & Support"
2023-01-12,FR,155.07,total postings,"IT Infrastructure, Operations & Support"
2023-01-13,FR,140.86,new postings,"IT Infrastructure, Operations & Support"
2023-01-13,FR,154.8,total postings,"IT Infrastructure, Operations & Support"
2023-01-14,FR,154.34,total postings,"IT Infrastructure, Operations & Support"
2023-01-14,FR,138.23,new postings,"IT Infrastructure, Operations & Support"
2023-01-15,FR,137.08,new postings,"IT Infrastructure, Operations & Support"
2023-01-15,FR,153.82,total postings,"IT Infrastructure, Operations & Support"
2023-01-16,FR,153.28,total postings,"IT Infrastructure, Operations & Support"
2023-01-16,FR,137.6,new postings,"IT Infrastructure, Operations & Support"
2023-01-17,FR,153.01,total postings,"IT Infrastructure, Operations & Support"
2023-01-17,FR,138.14,new postings,"IT Infrastructure, Operations & Support"
2023-01-18,FR,139.45,new postings,"IT Infrastructure, Operations & Support"
2023-01-18,FR,153.52,total postings,"IT Infrastructure, Operations & Support"
2023-01-19,FR,153.65,total postings,"IT Infrastructure, Operations & Support"
2023-01-19,FR,139.93,new postings,"IT Infrastructure, Operations & Support"
2023-01-20,FR,140.55,new postings,"IT Infrastructure, Operations & Support"
2023-01-20,FR,153.38,total postings,"IT Infrastructure, Operations & Support"
2023-01-21,FR,153.53,total postings,"IT Infrastructure, Operations & Support"
2023-01-21,FR,141.25,new postings,"IT Infrastructure, Operations & Support"
2023-01-22,FR,153.79,total postings,"IT Infrastructure, Operations & Support"
2023-01-22,FR,142.06,new postings,"IT Infrastructure, Operations & Support"
2023-01-23,FR,142.53,new postings,"IT Infrastructure, Operations & Support"
2023-01-23,FR,153.98,total postings,"IT Infrastructure, Operations & Support"
2023-01-24,FR,153.51,total postings,"IT Infrastructure, Operations & Support"
2023-01-24,FR,142.63,new postings,"IT Infrastructure, Operations & Support"
2023-01-25,FR,141.56,new postings,"IT Infrastructure, Operations & Support"
2023-01-25,FR,152.64,total postings,"IT Infrastructure, Operations & Support"
2023-01-26,FR,151.86,total postings,"IT Infrastructure, Operations & Support"
2023-01-26,FR,142.85,new postings,"IT Infrastructure, Operations & Support"
2023-01-27,FR,143.88,new postings,"IT Infrastructure, Operations & Support"
2023-01-27,FR,151.4,total postings,"IT Infrastructure, Operations & Support"
2023-01-28,FR,145.3,new postings,"IT Infrastructure, Operations & Support"
2023-01-28,FR,150.94,total postings,"IT Infrastructure, Operations & Support"
2023-01-29,FR,150.41,total postings,"IT Infrastructure, Operations & Support"
2023-01-29,FR,146.19,new postings,"IT Infrastructure, Operations & Support"
2023-01-30,FR,146.99,new postings,"IT Infrastructure, Operations & Support"
2023-01-30,FR,149.87,total postings,"IT Infrastructure, Operations & Support"
2023-01-31,FR,150.07,total postings,"IT Infrastructure, Operations & Support"
2023-01-31,FR,148.04,new postings,"IT Infrastructure, Operations & Support"
2023-02-01,FR,149.34,new postings,"IT Infrastructure, Operations & Support"
2023-02-01,FR,150.26,total postings,"IT Infrastructure, Operations & Support"
2023-02-02,FR,148.57,new postings,"IT Infrastructure, Operations & Support"
2023-02-02,FR,150.55,total postings,"IT Infrastructure, Operations & Support"
2023-02-03,FR,150.63,total postings,"IT Infrastructure, Operations & Support"
2023-02-03,FR,146.76,new postings,"IT Infrastructure, Operations & Support"
2023-02-04,FR,144.32,new postings,"IT Infrastructure, Operations & Support"
2023-02-04,FR,150.62,total postings,"IT Infrastructure, Operations & Support"
2023-02-05,FR,150.53,total postings,"IT Infrastructure, Operations & Support"
2023-02-05,FR,141.61,new postings,"IT Infrastructure, Operations & Support"
2023-02-06,FR,139.31,new postings,"IT Infrastructure, Operations & Support"
2023-02-06,FR,150.5,total postings,"IT Infrastructure, Operations & Support"
2023-02-07,FR,150.41,total postings,"IT Infrastructure, Operations & Support"
2023-02-07,FR,136.58,new postings,"IT Infrastructure, Operations & Support"
2023-02-08,FR,134.42,new postings,"IT Infrastructure, Operations & Support"
2023-02-08,FR,149.71,total postings,"IT Infrastructure, Operations & Support"
2023-02-09,FR,149.29,total postings,"IT Infrastructure, Operations & Support"
2023-02-09,FR,134.41,new postings,"IT Infrastructure, Operations & Support"
2023-02-10,FR,136.66,new postings,"IT Infrastructure, Operations & Support"
2023-02-10,FR,149.03,total postings,"IT Infrastructure, Operations & Support"
2023-02-11,FR,138.91,new postings,"IT Infrastructure, Operations & Support"
2023-02-11,FR,148.64,total postings,"IT Infrastructure, Operations & Support"
2023-02-12,FR,141.69,new postings,"IT Infrastructure, Operations & Support"
2023-02-12,FR,148.29,total postings,"IT Infrastructure, Operations & Support"
2023-02-13,FR,148.1,total postings,"IT Infrastructure, Operations & Support"
2023-02-13,FR,144.4,new postings,"IT Infrastructure, Operations & Support"
2023-02-14,FR,147.81,new postings,"IT Infrastructure, Operations & Support"
2023-02-14,FR,147.81,total postings,"IT Infrastructure, Operations & Support"
2023-02-15,FR,147.85,total postings,"IT Infrastructure, Operations & Support"
2023-02-15,FR,150.85,new postings,"IT Infrastructure, Operations & Support"
2023-02-16,FR,151.88,new postings,"IT Infrastructure, Operations & Support"
2023-02-16,FR,147.54,total postings,"IT Infrastructure, Operations & Support"
2023-02-17,FR,147.43,total postings,"IT Infrastructure, Operations & Support"
2023-02-17,FR,151.46,new postings,"IT Infrastructure, Operations & Support"
2023-02-18,FR,150.66,new postings,"IT Infrastructure, Operations & Support"
2023-02-18,FR,147.21,total postings,"IT Infrastructure, Operations & Support"
2023-02-19,FR,149.64,new postings,"IT Infrastructure, Operations & Support"
2023-02-19,FR,147.28,total postings,"IT Infrastructure, Operations & Support"
2023-02-20,FR,148.61,new postings,"IT Infrastructure, Operations & Support"
2023-02-20,FR,147.37,total postings,"IT Infrastructure, Operations & Support"
2023-02-21,FR,147.33,total postings,"IT Infrastructure, Operations & Support"
2023-02-21,FR,145.67,new postings,"IT Infrastructure, Operations & Support"
2023-02-22,FR,142.11,new postings,"IT Infrastructure, Operations & Support"
2023-02-22,FR,147.54,total postings,"IT Infrastructure, Operations & Support"
2023-02-23,FR,147.97,total postings,"IT Infrastructure, Operations & Support"
2023-02-23,FR,139.11,new postings,"IT Infrastructure, Operations & Support"
2023-02-24,FR,136.38,new postings,"IT Infrastructure, Operations & Support"
2023-02-24,FR,147.77,total postings,"IT Infrastructure, Operations & Support"
2023-02-25,FR,147.91,total postings,"IT Infrastructure, Operations & Support"
2023-02-25,FR,134.86,new postings,"IT Infrastructure, Operations & Support"
2023-02-26,FR,147.77,total postings,"IT Infrastructure, Operations & Support"
2023-02-26,FR,133.53,new postings,"IT Infrastructure, Operations & Support"
2023-02-27,FR,147.49,total postings,"IT Infrastructure, Operations & Support"
2023-02-27,FR,132.08,new postings,"IT Infrastructure, Operations & Support"
2023-02-28,FR,133.09,new postings,"IT Infrastructure, Operations & Support"
2023-02-28,FR,147.56,total postings,"IT Infrastructure, Operations & Support"
2023-03-01,FR,147.85,total postings,"IT Infrastructure, Operations & Support"
2023-03-01,FR,135.02,new postings,"IT Infrastructure, Operations & Support"
2023-03-02,FR,136.77,new postings,"IT Infrastructure, Operations & Support"
2023-03-02,FR,147.6,total postings,"IT Infrastructure, Operations & Support"
2023-03-03,FR,140.15,new postings,"IT Infrastructure, Operations & Support"
2023-03-03,FR,147.77,total postings,"IT Infrastructure, Operations & Support"
2023-03-04,FR,142.24,new postings,"IT Infrastructure, Operations & Support"
2023-03-04,FR,148.07,total postings,"IT Infrastructure, Operations & Support"
2023-03-05,FR,144.54,new postings,"IT Infrastructure, Operations & Support"
2023-03-05,FR,148.69,total postings,"IT Infrastructure, Operations & Support"
2023-03-06,FR,149.32,total postings,"IT Infrastructure, Operations & Support"
2023-03-06,FR,146.81,new postings,"IT Infrastructure, Operations & Support"
2023-03-07,FR,147.02,new postings,"IT Infrastructure, Operations & Support"
2023-03-07,FR,149.76,total postings,"IT Infrastructure, Operations & Support"
2023-03-08,FR,150.13,total postings,"IT Infrastructure, Operations & Support"
2023-03-08,FR,147.13,new postings,"IT Infrastructure, Operations & Support"
2023-03-09,FR,151.13,total postings,"IT Infrastructure, Operations & Support"
2023-03-09,FR,148.11,new postings,"IT Infrastructure, Operations & Support"
2023-03-10,FR,152.37,total postings,"IT Infrastructure, Operations & Support"
2023-03-10,FR,147.63,new postings,"IT Infrastructure, Operations & Support"
2023-03-11,FR,153.38,total postings,"IT Infrastructure, Operations & Support"
2023-03-11,FR,147.85,new postings,"IT Infrastructure, Operations & Support"
2023-03-12,FR,147.79,new postings,"IT Infrastructure, Operations & Support"
2023-03-12,FR,154.11,total postings,"IT Infrastructure, Operations & Support"
2023-03-13,FR,155.12,total postings,"IT Infrastructure, Operations & Support"
2023-03-13,FR,147.72,new postings,"IT Infrastructure, Operations & Support"
2023-03-14,FR,149.5,new postings,"IT Infrastructure, Operations & Support"
2023-03-14,FR,156.31,total postings,"IT Infrastructure, Operations & Support"
2023-03-15,FR,157.15,total postings,"IT Infrastructure, Operations & Support"
2023-03-15,FR,150.21,new postings,"IT Infrastructure, Operations & Support"
2023-03-16,FR,150.22,new postings,"IT Infrastructure, Operations & Support"
2023-03-16,FR,157.68,total postings,"IT Infrastructure, Operations & Support"
2023-03-17,FR,158.12,total postings,"IT Infrastructure, Operations & Support"
2023-03-17,FR,150.52,new postings,"IT Infrastructure, Operations & Support"
2023-03-18,FR,158.12,total postings,"IT Infrastructure, Operations & Support"
2023-03-18,FR,149.73,new postings,"IT Infrastructure, Operations & Support"
2023-03-19,FR,157.87,total postings,"IT Infrastructure, Operations & Support"
2023-03-19,FR,148.52,new postings,"IT Infrastructure, Operations & Support"
2023-03-20,FR,157.83,total postings,"IT Infrastructure, Operations & Support"
2023-03-20,FR,147.46,new postings,"IT Infrastructure, Operations & Support"
2023-03-21,FR,157.59,total postings,"IT Infrastructure, Operations & Support"
2023-03-21,FR,145.83,new postings,"IT Infrastructure, Operations & Support"
2023-03-22,FR,156.56,total postings,"IT Infrastructure, Operations & Support"
2023-03-22,FR,144.53,new postings,"IT Infrastructure, Operations & Support"
2023-03-23,FR,155.95,total postings,"IT Infrastructure, Operations & Support"
2023-03-23,FR,144.45,new postings,"IT Infrastructure, Operations & Support"
2023-03-24,FR,145.85,new postings,"IT Infrastructure, Operations & Support"
2023-03-24,FR,155.48,total postings,"IT Infrastructure, Operations & Support"
2023-03-25,FR,150.22,new postings,"IT Infrastructure, Operations & Support"
2023-03-25,FR,155.71,total postings,"IT Infrastructure, Operations & Support"
2023-03-26,FR,156.28,total postings,"IT Infrastructure, Operations & Support"
2023-03-26,FR,155.61,new postings,"IT Infrastructure, Operations & Support"
2023-03-27,FR,156.36,total postings,"IT Infrastructure, Operations & Support"
2023-03-27,FR,161.5,new postings,"IT Infrastructure, Operations & Support"
2023-03-28,FR,156.63,total postings,"IT Infrastructure, Operations & Support"
2023-03-28,FR,168.48,new postings,"IT Infrastructure, Operations & Support"
2023-03-29,FR,157.84,total postings,"IT Infrastructure, Operations & Support"
2023-03-29,FR,175.78,new postings,"IT Infrastructure, Operations & Support"
2023-03-30,FR,180.42,new postings,"IT Infrastructure, Operations & Support"
2023-03-30,FR,158.7,total postings,"IT Infrastructure, Operations & Support"
2023-03-31,FR,159.32,total postings,"IT Infrastructure, Operations & Support"
2023-03-31,FR,181.46,new postings,"IT Infrastructure, Operations & Support"
2023-04-01,FR,178.93,new postings,"IT Infrastructure, Operations & Support"
2023-04-01,FR,159.72,total postings,"IT Infrastructure, Operations & Support"
2023-04-02,FR,176.24,new postings,"IT Infrastructure, Operations & Support"
2023-04-02,FR,160.1,total postings,"IT Infrastructure, Operations & Support"
2023-04-03,FR,172.88,new postings,"IT Infrastructure, Operations & Support"
2023-04-03,FR,160.45,total postings,"IT Infrastructure, Operations & Support"
2023-04-04,FR,167.46,new postings,"IT Infrastructure, Operations & Support"
2023-04-04,FR,160.73,total postings,"IT Infrastructure, Operations & Support"
2023-04-05,FR,160.97,total postings,"IT Infrastructure, Operations & Support"
2023-04-05,FR,163.47,new postings,"IT Infrastructure, Operations & Support"
2023-04-06,FR,160.73,new postings,"IT Infrastructure, Operations & Support"
2023-04-06,FR,161.32,total postings,"IT Infrastructure, Operations & Support"
2023-04-07,FR,161.39,total postings,"IT Infrastructure, Operations & Support"
2023-04-07,FR,159.79,new postings,"IT Infrastructure, Operations & Support"
2023-04-08,FR,159.63,new postings,"IT Infrastructure, Operations & Support"
2023-04-08,FR,161.29,total postings,"IT Infrastructure, Operations & Support"
2023-04-09,FR,158.42,new postings,"IT Infrastructure, Operations & Support"
2023-04-09,FR,161.16,total postings,"IT Infrastructure, Operations & Support"
2023-04-10,FR,158.22,new postings,"IT Infrastructure, Operations & Support"
2023-04-10,FR,161.27,total postings,"IT Infrastructure, Operations & Support"
2023-04-11,FR,160.85,total postings,"IT Infrastructure, Operations & Support"
2023-04-11,FR,156.33,new postings,"IT Infrastructure, Operations & Support"
2023-04-12,FR,151.28,new postings,"IT Infrastructure, Operations & Support"
2023-04-12,FR,160.47,total postings,"IT Infrastructure, Operations & Support"
2023-04-13,FR,160.07,total postings,"IT Infrastructure, Operations & Support"
2023-04-13,FR,146.15,new postings,"IT Infrastructure, Operations & Support"
2023-04-14,FR,139.93,new postings,"IT Infrastructure, Operations & Support"
2023-04-14,FR,159.77,total postings,"IT Infrastructure, Operations & Support"
2023-04-15,FR,159.31,total postings,"IT Infrastructure, Operations & Support"
2023-04-15,FR,134.22,new postings,"IT Infrastructure, Operations & Support"
2023-04-16,FR,158.98,total postings,"IT Infrastructure, Operations & Support"
2023-04-16,FR,128.95,new postings,"IT Infrastructure, Operations & Support"
2023-04-17,FR,157.87,total postings,"IT Infrastructure, Operations & Support"
2023-04-17,FR,122.53,new postings,"IT Infrastructure, Operations & Support"
2023-04-18,FR,122.24,new postings,"IT Infrastructure, Operations & Support"
2023-04-18,FR,156.91,total postings,"IT Infrastructure, Operations & Support"
2023-04-19,FR,155.79,total postings,"IT Infrastructure, Operations & Support"
2023-04-19,FR,123.77,new postings,"IT Infrastructure, Operations & Support"
2023-04-20,FR,127.5,new postings,"IT Infrastructure, Operations & Support"
2023-04-20,FR,154.7,total postings,"IT Infrastructure, Operations & Support"
2023-04-21,FR,133.37,new postings,"IT Infrastructure, Operations & Support"
2023-04-21,FR,153.82,total postings,"IT Infrastructure, Operations & Support"
2023-04-22,FR,153.67,total postings,"IT Infrastructure, Operations & Support"
2023-04-22,FR,143.03,new postings,"IT Infrastructure, Operations & Support"
2023-04-23,FR,154.41,new postings,"IT Infrastructure, Operations & Support"
2023-04-23,FR,153.43,total postings,"IT Infrastructure, Operations & Support"
2023-04-24,FR,167.03,new postings,"IT Infrastructure, Operations & Support"
2023-04-24,FR,153.92,total postings,"IT Infrastructure, Operations & Support"
2023-04-25,FR,154.87,total postings,"IT Infrastructure, Operations & Support"
2023-04-25,FR,178.0,new postings,"IT Infrastructure, Operations & Support"
2023-04-26,FR,188.98,new postings,"IT Infrastructure, Operations & Support"
2023-04-26,FR,155.75,total postings,"IT Infrastructure, Operations & Support"
2023-04-27,FR,156.72,total postings,"IT Infrastructure, Operations & Support"
2023-04-27,FR,196.83,new postings,"IT Infrastructure, Operations & Support"
2023-04-28,FR,157.98,total postings,"IT Infrastructure, Operations & Support"
2023-04-28,FR,203.92,new postings,"IT Infrastructure, Operations & Support"
2023-04-29,FR,158.85,total postings,"IT Infrastructure, Operations & Support"
2023-04-29,FR,206.28,new postings,"IT Infrastructure, Operations & Support"
2023-04-30,FR,206.42,new postings,"IT Infrastructure, Operations & Support"
2023-04-30,FR,159.58,total postings,"IT Infrastructure, Operations & Support"
2023-05-01,FR,160.48,total postings,"IT Infrastructure, Operations & Support"
2023-05-01,FR,206.48,new postings,"IT Infrastructure, Operations & Support"
2023-05-02,FR,160.77,total postings,"IT Infrastructure, Operations & Support"
2023-05-02,FR,202.4,new postings,"IT Infrastructure, Operations & Support"
2023-05-03,FR,161.86,total postings,"IT Infrastructure, Operations & Support"
2023-05-03,FR,196.94,new postings,"IT Infrastructure, Operations & Support"
2023-05-04,FR,193.97,new postings,"IT Infrastructure, Operations & Support"
2023-05-04,FR,162.69,total postings,"IT Infrastructure, Operations & Support"
2023-05-05,FR,190.46,new postings,"IT Infrastructure, Operations & Support"
2023-05-05,FR,163.29,total postings,"IT Infrastructure, Operations & Support"
2023-05-06,FR,182.72,new postings,"IT Infrastructure, Operations & Support"
2023-05-06,FR,162.69,total postings,"IT Infrastructure, Operations & Support"
2023-05-07,FR,175.11,new postings,"IT Infrastructure, Operations & Support"
2023-05-07,FR,161.99,total postings,"IT Infrastructure, Operations & Support"
2023-05-08,FR,160.98,total postings,"IT Infrastructure, Operations & Support"
2023-05-08,FR,166.03,new postings,"IT Infrastructure, Operations & Support"
2023-05-09,FR,159.45,total postings,"IT Infrastructure, Operations & Support"
2023-05-09,FR,157.95,new postings,"IT Infrastructure, Operations & Support"
2023-05-10,FR,150.78,new postings,"IT Infrastructure, Operations & Support"
2023-05-10,FR,157.11,total postings,"IT Infrastructure, Operations & Support"
2023-05-11,FR,155.36,total postings,"IT Infrastructure, Operations & Support"
2023-05-11,FR,143.57,new postings,"IT Infrastructure, Operations & Support"
2023-05-12,FR,153.35,total postings,"IT Infrastructure, Operations & Support"
2023-05-12,FR,136.4,new postings,"IT Infrastructure, Operations & Support"
2023-05-13,FR,133.06,new postings,"IT Infrastructure, Operations & Support"
2023-05-13,FR,152.26,total postings,"IT Infrastructure, Operations & Support"
2023-05-14,FR,130.74,new postings,"IT Infrastructure, Operations & Support"
2023-05-14,FR,151.3,total postings,"IT Infrastructure, Operations & Support"
2023-05-15,FR,150.24,total postings,"IT Infrastructure, Operations & Support"
2023-05-15,FR,130.55,new postings,"IT Infrastructure, Operations & Support"
2023-05-16,FR,133.86,new postings,"IT Infrastructure, Operations & Support"
2023-05-16,FR,150.02,total postings,"IT Infrastructure, Operations & Support"
2023-05-17,FR,150.19,total postings,"IT Infrastructure, Operations & Support"
2023-05-17,FR,139.18,new postings,"IT Infrastructure, Operations & Support"
2023-05-18,FR,141.43,new postings,"IT Infrastructure, Operations & Support"
2023-05-18,FR,149.89,total postings,"IT Infrastructure, Operations & Support"
2023-05-19,FR,142.07,new postings,"IT Infrastructure, Operations & Support"
2023-05-19,FR,149.62,total postings,"IT Infrastructure, Operations & Support"
2023-05-20,FR,143.17,new postings,"IT Infrastructure, Operations & Support"
2023-05-20,FR,149.3,total postings,"IT Infrastructure, Operations & Support"
2023-05-21,FR,148.93,total postings,"IT Infrastructure, Operations & Support"
2023-05-21,FR,142.68,new postings,"IT Infrastructure, Operations & Support"
2023-05-22,FR,139.89,new postings,"IT Infrastructure, Operations & Support"
2023-05-22,FR,148.83,total postings,"IT Infrastructure, Operations & Support"
2023-05-23,FR,148.61,total postings,"IT Infrastructure, Operations & Support"
2023-05-23,FR,133.51,new postings,"IT Infrastructure, Operations & Support"
2023-05-24,FR,147.99,total postings,"IT Infrastructure, Operations & Support"
2023-05-24,FR,125.47,new postings,"IT Infrastructure, Operations & Support"
2023-05-25,FR,147.38,total postings,"IT Infrastructure, Operations & Support"
2023-05-25,FR,118.98,new postings,"IT Infrastructure, Operations & Support"
2023-05-26,FR,118.01,new postings,"IT Infrastructure, Operations & Support"
2023-05-26,FR,146.88,total postings,"IT Infrastructure, Operations & Support"
2023-05-27,FR,146.58,total postings,"IT Infrastructure, Operations & Support"
2023-05-27,FR,120.08,new postings,"IT Infrastructure, Operations & Support"
2023-05-28,FR,146.32,total postings,"IT Infrastructure, Operations & Support"
2023-05-28,FR,123.35,new postings,"IT Infrastructure, Operations & Support"
2023-05-29,FR,127.79,new postings,"IT Infrastructure, Operations & Support"
2023-05-29,FR,146.04,total postings,"IT Infrastructure, Operations & Support"
2023-05-30,FR,145.76,total postings,"IT Infrastructure, Operations & Support"
2023-05-30,FR,132.1,new postings,"IT Infrastructure, Operations & Support"
2023-05-31,FR,136.46,new postings,"IT Infrastructure, Operations & Support"
2023-05-31,FR,145.45,total postings,"IT Infrastructure, Operations & Support"
2023-06-01,FR,141.66,new postings,"IT Infrastructure, Operations & Support"
2023-06-01,FR,145.22,total postings,"IT Infrastructure, Operations & Support"
2023-06-02,FR,143.57,new postings,"IT Infrastructure, Operations & Support"
2023-06-02,FR,144.89,total postings,"IT Infrastructure, Operations & Support"
2023-06-03,FR,142.94,new postings,"IT Infrastructure, Operations & Support"
2023-06-03,FR,144.78,total postings,"IT Infrastructure, Operations & Support"
2023-06-04,FR,144.7,total postings,"IT Infrastructure, Operations & Support"
2023-06-04,FR,141.78,new postings,"IT Infrastructure, Operations & Support"
2023-06-05,FR,140.29,new postings,"IT Infrastructure, Operations & Support"
2023-06-05,FR,144.61,total postings,"IT Infrastructure, Operations & Support"
2023-06-06,FR,143.2,new postings,"IT Infrastructure, Operations & Support"
2023-06-06,FR,144.87,total postings,"IT Infrastructure, Operations & Support"
2023-06-07,FR,145.1,total postings,"IT Infrastructure, Operations & Support"
2023-06-07,FR,144.9,new postings,"IT Infrastructure, Operations & Support"
2023-06-08,FR,145.24,total postings,"IT Infrastructure, Operations & Support"
2023-06-08,FR,145.27,new postings,"IT Infrastructure, Operations & Support"
2023-06-09,FR,145.21,total postings,"IT Infrastructure, Operations & Support"
2023-06-09,FR,146.33,new postings,"IT Infrastructure, Operations & Support"
2023-06-10,FR,145.01,total postings,"IT Infrastructure, Operations & Support"
2023-06-10,FR,147.47,new postings,"IT Infrastructure, Operations & Support"
2023-06-11,FR,148.79,new postings,"IT Infrastructure, Operations & Support"
2023-06-11,FR,144.71,total postings,"IT Infrastructure, Operations & Support"
2023-06-12,FR,144.41,total postings,"IT Infrastructure, Operations & Support"
2023-06-12,FR,150.31,new postings,"IT Infrastructure, Operations & Support"
2023-06-13,FR,147.72,new postings,"IT Infrastructure, Operations & Support"
2023-06-13,FR,144.01,total postings,"IT Infrastructure, Operations & Support"
2023-06-14,FR,143.77,total postings,"IT Infrastructure, Operations & Support"
2023-06-14,FR,145.97,new postings,"IT Infrastructure, Operations & Support"
2023-06-15,FR,143.44,total postings,"IT Infrastructure, Operations & Support"
2023-06-15,FR,146.03,new postings,"IT Infrastructure, Operations & Support"
2023-06-16,FR,143.46,total postings,"IT Infrastructure, Operations & Support"
2023-06-16,FR,144.68,new postings,"IT Infrastructure, Operations & Support"
2023-06-17,FR,143.45,new postings,"IT Infrastructure, Operations & Support"
2023-06-17,FR,143.29,total postings,"IT Infrastructure, Operations & Support"
2023-06-18,FR,143.24,total postings,"IT Infrastructure, Operations & Support"
2023-06-18,FR,142.57,new postings,"IT Infrastructure, Operations & Support"
2023-06-19,FR,143.14,total postings,"IT Infrastructure, Operations & Support"
2023-06-19,FR,141.61,new postings,"IT Infrastructure, Operations & Support"
2023-06-20,FR,141.69,new postings,"IT Infrastructure, Operations & Support"
2023-06-20,FR,142.89,total postings,"IT Infrastructure, Operations & Support"
2023-06-21,FR,142.77,total postings,"IT Infrastructure, Operations & Support"
2023-06-21,FR,141.88,new postings,"IT Infrastructure, Operations & Support"
2023-06-22,FR,142.83,total postings,"IT Infrastructure, Operations & Support"
2023-06-22,FR,141.36,new postings,"IT Infrastructure, Operations & Support"
2023-06-23,FR,142.71,total postings,"IT Infrastructure, Operations & Support"
2023-06-23,FR,141.67,new postings,"IT Infrastructure, Operations & Support"
2023-06-24,FR,141.56,new postings,"IT Infrastructure, Operations & Support"
2023-06-24,FR,142.71,total postings,"IT Infrastructure, Operations & Support"
2023-06-25,FR,142.05,new postings,"IT Infrastructure, Operations & Support"
2023-06-25,FR,142.66,total postings,"IT Infrastructure, Operations & Support"
2023-06-26,FR,142.53,total postings,"IT Infrastructure, Operations & Support"
2023-06-26,FR,142.44,new postings,"IT Infrastructure, Operations & Support"
2023-06-27,FR,142.65,new postings,"IT Infrastructure, Operations & Support"
2023-06-27,FR,142.27,total postings,"IT Infrastructure, Operations & Support"
2023-06-28,FR,142.14,total postings,"IT Infrastructure, Operations & Support"
2023-06-28,FR,143.31,new postings,"IT Infrastructure, Operations & Support"
2023-06-29,FR,143.39,new postings,"IT Infrastructure, Operations & Support"
2023-06-29,FR,142.04,total postings,"IT Infrastructure, Operations & Support"
2023-06-30,FR,142.04,total postings,"IT Infrastructure, Operations & Support"
2023-06-30,FR,143.68,new postings,"IT Infrastructure, Operations & Support"
2023-07-01,FR,141.94,total postings,"IT Infrastructure, Operations & Support"
2023-07-01,FR,145.11,new postings,"IT Infrastructure, Operations & Support"
2023-07-02,FR,141.8,total postings,"IT Infrastructure, Operations & Support"
2023-07-02,FR,145.57,new postings,"IT Infrastructure, Operations & Support"
2023-07-03,FR,145.93,new postings,"IT Infrastructure, Operations & Support"
2023-07-03,FR,141.61,total postings,"IT Infrastructure, Operations & Support"
2023-07-04,FR,141.69,total postings,"IT Infrastructure, Operations & Support"
2023-07-04,FR,148.2,new postings,"IT Infrastructure, Operations & Support"
2023-07-05,FR,148.88,new postings,"IT Infrastructure, Operations & Support"
2023-07-05,FR,141.53,total postings,"IT Infrastructure, Operations & Support"
2023-07-06,FR,149.12,new postings,"IT Infrastructure, Operations & Support"
2023-07-06,FR,141.13,total postings,"IT Infrastructure, Operations & Support"
2023-07-07,FR,147.97,new postings,"IT Infrastructure, Operations & Support"
2023-07-07,FR,141.04,total postings,"IT Infrastructure, Operations & Support"
2023-07-08,FR,146.34,new postings,"IT Infrastructure, Operations & Support"
2023-07-08,FR,140.95,total postings,"IT Infrastructure, Operations & Support"
2023-07-09,FR,140.92,total postings,"IT Infrastructure, Operations & Support"
2023-07-09,FR,144.98,new postings,"IT Infrastructure, Operations & Support"
2023-07-10,FR,144.09,new postings,"IT Infrastructure, Operations & Support"
2023-07-10,FR,141.08,total postings,"IT Infrastructure, Operations & Support"
2023-07-11,FR,141.08,new postings,"IT Infrastructure, Operations & Support"
2023-07-11,FR,141.17,total postings,"IT Infrastructure, Operations & Support"
2023-07-12,FR,141.28,total postings,"IT Infrastructure, Operations & Support"
2023-07-12,FR,138.54,new postings,"IT Infrastructure, Operations & Support"
2023-07-13,FR,141.51,total postings,"IT Infrastructure, Operations & Support"
2023-07-13,FR,137.55,new postings,"IT Infrastructure, Operations & Support"
2023-07-14,FR,138.27,new postings,"IT Infrastructure, Operations & Support"
2023-07-14,FR,141.52,total postings,"IT Infrastructure, Operations & Support"
2023-07-15,FR,141.66,total postings,"IT Infrastructure, Operations & Support"
2023-07-15,FR,137.7,new postings,"IT Infrastructure, Operations & Support"
2023-07-16,FR,137.82,new postings,"IT Infrastructure, Operations & Support"
2023-07-16,FR,141.82,total postings,"IT Infrastructure, Operations & Support"
2023-07-17,FR,141.95,total postings,"IT Infrastructure, Operations & Support"
2023-07-17,FR,137.59,new postings,"IT Infrastructure, Operations & Support"
2023-07-18,FR,136.83,new postings,"IT Infrastructure, Operations & Support"
2023-07-18,FR,141.83,total postings,"IT Infrastructure, Operations & Support"
2023-07-19,FR,138.56,new postings,"IT Infrastructure, Operations & Support"
2023-07-19,FR,141.99,total postings,"IT Infrastructure, Operations & Support"
2023-07-20,FR,138.8,new postings,"IT Infrastructure, Operations & Support"
2023-07-20,FR,142.09,total postings,"IT Infrastructure, Operations & Support"
2023-07-21,FR,142.07,total postings,"IT Infrastructure, Operations & Support"
2023-07-21,FR,137.52,new postings,"IT Infrastructure, Operations & Support"
2023-07-22,FR,141.68,total postings,"IT Infrastructure, Operations & Support"
2023-07-22,FR,137.45,new postings,"IT Infrastructure, Operations & Support"
2023-07-23,FR,141.55,total postings,"IT Infrastructure, Operations & Support"
2023-07-23,FR,135.77,new postings,"IT Infrastructure, Operations & Support"
2023-07-24,FR,141.18,total postings,"IT Infrastructure, Operations & Support"
2023-07-24,FR,133.01,new postings,"IT Infrastructure, Operations & Support"
2023-07-25,FR,131.36,new postings,"IT Infrastructure, Operations & Support"
2023-07-25,FR,140.99,total postings,"IT Infrastructure, Operations & Support"
2023-07-26,FR,140.53,total postings,"IT Infrastructure, Operations & Support"
2023-07-26,FR,127.27,new postings,"IT Infrastructure, Operations & Support"
2023-07-27,FR,125.03,new postings,"IT Infrastructure, Operations & Support"
2023-07-27,FR,140.4,total postings,"IT Infrastructure, Operations & Support"
2023-07-28,FR,140.46,total postings,"IT Infrastructure, Operations & Support"
2023-07-28,FR,124.52,new postings,"IT Infrastructure, Operations & Support"
2023-07-29,FR,140.9,total postings,"IT Infrastructure, Operations & Support"
2023-07-29,FR,125.63,new postings,"IT Infrastructure, Operations & Support"
2023-07-30,FR,127.72,new postings,"IT Infrastructure, Operations & Support"
2023-07-30,FR,141.13,total postings,"IT Infrastructure, Operations & Support"
2023-07-31,FR,131.31,new postings,"IT Infrastructure, Operations & Support"
2023-07-31,FR,141.68,total postings,"IT Infrastructure, Operations & Support"
2023-08-01,FR,134.58,new postings,"IT Infrastructure, Operations & Support"
2023-08-01,FR,142.19,total postings,"IT Infrastructure, Operations & Support"
2023-08-02,FR,142.69,total postings,"IT Infrastructure, Operations & Support"
2023-08-02,FR,137.16,new postings,"IT Infrastructure, Operations & Support"
2023-08-03,FR,136.92,new postings,"IT Infrastructure, Operations & Support"
2023-08-03,FR,142.76,total postings,"IT Infrastructure, Operations & Support"
2023-08-04,FR,142.8,total postings,"IT Infrastructure, Operations & Support"
2023-08-04,FR,135.11,new postings,"IT Infrastructure, Operations & Support"
2023-08-05,FR,130.72,new postings,"IT Infrastructure, Operations & Support"
2023-08-05,FR,142.76,total postings,"IT Infrastructure, Operations & Support"
2023-08-06,FR,142.71,total postings,"IT Infrastructure, Operations & Support"
2023-08-06,FR,126.24,new postings,"IT Infrastructure, Operations & Support"
2023-08-07,FR,121.84,new postings,"IT Infrastructure, Operations & Support"
2023-08-07,FR,142.68,total postings,"IT Infrastructure, Operations & Support"
2023-08-08,FR,142.83,total postings,"IT Infrastructure, Operations & Support"
2023-08-08,FR,118.07,new postings,"IT Infrastructure, Operations & Support"
2023-08-09,FR,116.81,new postings,"IT Infrastructure, Operations & Support"
2023-08-09,FR,143.0,total postings,"IT Infrastructure, Operations & Support"
2023-08-10,FR,143.12,total postings,"IT Infrastructure, Operations & Support"
2023-08-10,FR,116.71,new postings,"IT Infrastructure, Operations & Support"
2023-08-11,FR,117.9,new postings,"IT Infrastructure, Operations & Support"
2023-08-11,FR,143.18,total postings,"IT Infrastructure, Operations & Support"
2023-08-12,FR,143.09,total postings,"IT Infrastructure, Operations & Support"
2023-08-12,FR,119.56,new postings,"IT Infrastructure, Operations & Support"
2023-08-13,FR,143.13,total postings,"IT Infrastructure, Operations & Support"
2023-08-13,FR,121.79,new postings,"IT Infrastructure, Operations & Support"
2023-08-14,FR,143.15,total postings,"IT Infrastructure, Operations & Support"
2023-08-14,FR,123.46,new postings,"IT Infrastructure, Operations & Support"
2023-08-15,FR,143.13,total postings,"IT Infrastructure, Operations & Support"
2023-08-15,FR,124.17,new postings,"IT Infrastructure, Operations & Support"
2023-08-16,FR,143.04,total postings,"IT Infrastructure, Operations & Support"
2023-08-16,FR,122.25,new postings,"IT Infrastructure, Operations & Support"
2023-08-17,FR,143.08,total postings,"IT Infrastructure, Operations & Support"
2023-08-17,FR,119.46,new postings,"IT Infrastructure, Operations & Support"
2023-08-18,FR,116.03,new postings,"IT Infrastructure, Operations & Support"
2023-08-18,FR,143.03,total postings,"IT Infrastructure, Operations & Support"
2023-08-19,FR,143.26,total postings,"IT Infrastructure, Operations & Support"
2023-08-19,FR,114.22,new postings,"IT Infrastructure, Operations & Support"
2023-08-20,FR,111.2,new postings,"IT Infrastructure, Operations & Support"
2023-08-20,FR,143.4,total postings,"IT Infrastructure, Operations & Support"
2023-08-21,FR,107.47,new postings,"IT Infrastructure, Operations & Support"
2023-08-21,FR,143.51,total postings,"IT Infrastructure, Operations & Support"
2023-08-22,FR,105.85,new postings,"IT Infrastructure, Operations & Support"
2023-08-22,FR,143.49,total postings,"IT Infrastructure, Operations & Support"
2023-08-23,FR,143.57,total postings,"IT Infrastructure, Operations & Support"
2023-08-23,FR,107.86,new postings,"IT Infrastructure, Operations & Support"
2023-08-24,FR,112.47,new postings,"IT Infrastructure, Operations & Support"
2023-08-24,FR,143.78,total postings,"IT Infrastructure, Operations & Support"
2023-08-25,FR,143.94,total postings,"IT Infrastructure, Operations & Support"
2023-08-25,FR,116.85,new postings,"IT Infrastructure, Operations & Support"
2023-08-26,FR,144.12,total postings,"IT Infrastructure, Operations & Support"
2023-08-26,FR,120.58,new postings,"IT Infrastructure, Operations & Support"
2023-08-27,FR,124.28,new postings,"IT Infrastructure, Operations & Support"
2023-08-27,FR,144.13,total postings,"IT Infrastructure, Operations & Support"
2023-08-28,FR,144.08,total postings,"IT Infrastructure, Operations & Support"
2023-08-28,FR,128.41,new postings,"IT Infrastructure, Operations & Support"
2023-08-29,FR,144.23,total postings,"IT Infrastructure, Operations & Support"
2023-08-29,FR,130.42,new postings,"IT Infrastructure, Operations & Support"
2023-08-30,FR,144.25,total postings,"IT Infrastructure, Operations & Support"
2023-08-30,FR,130.3,new postings,"IT Infrastructure, Operations & Support"
2023-08-31,FR,128.67,new postings,"IT Infrastructure, Operations & Support"
2023-08-31,FR,144.23,total postings,"IT Infrastructure, Operations & Support"
2023-09-01,FR,128.04,new postings,"IT Infrastructure, Operations & Support"
2023-09-01,FR,144.18,total postings,"IT Infrastructure, Operations & Support"
2023-09-02,FR,126.38,new postings,"IT Infrastructure, Operations & Support"
2023-09-02,FR,144.07,total postings,"IT Infrastructure, Operations & Support"
2023-09-03,FR,144.04,total postings,"IT Infrastructure, Operations & Support"
2023-09-03,FR,125.27,new postings,"IT Infrastructure, Operations & Support"
2023-09-04,FR,124.62,new postings,"IT Infrastructure, Operations & Support"
2023-09-04,FR,144.02,total postings,"IT Infrastructure, Operations & Support"
2023-09-05,FR,124.54,new postings,"IT Infrastructure, Operations & Support"
2023-09-05,FR,143.87,total postings,"IT Infrastructure, Operations & Support"
2023-09-06,FR,143.67,total postings,"IT Infrastructure, Operations & Support"
2023-09-06,FR,123.55,new postings,"IT Infrastructure, Operations & Support"
2023-09-07,FR,143.43,total postings,"IT Infrastructure, Operations & Support"
2023-09-07,FR,123.9,new postings,"IT Infrastructure, Operations & Support"
2023-09-08,FR,143.45,total postings,"IT Infrastructure, Operations & Support"
2023-09-08,FR,123.74,new postings,"IT Infrastructure, Operations & Support"
2023-09-09,FR,124.6,new postings,"IT Infrastructure, Operations & Support"
2023-09-09,FR,143.33,total postings,"IT Infrastructure, Operations & Support"
2023-09-10,FR,125.31,new postings,"IT Infrastructure, Operations & Support"
2023-09-10,FR,143.1,total postings,"IT Infrastructure, Operations & Support"
2023-09-11,FR,142.76,total postings,"IT Infrastructure, Operations & Support"
2023-09-11,FR,125.37,new postings,"IT Infrastructure, Operations & Support"
2023-09-12,FR,142.39,total postings,"IT Infrastructure, Operations & Support"
2023-09-12,FR,126.04,new postings,"IT Infrastructure, Operations & Support"
2023-09-13,FR,128.4,new postings,"IT Infrastructure, Operations & Support"
2023-09-13,FR,142.18,total postings,"IT Infrastructure, Operations & Support"
2023-09-14,FR,141.93,total postings,"IT Infrastructure, Operations & Support"
2023-09-14,FR,128.7,new postings,"IT Infrastructure, Operations & Support"
2023-09-15,FR,128.79,new postings,"IT Infrastructure, Operations & Support"
2023-09-15,FR,141.49,total postings,"IT Infrastructure, Operations & Support"
2023-09-16,FR,141.17,total postings,"IT Infrastructure, Operations & Support"
2023-09-16,FR,127.69,new postings,"IT Infrastructure, Operations & Support"
2023-09-17,FR,126.47,new postings,"IT Infrastructure, Operations & Support"
2023-09-17,FR,140.91,total postings,"IT Infrastructure, Operations & Support"
2023-09-18,FR,140.67,total postings,"IT Infrastructure, Operations & Support"
2023-09-18,FR,125.69,new postings,"IT Infrastructure, Operations & Support"
2023-09-19,FR,124.19,new postings,"IT Infrastructure, Operations & Support"
2023-09-19,FR,140.66,total postings,"IT Infrastructure, Operations & Support"
2023-09-20,FR,122.46,new postings,"IT Infrastructure, Operations & Support"
2023-09-20,FR,140.56,total postings,"IT Infrastructure, Operations & Support"
2023-09-21,FR,140.44,total postings,"IT Infrastructure, Operations & Support"
2023-09-21,FR,122.03,new postings,"IT Infrastructure, Operations & Support"
2023-09-22,FR,121.91,new postings,"IT Infrastructure, Operations & Support"
2023-09-22,FR,140.42,total postings,"IT Infrastructure, Operations & Support"
2023-09-23,FR,140.33,total postings,"IT Infrastructure, Operations & Support"
2023-09-23,FR,122.41,new postings,"IT Infrastructure, Operations & Support"
2023-09-24,FR,123.79,new postings,"IT Infrastructure, Operations & Support"
2023-09-24,FR,140.3,total postings,"IT Infrastructure, Operations & Support"
2023-09-25,FR,125.49,new postings,"IT Infrastructure, Operations & Support"
2023-09-25,FR,140.32,total postings,"IT Infrastructure, Operations & Support"
2023-09-26,FR,127.28,new postings,"IT Infrastructure, Operations & Support"
2023-09-26,FR,140.07,total postings,"IT Infrastructure, Operations & Support"
2023-09-27,FR,128.07,new postings,"IT Infrastructure, Operations & Support"
2023-09-27,FR,139.81,total postings,"IT Infrastructure, Operations & Support"
2023-09-28,FR,139.59,total postings,"IT Infrastructure, Operations & Support"
2023-09-28,FR,128.96,new postings,"IT Infrastructure, Operations & Support"
2023-09-29,FR,139.33,total postings,"IT Infrastructure, Operations & Support"
2023-09-29,FR,129.79,new postings,"IT Infrastructure, Operations & Support"
2023-09-30,FR,130.68,new postings,"IT Infrastructure, Operations & Support"
2023-09-30,FR,139.09,total postings,"IT Infrastructure, Operations & Support"
2023-10-01,FR,138.78,total postings,"IT Infrastructure, Operations & Support"
2023-10-01,FR,130.98,new postings,"IT Infrastructure, Operations & Support"
2023-10-02,FR,130.6,new postings,"IT Infrastructure, Operations & Support"
2023-10-02,FR,138.39,total postings,"IT Infrastructure, Operations & Support"
2023-10-03,FR,138.26,total postings,"IT Infrastructure, Operations & Support"
2023-10-03,FR,130.15,new postings,"IT Infrastructure, Operations & Support"
2023-10-04,FR,130.88,new postings,"IT Infrastructure, Operations & Support"
2023-10-04,FR,138.2,total postings,"IT Infrastructure, Operations & Support"
2023-10-05,FR,138.18,total postings,"IT Infrastructure, Operations & Support"
2023-10-05,FR,130.49,new postings,"IT Infrastructure, Operations & Support"
2023-10-06,FR,129.46,new postings,"IT Infrastructure, Operations & Support"
2023-10-06,FR,137.87,total postings,"IT Infrastructure, Operations & Support"
2023-10-07,FR,137.53,total postings,"IT Infrastructure, Operations & Support"
2023-10-07,FR,128.61,new postings,"IT Infrastructure, Operations & Support"
2023-10-08,FR,128.38,new postings,"IT Infrastructure, Operations & Support"
2023-10-08,FR,137.16,total postings,"IT Infrastructure, Operations & Support"
2023-10-09,FR,136.71,total postings,"IT Infrastructure, Operations & Support"
2023-10-09,FR,128.96,new postings,"IT Infrastructure, Operations & Support"
2023-10-10,FR,129.39,new postings,"IT Infrastructure, Operations & Support"
2023-10-10,FR,136.26,total postings,"IT Infrastructure, Operations & Support"
2023-10-11,FR,136.0,total postings,"IT Infrastructure, Operations & Support"
2023-10-11,FR,128.91,new postings,"IT Infrastructure, Operations & Support"
2023-10-12,FR,135.72,total postings,"IT Infrastructure, Operations & Support"
2023-10-12,FR,129.22,new postings,"IT Infrastructure, Operations & Support"
2023-10-13,FR,129.0,new postings,"IT Infrastructure, Operations & Support"
2023-10-13,FR,135.63,total postings,"IT Infrastructure, Operations & Support"
2023-10-14,FR,127.75,new postings,"IT Infrastructure, Operations & Support"
2023-10-14,FR,135.6,total postings,"IT Infrastructure, Operations & Support"
2023-10-15,FR,125.58,new postings,"IT Infrastructure, Operations & Support"
2023-10-15,FR,135.55,total postings,"IT Infrastructure, Operations & Support"
2023-10-16,FR,123.32,new postings,"IT Infrastructure, Operations & Support"
2023-10-16,FR,135.71,total postings,"IT Infrastructure, Operations & Support"
2023-10-17,FR,135.68,total postings,"IT Infrastructure, Operations & Support"
2023-10-17,FR,121.36,new postings,"IT Infrastructure, Operations & Support"
2023-10-18,FR,119.64,new postings,"IT Infrastructure, Operations & Support"
2023-10-18,FR,135.53,total postings,"IT Infrastructure, Operations & Support"
2023-10-19,FR,135.44,total postings,"IT Infrastructure, Operations & Support"
2023-10-19,FR,118.77,new postings,"IT Infrastructure, Operations & Support"
2023-10-20,FR,135.46,total postings,"IT Infrastructure, Operations & Support"
2023-10-20,FR,119.25,new postings,"IT Infrastructure, Operations & Support"
2023-10-21,FR,119.76,new postings,"IT Infrastructure, Operations & Support"
2023-10-21,FR,135.25,total postings,"IT Infrastructure, Operations & Support"
2023-10-22,FR,135.19,total postings,"IT Infrastructure, Operations & Support"
2023-10-22,FR,121.48,new postings,"IT Infrastructure, Operations & Support"
2023-10-23,FR,122.89,new postings,"IT Infrastructure, Operations & Support"
2023-10-23,FR,135.11,total postings,"IT Infrastructure, Operations & Support"
2023-10-24,FR,135.21,total postings,"IT Infrastructure, Operations & Support"
2023-10-24,FR,124.89,new postings,"IT Infrastructure, Operations & Support"
2023-10-25,FR,126.85,new postings,"IT Infrastructure, Operations & Support"
2023-10-25,FR,135.31,total postings,"IT Infrastructure, Operations & Support"
2023-10-26,FR,126.88,new postings,"IT Infrastructure, Operations & Support"
2023-10-26,FR,135.21,total postings,"IT Infrastructure, Operations & Support"
2023-10-27,FR,126.34,new postings,"IT Infrastructure, Operations & Support"
2023-10-27,FR,135.08,total postings,"IT Infrastructure, Operations & Support"
2023-10-28,FR,135.06,total postings,"IT Infrastructure, Operations & Support"
2023-10-28,FR,127.19,new postings,"IT Infrastructure, Operations & Support"
2023-10-29,FR,127.64,new postings,"IT Infrastructure, Operations & Support"
2023-10-29,FR,135.0,total postings,"IT Infrastructure, Operations & Support"
2023-10-30,FR,134.96,total postings,"IT Infrastructure, Operations & Support"
2023-10-30,FR,128.5,new postings,"IT Infrastructure, Operations & Support"
2023-10-31,FR,127.99,new postings,"IT Infrastructure, Operations & Support"
2023-10-31,FR,134.8,total postings,"IT Infrastructure, Operations & Support"
2023-11-01,FR,134.75,total postings,"IT Infrastructure, Operations & Support"
2023-11-01,FR,128.7,new postings,"IT Infrastructure, Operations & Support"
2023-11-02,FR,128.8,new postings,"IT Infrastructure, Operations & Support"
2023-11-02,FR,134.61,total postings,"IT Infrastructure, Operations & Support"
2023-11-03,FR,128.52,new postings,"IT Infrastructure, Operations & Support"
2023-11-03,FR,134.51,total postings,"IT Infrastructure, Operations & Support"
2023-11-04,FR,134.44,total postings,"IT Infrastructure, Operations & Support"
2023-11-04,FR,126.8,new postings,"IT Infrastructure, Operations & Support"
2023-11-05,FR,124.38,new postings,"IT Infrastructure, Operations & Support"
2023-11-05,FR,134.27,total postings,"IT Infrastructure, Operations & Support"
2023-11-06,FR,125.0,new postings,"IT Infrastructure, Operations & Support"
2023-11-06,FR,134.52,total postings,"IT Infrastructure, Operations & Support"
2023-11-07,FR,134.76,total postings,"IT Infrastructure, Operations & Support"
2023-11-07,FR,125.25,new postings,"IT Infrastructure, Operations & Support"
2023-11-08,FR,134.38,total postings,"IT Infrastructure, Operations & Support"
2023-11-08,FR,121.82,new postings,"IT Infrastructure, Operations & Support"
2023-11-09,FR,121.69,new postings,"IT Infrastructure, Operations & Support"
2023-11-09,FR,134.26,total postings,"IT Infrastructure, Operations & Support"
2023-11-10,FR,134.07,total postings,"IT Infrastructure, Operations & Support"
2023-11-10,FR,121.13,new postings,"IT Infrastructure, Operations & Support"
2023-11-11,FR,134.13,total postings,"IT Infrastructure, Operations & Support"
2023-11-11,FR,123.86,new postings,"IT Infrastructure, Operations & Support"
2023-11-12,FR,127.75,new postings,"IT Infrastructure, Operations & Support"
2023-11-12,FR,134.18,total postings,"IT Infrastructure, Operations & Support"
2023-11-13,FR,133.77,total postings,"IT Infrastructure, Operations & Support"
2023-11-13,FR,128.26,new postings,"IT Infrastructure, Operations & Support"
2023-11-14,FR,128.91,new postings,"IT Infrastructure, Operations & Support"
2023-11-14,FR,133.26,total postings,"IT Infrastructure, Operations & Support"
2023-11-15,FR,132.46,new postings,"IT Infrastructure, Operations & Support"
2023-11-15,FR,133.19,total postings,"IT Infrastructure, Operations & Support"
2023-11-16,FR,134.08,new postings,"IT Infrastructure, Operations & Support"
2023-11-16,FR,133.07,total postings,"IT Infrastructure, Operations & Support"
2023-11-17,FR,132.99,total postings,"IT Infrastructure, Operations & Support"
2023-11-17,FR,137.02,new postings,"IT Infrastructure, Operations & Support"
2023-11-18,FR,136.57,new postings,"IT Infrastructure, Operations & Support"
2023-11-18,FR,132.63,total postings,"IT Infrastructure, Operations & Support"
2023-11-19,FR,132.36,total postings,"IT Infrastructure, Operations & Support"
2023-11-19,FR,133.61,new postings,"IT Infrastructure, Operations & Support"
2023-11-20,FR,130.43,new postings,"IT Infrastructure, Operations & Support"
2023-11-20,FR,132.07,total postings,"IT Infrastructure, Operations & Support"
2023-11-21,FR,131.76,total postings,"IT Infrastructure, Operations & Support"
2023-11-21,FR,128.63,new postings,"IT Infrastructure, Operations & Support"
2023-11-22,FR,126.66,new postings,"IT Infrastructure, Operations & Support"
2023-11-22,FR,131.64,total postings,"IT Infrastructure, Operations & Support"
2023-11-23,FR,125.09,new postings,"IT Infrastructure, Operations & Support"
2023-11-23,FR,131.52,total postings,"IT Infrastructure, Operations & Support"
2023-11-24,FR,122.05,new postings,"IT Infrastructure, Operations & Support"
2023-11-24,FR,131.37,total postings,"IT Infrastructure, Operations & Support"
2023-11-25,FR,131.34,total postings,"IT Infrastructure, Operations & Support"
2023-11-25,FR,121.29,new postings,"IT Infrastructure, Operations & Support"
2023-11-26,FR,131.21,total postings,"IT Infrastructure, Operations & Support"
2023-11-26,FR,121.83,new postings,"IT Infrastructure, Operations & Support"
2023-11-27,FR,131.18,total postings,"IT Infrastructure, Operations & Support"
2023-11-27,FR,123.13,new postings,"IT Infrastructure, Operations & Support"
2023-11-28,FR,131.34,total postings,"IT Infrastructure, Operations & Support"
2023-11-28,FR,123.61,new postings,"IT Infrastructure, Operations & Support"
2023-11-29,FR,123.39,new postings,"IT Infrastructure, Operations & Support"
2023-11-29,FR,131.3,total postings,"IT Infrastructure, Operations & Support"
2023-11-30,FR,123.04,new postings,"IT Infrastructure, Operations & Support"
2023-11-30,FR,131.13,total postings,"IT Infrastructure, Operations & Support"
2023-12-01,FR,122.95,new postings,"IT Infrastructure, Operations & Support"
2023-12-01,FR,130.94,total postings,"IT Infrastructure, Operations & Support"
2023-12-02,FR,121.63,new postings,"IT Infrastructure, Operations & Support"
2023-12-02,FR,130.78,total postings,"IT Infrastructure, Operations & Support"
2023-12-03,FR,120.66,new postings,"IT Infrastructure, Operations & Support"
2023-12-03,FR,130.77,total postings,"IT Infrastructure, Operations & Support"
2023-12-04,FR,118.8,new postings,"IT Infrastructure, Operations & Support"
2023-12-04,FR,130.65,total postings,"IT Infrastructure, Operations & Support"
2023-12-05,FR,130.5,total postings,"IT Infrastructure, Operations & Support"
2023-12-05,FR,117.91,new postings,"IT Infrastructure, Operations & Support"
2023-12-06,FR,117.76,new postings,"IT Infrastructure, Operations & Support"
2023-12-06,FR,130.36,total postings,"IT Infrastructure, Operations & Support"
2023-12-07,FR,130.35,total postings,"IT Infrastructure, Operations & Support"
2023-12-07,FR,117.96,new postings,"IT Infrastructure, Operations & Support"
2023-12-08,FR,117.42,new postings,"IT Infrastructure, Operations & Support"
2023-12-08,FR,130.39,total postings,"IT Infrastructure, Operations & Support"
2023-12-09,FR,130.42,total postings,"IT Infrastructure, Operations & Support"
2023-12-09,FR,116.45,new postings,"IT Infrastructure, Operations & Support"
2023-12-10,FR,130.43,total postings,"IT Infrastructure, Operations & Support"
2023-12-10,FR,115.79,new postings,"IT Infrastructure, Operations & Support"
2023-12-11,FR,116.19,new postings,"IT Infrastructure, Operations & Support"
2023-12-11,FR,130.5,total postings,"IT Infrastructure, Operations & Support"
2023-12-12,FR,130.6,total postings,"IT Infrastructure, Operations & Support"
2023-12-12,FR,114.59,new postings,"IT Infrastructure, Operations & Support"
2023-12-13,FR,130.94,total postings,"IT Infrastructure, Operations & Support"
2023-12-13,FR,112.27,new postings,"IT Infrastructure, Operations & Support"
2023-12-14,FR,110.53,new postings,"IT Infrastructure, Operations & Support"
2023-12-14,FR,131.2,total postings,"IT Infrastructure, Operations & Support"
2023-12-15,FR,131.45,total postings,"IT Infrastructure, Operations & Support"
2023-12-15,FR,110.95,new postings,"IT Infrastructure, Operations & Support"
2023-12-16,FR,111.32,new postings,"IT Infrastructure, Operations & Support"
2023-12-16,FR,131.57,total postings,"IT Infrastructure, Operations & Support"
2023-12-17,FR,111.36,new postings,"IT Infrastructure, Operations & Support"
2023-12-17,FR,131.71,total postings,"IT Infrastructure, Operations & Support"
2023-12-18,FR,110.68,new postings,"IT Infrastructure, Operations & Support"
2023-12-18,FR,131.63,total postings,"IT Infrastructure, Operations & Support"
2023-12-19,FR,131.29,total postings,"IT Infrastructure, Operations & Support"
2023-12-19,FR,110.56,new postings,"IT Infrastructure, Operations & Support"
2023-12-20,FR,112.68,new postings,"IT Infrastructure, Operations & Support"
2023-12-20,FR,130.85,total postings,"IT Infrastructure, Operations & Support"
2023-12-21,FR,114.11,new postings,"IT Infrastructure, Operations & Support"
2023-12-21,FR,130.45,total postings,"IT Infrastructure, Operations & Support"
2023-12-22,FR,129.75,total postings,"IT Infrastructure, Operations & Support"
2023-12-22,FR,114.53,new postings,"IT Infrastructure, Operations & Support"
2023-12-23,FR,116.68,new postings,"IT Infrastructure, Operations & Support"
2023-12-23,FR,129.19,total postings,"IT Infrastructure, Operations & Support"
2023-12-24,FR,119.36,new postings,"IT Infrastructure, Operations & Support"
2023-12-24,FR,128.57,total postings,"IT Infrastructure, Operations & Support"
2023-12-25,FR,124.2,new postings,"IT Infrastructure, Operations & Support"
2023-12-25,FR,128.5,total postings,"IT Infrastructure, Operations & Support"
2023-12-26,FR,128.47,total postings,"IT Infrastructure, Operations & Support"
2023-12-26,FR,127.91,new postings,"IT Infrastructure, Operations & Support"
2023-12-27,FR,128.15,new postings,"IT Infrastructure, Operations & Support"
2023-12-27,FR,128.38,total postings,"IT Infrastructure, Operations & Support"
2023-12-28,FR,128.35,total postings,"IT Infrastructure, Operations & Support"
2023-12-28,FR,127.74,new postings,"IT Infrastructure, Operations & Support"
2023-12-29,FR,126.68,new postings,"IT Infrastructure, Operations & Support"
2023-12-29,FR,128.6,total postings,"IT Infrastructure, Operations & Support"
2023-12-30,FR,128.75,total postings,"IT Infrastructure, Operations & Support"
2023-12-30,FR,124.2,new postings,"IT Infrastructure, Operations & Support"
2023-12-31,FR,121.57,new postings,"IT Infrastructure, Operations & Support"
2023-12-31,FR,128.84,total postings,"IT Infrastructure, Operations & Support"
2024-01-01,FR,128.81,total postings,"IT Infrastructure, Operations & Support"
2024-01-01,FR,116.35,new postings,"IT Infrastructure, Operations & Support"
2024-01-02,FR,112.28,new postings,"IT Infrastructure, Operations & Support"
2024-01-02,FR,128.81,total postings,"IT Infrastructure, Operations & Support"
2024-01-03,FR,128.72,total postings,"IT Infrastructure, Operations & Support"
2024-01-03,FR,110.25,new postings,"IT Infrastructure, Operations & Support"
2024-01-04,FR,128.48,total postings,"IT Infrastructure, Operations & Support"
2024-01-04,FR,109.19,new postings,"IT Infrastructure, Operations & Support"
2024-01-05,FR,128.41,total postings,"IT Infrastructure, Operations & Support"
2024-01-05,FR,110.93,new postings,"IT Infrastructure, Operations & Support"
2024-01-06,FR,113.34,new postings,"IT Infrastructure, Operations & Support"
2024-01-06,FR,128.57,total postings,"IT Infrastructure, Operations & Support"
2024-01-07,FR,114.01,new postings,"IT Infrastructure, Operations & Support"
2024-01-07,FR,128.66,total postings,"IT Infrastructure, Operations & Support"
2024-01-08,FR,128.49,total postings,"IT Infrastructure, Operations & Support"
2024-01-08,FR,113.91,new postings,"IT Infrastructure, Operations & Support"
2024-01-09,FR,115.91,new postings,"IT Infrastructure, Operations & Support"
2024-01-09,FR,128.43,total postings,"IT Infrastructure, Operations & Support"
2024-01-10,FR,118.08,new postings,"IT Infrastructure, Operations & Support"
2024-01-10,FR,128.48,total postings,"IT Infrastructure, Operations & Support"
2024-01-11,FR,120.15,new postings,"IT Infrastructure, Operations & Support"
2024-01-11,FR,128.58,total postings,"IT Infrastructure, Operations & Support"
2024-01-12,FR,128.57,total postings,"IT Infrastructure, Operations & Support"
2024-01-12,FR,120.09,new postings,"IT Infrastructure, Operations & Support"
2024-01-13,FR,128.36,total postings,"IT Infrastructure, Operations & Support"
2024-01-13,FR,119.45,new postings,"IT Infrastructure, Operations & Support"
2024-01-14,FR,128.11,total postings,"IT Infrastructure, Operations & Support"
2024-01-14,FR,119.59,new postings,"IT Infrastructure, Operations & Support"
2024-01-15,FR,121.14,new postings,"IT Infrastructure, Operations & Support"
2024-01-15,FR,127.86,total postings,"IT Infrastructure, Operations & Support"
2024-01-16,FR,127.6,total postings,"IT Infrastructure, Operations & Support"
2024-01-16,FR,121.52,new postings,"IT Infrastructure, Operations & Support"
2024-01-17,FR,122.55,new postings,"IT Infrastructure, Operations & Support"
2024-01-17,FR,127.58,total postings,"IT Infrastructure, Operations & Support"
2024-01-18,FR,122.94,new postings,"IT Infrastructure, Operations & Support"
2024-01-18,FR,127.66,total postings,"IT Infrastructure, Operations & Support"
2024-01-19,FR,127.57,total postings,"IT Infrastructure, Operations & Support"
2024-01-19,FR,122.61,new postings,"IT Infrastructure, Operations & Support"
2024-01-20,FR,127.61,total postings,"IT Infrastructure, Operations & Support"
2024-01-20,FR,123.55,new postings,"IT Infrastructure, Operations & Support"
2024-01-21,FR,125.37,new postings,"IT Infrastructure, Operations & Support"
2024-01-21,FR,127.91,total postings,"IT Infrastructure, Operations & Support"
2024-01-22,FR,128.1,total postings,"IT Infrastructure, Operations & Support"
2024-01-22,FR,127.09,new postings,"IT Infrastructure, Operations & Support"
2024-01-23,FR,127.96,new postings,"IT Infrastructure, Operations & Support"
2024-01-23,FR,128.22,total postings,"IT Infrastructure, Operations & Support"
2024-01-24,FR,126.83,new postings,"IT Infrastructure, Operations & Support"
2024-01-24,FR,127.89,total postings,"IT Infrastructure, Operations & Support"
2024-01-25,FR,127.58,total postings,"IT Infrastructure, Operations & Support"
2024-01-25,FR,126.69,new postings,"IT Infrastructure, Operations & Support"
2024-01-26,FR,127.81,new postings,"IT Infrastructure, Operations & Support"
2024-01-26,FR,127.44,total postings,"IT Infrastructure, Operations & Support"
2024-01-27,FR,127.2,new postings,"IT Infrastructure, Operations & Support"
2024-01-27,FR,127.3,total postings,"IT Infrastructure, Operations & Support"
2024-01-28,FR,126.97,total postings,"IT Infrastructure, Operations & Support"
2024-01-28,FR,125.19,new postings,"IT Infrastructure, Operations & Support"
2024-01-29,FR,126.77,total postings,"IT Infrastructure, Operations & Support"
2024-01-29,FR,122.89,new postings,"IT Infrastructure, Operations & Support"
2024-01-30,FR,126.68,total postings,"IT Infrastructure, Operations & Support"
2024-01-30,FR,121.65,new postings,"IT Infrastructure, Operations & Support"
2024-01-31,FR,126.6,total postings,"IT Infrastructure, Operations & Support"
2024-01-31,FR,121.35,new postings,"IT Infrastructure, Operations & Support"
2024-02-01,FR,120.68,new postings,"IT Infrastructure, Operations & Support"
2024-02-01,FR,126.6,total postings,"IT Infrastructure, Operations & Support"
2024-02-02,FR,126.64,total postings,"IT Infrastructure, Operations & Support"
2024-02-02,FR,120.6,new postings,"IT Infrastructure, Operations & Support"
2024-02-03,FR,120.83,new postings,"IT Infrastructure, Operations & Support"
2024-02-03,FR,126.58,total postings,"IT Infrastructure, Operations & Support"
2024-02-04,FR,126.52,total postings,"IT Infrastructure, Operations & Support"
2024-02-04,FR,122.2,new postings,"IT Infrastructure, Operations & Support"
2024-02-05,FR,126.47,total postings,"IT Infrastructure, Operations & Support"
2024-02-05,FR,123.61,new postings,"IT Infrastructure, Operations & Support"
2024-02-06,FR,126.36,total postings,"IT Infrastructure, Operations & Support"
2024-02-06,FR,124.48,new postings,"IT Infrastructure, Operations & Support"
2024-02-07,FR,125.03,new postings,"IT Infrastructure, Operations & Support"
2024-02-07,FR,126.55,total postings,"IT Infrastructure, Operations & Support"
2024-02-08,FR,126.72,total postings,"IT Infrastructure, Operations & Support"
2024-02-08,FR,125.43,new postings,"IT Infrastructure, Operations & Support"
2024-02-09,FR,124.76,new postings,"IT Infrastructure, Operations & Support"
2024-02-09,FR,126.95,total postings,"IT Infrastructure, Operations & Support"
2024-02-10,FR,127.2,total postings,"IT Infrastructure, Operations & Support"
2024-02-10,FR,123.94,new postings,"IT Infrastructure, Operations & Support"
2024-02-11,FR,123.08,new postings,"IT Infrastructure, Operations & Support"
2024-02-11,FR,127.44,total postings,"IT Infrastructure, Operations & Support"
2024-02-12,FR,122.34,new postings,"IT Infrastructure, Operations & Support"
2024-02-12,FR,127.71,total postings,"IT Infrastructure, Operations & Support"
2024-02-13,FR,121.99,new postings,"IT Infrastructure, Operations & Support"
2024-02-13,FR,128.05,total postings,"IT Infrastructure, Operations & Support"
2024-02-14,FR,121.38,new postings,"IT Infrastructure, Operations & Support"
2024-02-14,FR,128.3,total postings,"IT Infrastructure, Operations & Support"
2024-02-15,FR,128.56,total postings,"IT Infrastructure, Operations & Support"
2024-02-15,FR,122.25,new postings,"IT Infrastructure, Operations & Support"
2024-02-16,FR,122.94,new postings,"IT Infrastructure, Operations & Support"
2024-02-16,FR,128.72,total postings,"IT Infrastructure, Operations & Support"
2024-02-17,FR,128.72,total postings,"IT Infrastructure, Operations & Support"
2024-02-17,FR,124.05,new postings,"IT Infrastructure, Operations & Support"
2024-02-18,FR,128.84,total postings,"IT Infrastructure, Operations & Support"
2024-02-18,FR,125.18,new postings,"IT Infrastructure, Operations & Support"
2024-02-19,FR,125.84,new postings,"IT Infrastructure, Operations & Support"
2024-02-19,FR,128.84,total postings,"IT Infrastructure, Operations & Support"
2024-02-20,FR,128.81,total postings,"IT Infrastructure, Operations & Support"
2024-02-20,FR,125.48,new postings,"IT Infrastructure, Operations & Support"
2024-02-21,FR,128.63,total postings,"IT Infrastructure, Operations & Support"
2024-02-21,FR,125.93,new postings,"IT Infrastructure, Operations & Support"
2024-02-22,FR,128.26,total postings,"IT Infrastructure, Operations & Support"
2024-02-22,FR,123.81,new postings,"IT Infrastructure, Operations & Support"
2024-02-23,FR,122.77,new postings,"IT Infrastructure, Operations & Support"
2024-02-23,FR,127.99,total postings,"IT Infrastructure, Operations & Support"
2024-02-24,FR,127.92,total postings,"IT Infrastructure, Operations & Support"
2024-02-24,FR,121.8,new postings,"IT Infrastructure, Operations & Support"
2024-02-25,FR,120.82,new postings,"IT Infrastructure, Operations & Support"
2024-02-25,FR,127.74,total postings,"IT Infrastructure, Operations & Support"
2024-02-26,FR,127.72,total postings,"IT Infrastructure, Operations & Support"
2024-02-26,FR,120.71,new postings,"IT Infrastructure, Operations & Support"
2024-02-27,FR,120.48,new postings,"IT Infrastructure, Operations & Support"
2024-02-27,FR,127.63,total postings,"IT Infrastructure, Operations & Support"
2024-02-28,FR,120.25,new postings,"IT Infrastructure, Operations & Support"
2024-02-28,FR,127.54,total postings,"IT Infrastructure, Operations & Support"
2024-02-29,FR,127.59,total postings,"IT Infrastructure, Operations & Support"
2024-02-29,FR,120.99,new postings,"IT Infrastructure, Operations & Support"
2024-03-01,FR,121.21,new postings,"IT Infrastructure, Operations & Support"
2024-03-01,FR,127.44,total postings,"IT Infrastructure, Operations & Support"
2024-03-02,FR,127.15,total postings,"IT Infrastructure, Operations & Support"
2024-03-02,FR,121.53,new postings,"IT Infrastructure, Operations & Support"
2024-03-03,FR,126.94,total postings,"IT Infrastructure, Operations & Support"
2024-03-03,FR,121.94,new postings,"IT Infrastructure, Operations & Support"
2024-03-04,FR,126.74,total postings,"IT Infrastructure, Operations & Support"
2024-03-04,FR,121.93,new postings,"IT Infrastructure, Operations & Support"
2024-03-05,FR,122.96,new postings,"IT Infrastructure, Operations & Support"
2024-03-05,FR,126.84,total postings,"IT Infrastructure, Operations & Support"
2024-03-06,FR,126.95,total postings,"IT Infrastructure, Operations & Support"
2024-03-06,FR,123.07,new postings,"IT Infrastructure, Operations & Support"
2024-03-07,FR,124.61,new postings,"IT Infrastructure, Operations & Support"
2024-03-07,FR,127.04,total postings,"IT Infrastructure, Operations & Support"
2024-03-08,FR,125.18,new postings,"IT Infrastructure, Operations & Support"
2024-03-08,FR,127.16,total postings,"IT Infrastructure, Operations & Support"
2024-03-09,FR,126.12,new postings,"IT Infrastructure, Operations & Support"
2024-03-09,FR,127.55,total postings,"IT Infrastructure, Operations & Support"
2024-03-10,FR,128.02,total postings,"IT Infrastructure, Operations & Support"
2024-03-10,FR,127.13,new postings,"IT Infrastructure, Operations & Support"
2024-03-11,FR,128.12,new postings,"IT Infrastructure, Operations & Support"
2024-03-11,FR,128.47,total postings,"IT Infrastructure, Operations & Support"
2024-03-12,FR,128.72,total postings,"IT Infrastructure, Operations & Support"
2024-03-12,FR,129.02,new postings,"IT Infrastructure, Operations & Support"
2024-03-13,FR,130.39,new postings,"IT Infrastructure, Operations & Support"
2024-03-13,FR,128.96,total postings,"IT Infrastructure, Operations & Support"
2024-03-14,FR,129.11,total postings,"IT Infrastructure, Operations & Support"
2024-03-14,FR,130.45,new postings,"IT Infrastructure, Operations & Support"
2024-03-15,FR,131.11,new postings,"IT Infrastructure, Operations & Support"
2024-03-15,FR,129.28,total postings,"IT Infrastructure, Operations & Support"
2024-03-16,FR,129.13,total postings,"IT Infrastructure, Operations & Support"
2024-03-16,FR,131.44,new postings,"IT Infrastructure, Operations & Support"
2024-03-17,FR,128.88,total postings,"IT Infrastructure, Operations & Support"
2024-03-17,FR,131.98,new postings,"IT Infrastructure, Operations & Support"
2024-03-18,FR,128.7,total postings,"IT Infrastructure, Operations & Support"
2024-03-18,FR,132.75,new postings,"IT Infrastructure, Operations & Support"
2024-03-19,FR,132.99,new postings,"IT Infrastructure, Operations & Support"
2024-03-19,FR,128.4,total postings,"IT Infrastructure, Operations & Support"
2024-03-20,FR,128.21,total postings,"IT Infrastructure, Operations & Support"
2024-03-20,FR,133.34,new postings,"IT Infrastructure, Operations & Support"
2024-03-21,FR,133.56,new postings,"IT Infrastructure, Operations & Support"
2024-03-21,FR,127.99,total postings,"IT Infrastructure, Operations & Support"
2024-03-22,FR,127.62,total postings,"IT Infrastructure, Operations & Support"
2024-03-22,FR,133.59,new postings,"IT Infrastructure, Operations & Support"
2024-03-23,FR,127.44,total postings,"IT Infrastructure, Operations & Support"
2024-03-23,FR,133.85,new postings,"IT Infrastructure, Operations & Support"
2024-03-24,FR,133.5,new postings,"IT Infrastructure, Operations & Support"
2024-03-24,FR,127.33,total postings,"IT Infrastructure, Operations & Support"
2024-03-25,FR,132.78,new postings,"IT Infrastructure, Operations & Support"
2024-03-25,FR,127.2,total postings,"IT Infrastructure, Operations & Support"
2024-03-26,FR,127.27,total postings,"IT Infrastructure, Operations & Support"
2024-03-26,FR,133.24,new postings,"IT Infrastructure, Operations & Support"
2024-03-27,FR,127.08,total postings,"IT Infrastructure, Operations & Support"
2024-03-27,FR,132.49,new postings,"IT Infrastructure, Operations & Support"
2024-03-28,FR,126.97,total postings,"IT Infrastructure, Operations & Support"
2024-03-28,FR,132.15,new postings,"IT Infrastructure, Operations & Support"
2024-03-29,FR,132.26,new postings,"IT Infrastructure, Operations & Support"
2024-03-29,FR,126.95,total postings,"IT Infrastructure, Operations & Support"
2024-03-30,FR,127.06,total postings,"IT Infrastructure, Operations & Support"
2024-03-30,FR,131.95,new postings,"IT Infrastructure, Operations & Support"
2024-03-31,FR,127.05,total postings,"IT Infrastructure, Operations & Support"
2024-03-31,FR,131.15,new postings,"IT Infrastructure, Operations & Support"
2024-04-01,FR,127.14,total postings,"IT Infrastructure, Operations & Support"
2024-04-01,FR,130.95,new postings,"IT Infrastructure, Operations & Support"
2024-04-02,FR,126.94,total postings,"IT Infrastructure, Operations & Support"
2024-04-02,FR,127.96,new postings,"IT Infrastructure, Operations & Support"
2024-04-03,FR,127.06,total postings,"IT Infrastructure, Operations & Support"
2024-04-03,FR,126.31,new postings,"IT Infrastructure, Operations & Support"
2024-04-04,FR,127.04,total postings,"IT Infrastructure, Operations & Support"
2024-04-04,FR,124.02,new postings,"IT Infrastructure, Operations & Support"
2024-04-05,FR,121.95,new postings,"IT Infrastructure, Operations & Support"
2024-04-05,FR,126.99,total postings,"IT Infrastructure, Operations & Support"
2024-04-06,FR,126.92,total postings,"IT Infrastructure, Operations & Support"
2024-04-06,FR,119.91,new postings,"IT Infrastructure, Operations & Support"
2024-04-07,FR,119.23,new postings,"IT Infrastructure, Operations & Support"
2024-04-07,FR,126.92,total postings,"IT Infrastructure, Operations & Support"
2024-04-08,FR,126.84,total postings,"IT Infrastructure, Operations & Support"
2024-04-08,FR,118.17,new postings,"IT Infrastructure, Operations & Support"
2024-04-09,FR,121.28,new postings,"IT Infrastructure, Operations & Support"
2024-04-09,FR,126.77,total postings,"IT Infrastructure, Operations & Support"
2024-04-10,FR,124.11,new postings,"IT Infrastructure, Operations & Support"
2024-04-10,FR,126.72,total postings,"IT Infrastructure, Operations & Support"
2024-04-11,FR,127.02,total postings,"IT Infrastructure, Operations & Support"
2024-04-11,FR,131.05,new postings,"IT Infrastructure, Operations & Support"
2024-04-12,FR,127.26,total postings,"IT Infrastructure, Operations & Support"
2024-04-12,FR,135.93,new postings,"IT Infrastructure, Operations & Support"
2024-04-13,FR,140.62,new postings,"IT Infrastructure, Operations & Support"
2024-04-13,FR,127.54,total postings,"IT Infrastructure, Operations & Support"
2024-04-14,FR,127.76,total postings,"IT Infrastructure, Operations & Support"
2024-04-14,FR,143.81,new postings,"IT Infrastructure, Operations & Support"
2024-04-15,FR,127.86,total postings,"IT Infrastructure, Operations & Support"
2024-04-15,FR,147.41,new postings,"IT Infrastructure, Operations & Support"
2024-04-16,FR,127.75,total postings,"IT Infrastructure, Operations & Support"
2024-04-16,FR,145.89,new postings,"IT Infrastructure, Operations & Support"
2024-04-17,FR,147.27,new postings,"IT Infrastructure, Operations & Support"
2024-04-17,FR,127.91,total postings,"IT Infrastructure, Operations & Support"
2024-04-18,FR,127.85,total postings,"IT Infrastructure, Operations & Support"
2024-04-18,FR,145.63,new postings,"IT Infrastructure, Operations & Support"
2024-04-19,FR,127.92,total postings,"IT Infrastructure, Operations & Support"
2024-04-19,FR,146.43,new postings,"IT Infrastructure, Operations & Support"
2024-04-20,FR,127.81,total postings,"IT Infrastructure, Operations & Support"
2024-04-20,FR,147.22,new postings,"IT Infrastructure, Operations & Support"
2024-04-21,FR,149.34,new postings,"IT Infrastructure, Operations & Support"
2024-04-21,FR,127.76,total postings,"IT Infrastructure, Operations & Support"
2024-04-22,FR,152.27,new postings,"IT Infrastructure, Operations & Support"
2024-04-22,FR,127.83,total postings,"IT Infrastructure, Operations & Support"
2024-04-23,FR,158.98,new postings,"IT Infrastructure, Operations & Support"
2024-04-23,FR,128.16,total postings,"IT Infrastructure, Operations & Support"
2024-04-24,FR,128.09,total postings,"IT Infrastructure, Operations & Support"
2024-04-24,FR,159.61,new postings,"IT Infrastructure, Operations & Support"
2024-04-25,FR,157.96,new postings,"IT Infrastructure, Operations & Support"
2024-04-25,FR,128.21,total postings,"IT Infrastructure, Operations & Support"
2024-04-26,FR,128.31,total postings,"IT Infrastructure, Operations & Support"
2024-04-26,FR,154.84,new postings,"IT Infrastructure, Operations & Support"
2024-04-27,FR,151.44,new postings,"IT Infrastructure, Operations & Support"
2024-04-27,FR,128.52,total postings,"IT Infrastructure, Operations & Support"
2024-04-28,FR,128.55,total postings,"IT Infrastructure, Operations & Support"
2024-04-28,FR,146.91,new postings,"IT Infrastructure, Operations & Support"
2024-04-29,FR,140.45,new postings,"IT Infrastructure, Operations & Support"
2024-04-29,FR,128.61,total postings,"IT Infrastructure, Operations & Support"
2024-04-30,FR,128.56,total postings,"IT Infrastructure, Operations & Support"
2024-04-30,FR,131.59,new postings,"IT Infrastructure, Operations & Support"
2024-05-01,FR,127.48,new postings,"IT Infrastructure, Operations & Support"
2024-05-01,FR,128.64,total postings,"IT Infrastructure, Operations & Support"
2024-05-02,FR,124.29,new postings,"IT Infrastructure, Operations & Support"
2024-05-02,FR,128.36,total postings,"IT Infrastructure, Operations & Support"
2024-05-03,FR,122.46,new postings,"IT Infrastructure, Operations & Support"
2024-05-03,FR,128.1,total postings,"IT Infrastructure, Operations & Support"
2024-05-04,FR,127.68,total postings,"IT Infrastructure, Operations & Support"
2024-05-04,FR,122.24,new postings,"IT Infrastructure, Operations & Support"
2024-05-05,FR,123.24,new postings,"IT Infrastructure, Operations & Support"
2024-05-05,FR,127.36,total postings,"IT Infrastructure, Operations & Support"
2024-05-06,FR,126.93,total postings,"IT Infrastructure, Operations & Support"
2024-05-06,FR,123.19,new postings,"IT Infrastructure, Operations & Support"
2024-05-07,FR,123.87,new postings,"IT Infrastructure, Operations & Support"
2024-05-07,FR,126.67,total postings,"IT Infrastructure, Operations & Support"
2024-05-08,FR,126.31,total postings,"IT Infrastructure, Operations & Support"
2024-05-08,FR,121.58,new postings,"IT Infrastructure, Operations & Support"
2024-05-09,FR,119.8,new postings,"IT Infrastructure, Operations & Support"
2024-05-09,FR,125.94,total postings,"IT Infrastructure, Operations & Support"
2024-05-10,FR,125.4,total postings,"IT Infrastructure, Operations & Support"
2024-05-10,FR,115.38,new postings,"IT Infrastructure, Operations & Support"
2024-05-11,FR,124.94,total postings,"IT Infrastructure, Operations & Support"
2024-05-11,FR,107.03,new postings,"IT Infrastructure, Operations & Support"
2024-05-12,FR,124.45,total postings,"IT Infrastructure, Operations & Support"
2024-05-12,FR,97.69,new postings,"IT Infrastructure, Operations & Support"
2024-05-13,FR,89.76,new postings,"IT Infrastructure, Operations & Support"
2024-05-13,FR,123.94,total postings,"IT Infrastructure, Operations & Support"
2024-05-14,FR,123.42,total postings,"IT Infrastructure, Operations & Support"
2024-05-14,FR,83.64,new postings,"IT Infrastructure, Operations & Support"
2024-05-15,FR,123.06,total postings,"IT Infrastructure, Operations & Support"
2024-05-15,FR,80.95,new postings,"IT Infrastructure, Operations & Support"
2024-05-16,FR,122.74,total postings,"IT Infrastructure, Operations & Support"
2024-05-16,FR,80.19,new postings,"IT Infrastructure, Operations & Support"
2024-05-17,FR,86.27,new postings,"IT Infrastructure, Operations & Support"
2024-05-17,FR,122.57,total postings,"IT Infrastructure, Operations & Support"
2024-05-18,FR,122.18,total postings,"IT Infrastructure, Operations & Support"
2024-05-18,FR,96.51,new postings,"IT Infrastructure, Operations & Support"
2024-05-19,FR,121.6,total postings,"IT Infrastructure, Operations & Support"
2024-05-19,FR,107.29,new postings,"IT Infrastructure, Operations & Support"
2024-05-20,FR,121.08,total postings,"IT Infrastructure, Operations & Support"
2024-05-20,FR,119.0,new postings,"IT Infrastructure, Operations & Support"
2024-05-21,FR,125.13,new postings,"IT Infrastructure, Operations & Support"
2024-05-21,FR,120.2,total postings,"IT Infrastructure, Operations & Support"
2024-05-22,FR,119.57,total postings,"IT Infrastructure, Operations & Support"
2024-05-22,FR,128.44,new postings,"IT Infrastructure, Operations & Support"
2024-05-23,FR,119.04,total postings,"IT Infrastructure, Operations & Support"
2024-05-23,FR,129.55,new postings,"IT Infrastructure, Operations & Support"
2024-05-24,FR,125.38,new postings,"IT Infrastructure, Operations & Support"
2024-05-24,FR,118.59,total postings,"IT Infrastructure, Operations & Support"
2024-05-25,FR,118.5,total postings,"IT Infrastructure, Operations & Support"
2024-05-25,FR,121.69,new postings,"IT Infrastructure, Operations & Support"
2024-05-26,FR,118.74,new postings,"IT Infrastructure, Operations & Support"
2024-05-26,FR,118.65,total postings,"IT Infrastructure, Operations & Support"
2024-05-27,FR,115.29,new postings,"IT Infrastructure, Operations & Support"
2024-05-27,FR,118.53,total postings,"IT Infrastructure, Operations & Support"
2024-05-28,FR,119.88,new postings,"IT Infrastructure, Operations & Support"
2024-05-28,FR,119.09,total postings,"IT Infrastructure, Operations & Support"
2024-05-29,FR,125.9,new postings,"IT Infrastructure, Operations & Support"
2024-05-29,FR,119.35,total postings,"IT Infrastructure, Operations & Support"
2024-05-30,FR,119.77,total postings,"IT Infrastructure, Operations & Support"
2024-05-30,FR,132.61,new postings,"IT Infrastructure, Operations & Support"
2024-05-31,FR,120.06,total postings,"IT Infrastructure, Operations & Support"
2024-05-31,FR,138.86,new postings,"IT Infrastructure, Operations & Support"
2024-06-01,FR,143.34,new postings,"IT Infrastructure, Operations & Support"
2024-06-01,FR,120.21,total postings,"IT Infrastructure, Operations & Support"
2024-06-02,FR,120.41,total postings,"IT Infrastructure, Operations & Support"
2024-06-02,FR,146.66,new postings,"IT Infrastructure, Operations & Support"
2024-06-03,FR,120.72,total postings,"IT Infrastructure, Operations & Support"
2024-06-03,FR,148.72,new postings,"IT Infrastructure, Operations & Support"
2024-06-04,FR,121.03,total postings,"IT Infrastructure, Operations & Support"
2024-06-04,FR,148.18,new postings,"IT Infrastructure, Operations & Support"
2024-06-05,FR,146.59,new postings,"IT Infrastructure, Operations & Support"
2024-06-05,FR,121.24,total postings,"IT Infrastructure, Operations & Support"
2024-06-06,FR,121.22,total postings,"IT Infrastructure, Operations & Support"
2024-06-06,FR,144.38,new postings,"IT Infrastructure, Operations & Support"
2024-06-07,FR,143.19,new postings,"IT Infrastructure, Operations & Support"
2024-06-07,FR,121.3,total postings,"IT Infrastructure, Operations & Support"
2024-06-08,FR,142.82,new postings,"IT Infrastructure, Operations & Support"
2024-06-08,FR,121.38,total postings,"IT Infrastructure, Operations & Support"
2024-06-09,FR,142.86,new postings,"IT Infrastructure, Operations & Support"
2024-06-09,FR,121.57,total postings,"IT Infrastructure, Operations & Support"
2024-06-10,FR,121.96,total postings,"IT Infrastructure, Operations & Support"
2024-06-10,FR,144.01,new postings,"IT Infrastructure, Operations & Support"
2024-06-11,FR,142.91,new postings,"IT Infrastructure, Operations & Support"
2024-06-11,FR,122.21,total postings,"IT Infrastructure, Operations & Support"
2024-06-12,FR,122.45,total postings,"IT Infrastructure, Operations & Support"
2024-06-12,FR,141.8,new postings,"IT Infrastructure, Operations & Support"
2024-06-13,FR,122.59,total postings,"IT Infrastructure, Operations & Support"
2024-06-13,FR,139.47,new postings,"IT Infrastructure, Operations & Support"
2024-06-14,FR,122.58,total postings,"IT Infrastructure, Operations & Support"
2024-06-14,FR,134.79,new postings,"IT Infrastructure, Operations & Support"
2024-06-15,FR,129.98,new postings,"IT Infrastructure, Operations & Support"
2024-06-15,FR,122.4,total postings,"IT Infrastructure, Operations & Support"
2024-06-16,FR,122.16,total postings,"IT Infrastructure, Operations & Support"
2024-06-16,FR,125.49,new postings,"IT Infrastructure, Operations & Support"
2024-06-17,FR,120.21,new postings,"IT Infrastructure, Operations & Support"
2024-06-17,FR,121.81,total postings,"IT Infrastructure, Operations & Support"
2024-06-18,FR,121.61,total postings,"IT Infrastructure, Operations & Support"
2024-06-18,FR,116.36,new postings,"IT Infrastructure, Operations & Support"
2024-06-19,FR,121.37,total postings,"IT Infrastructure, Operations & Support"
2024-06-19,FR,114.26,new postings,"IT Infrastructure, Operations & Support"
2024-06-20,FR,114.79,new postings,"IT Infrastructure, Operations & Support"
2024-06-20,FR,121.5,total postings,"IT Infrastructure, Operations & Support"
2024-06-21,FR,116.76,new postings,"IT Infrastructure, Operations & Support"
2024-06-21,FR,121.63,total postings,"IT Infrastructure, Operations & Support"
2024-06-22,FR,122.01,total postings,"IT Infrastructure, Operations & Support"
2024-06-22,FR,119.84,new postings,"IT Infrastructure, Operations & Support"
2024-06-23,FR,122.53,new postings,"IT Infrastructure, Operations & Support"
2024-06-23,FR,122.3,total postings,"IT Infrastructure, Operations & Support"
2024-06-24,FR,122.79,total postings,"IT Infrastructure, Operations & Support"
2024-06-24,FR,126.96,new postings,"IT Infrastructure, Operations & Support"
2024-06-25,FR,131.03,new postings,"IT Infrastructure, Operations & Support"
2024-06-25,FR,122.77,total postings,"IT Infrastructure, Operations & Support"
2024-06-26,FR,168.71,new postings,"IT Infrastructure, Operations & Support"
2024-06-26,FR,126.99,total postings,"IT Infrastructure, Operations & Support"
2024-06-27,FR,134.99,total postings,"IT Infrastructure, Operations & Support"
2024-06-27,FR,239.2,new postings,"IT Infrastructure, Operations & Support"
2024-06-28,FR,143.07,total postings,"IT Infrastructure, Operations & Support"
2024-06-28,FR,310.81,new postings,"IT Infrastructure, Operations & Support"
2024-06-29,FR,309.15,new postings,"IT Infrastructure, Operations & Support"
2024-06-29,FR,142.85,total postings,"IT Infrastructure, Operations & Support"
2024-06-30,FR,142.57,total postings,"IT Infrastructure, Operations & Support"
2024-06-30,FR,306.14,new postings,"IT Infrastructure, Operations & Support"
2024-07-01,FR,303.08,new postings,"IT Infrastructure, Operations & Support"
2024-07-01,FR,142.03,total postings,"IT Infrastructure, Operations & Support"
2024-07-02,FR,300.14,new postings,"IT Infrastructure, Operations & Support"
2024-07-02,FR,141.53,total postings,"IT Infrastructure, Operations & Support"
2024-07-03,FR,262.77,new postings,"IT Infrastructure, Operations & Support"
2024-07-03,FR,137.02,total postings,"IT Infrastructure, Operations & Support"
2024-07-04,FR,128.31,total postings,"IT Infrastructure, Operations & Support"
2024-07-04,FR,190.71,new postings,"IT Infrastructure, Operations & Support"
2024-07-05,FR,119.79,total postings,"IT Infrastructure, Operations & Support"
2024-07-05,FR,119.24,new postings,"IT Infrastructure, Operations & Support"
2024-07-06,FR,119.18,new postings,"IT Infrastructure, Operations & Support"
2024-07-06,FR,119.52,total postings,"IT Infrastructure, Operations & Support"
2024-07-07,FR,120.68,new postings,"IT Infrastructure, Operations & Support"
2024-07-07,FR,119.31,total postings,"IT Infrastructure, Operations & Support"
2024-07-08,FR,119.29,total postings,"IT Infrastructure, Operations & Support"
2024-07-08,FR,121.34,new postings,"IT Infrastructure, Operations & Support"
2024-07-09,FR,123.97,new postings,"IT Infrastructure, Operations & Support"
2024-07-09,FR,119.45,total postings,"IT Infrastructure, Operations & Support"
2024-07-10,FR,125.25,new postings,"IT Infrastructure, Operations & Support"
2024-07-10,FR,119.37,total postings,"IT Infrastructure, Operations & Support"
2024-07-11,FR,127.44,new postings,"IT Infrastructure, Operations & Support"
2024-07-11,FR,119.21,total postings,"IT Infrastructure, Operations & Support"
2024-07-12,FR,126.97,new postings,"IT Infrastructure, Operations & Support"
2024-07-12,FR,118.67,total postings,"IT Infrastructure, Operations & Support"
2024-07-13,FR,118.11,total postings,"IT Infrastructure, Operations & Support"
2024-07-13,FR,126.82,new postings,"IT Infrastructure, Operations & Support"
2024-07-14,FR,117.68,total postings,"IT Infrastructure, Operations & Support"
2024-07-14,FR,126.51,new postings,"IT Infrastructure, Operations & Support"
2024-07-15,FR,127.78,new postings,"IT Infrastructure, Operations & Support"
2024-07-15,FR,117.34,total postings,"IT Infrastructure, Operations & Support"
2024-07-16,FR,117.05,total postings,"IT Infrastructure, Operations & Support"
2024-07-16,FR,126.22,new postings,"IT Infrastructure, Operations & Support"
2024-07-17,FR,116.65,total postings,"IT Infrastructure, Operations & Support"
2024-07-17,FR,126.21,new postings,"IT Infrastructure, Operations & Support"
2024-07-18,FR,127.55,new postings,"IT Infrastructure, Operations & Support"
2024-07-18,FR,116.78,total postings,"IT Infrastructure, Operations & Support"
2024-07-19,FR,117.1,total postings,"IT Infrastructure, Operations & Support"
2024-07-19,FR,130.68,new postings,"IT Infrastructure, Operations & Support"
2024-07-20,FR,133.94,new postings,"IT Infrastructure, Operations & Support"
2024-07-20,FR,117.33,total postings,"IT Infrastructure, Operations & Support"
2024-07-21,FR,137.83,new postings,"IT Infrastructure, Operations & Support"
2024-07-21,FR,117.72,total postings,"IT Infrastructure, Operations & Support"
2024-07-22,FR,117.98,total postings,"IT Infrastructure, Operations & Support"
2024-07-22,FR,138.07,new postings,"IT Infrastructure, Operations & Support"
2024-07-23,FR,139.03,new postings,"IT Infrastructure, Operations & Support"
2024-07-23,FR,118.21,total postings,"IT Infrastructure, Operations & Support"
2024-07-24,FR,138.86,new postings,"IT Infrastructure, Operations & Support"
2024-07-24,FR,118.54,total postings,"IT Infrastructure, Operations & Support"
2024-07-25,FR,118.44,total postings,"IT Infrastructure, Operations & Support"
2024-07-25,FR,135.26,new postings,"IT Infrastructure, Operations & Support"
2024-07-26,FR,131.8,new postings,"IT Infrastructure, Operations & Support"
2024-07-26,FR,118.58,total postings,"IT Infrastructure, Operations & Support"
2024-07-27,FR,118.77,total postings,"IT Infrastructure, Operations & Support"
2024-07-27,FR,128.79,new postings,"IT Infrastructure, Operations & Support"
2024-07-28,FR,125.16,new postings,"IT Infrastructure, Operations & Support"
2024-07-28,FR,118.6,total postings,"IT Infrastructure, Operations & Support"
2024-07-29,FR,118.38,total postings,"IT Infrastructure, Operations & Support"
2024-07-29,FR,123.87,new postings,"IT Infrastructure, Operations & Support"
2024-07-30,FR,118.22,total postings,"IT Infrastructure, Operations & Support"
2024-07-30,FR,123.34,new postings,"IT Infrastructure, Operations & Support"
2024-07-31,FR,118.31,total postings,"IT Infrastructure, Operations & Support"
2024-07-31,FR,123.87,new postings,"IT Infrastructure, Operations & Support"
2024-08-01,FR,118.62,total postings,"IT Infrastructure, Operations & Support"
2024-08-01,FR,128.47,new postings,"IT Infrastructure, Operations & Support"
2024-08-02,FR,118.61,total postings,"IT Infrastructure, Operations & Support"
2024-08-02,FR,131.69,new postings,"IT Infrastructure, Operations & Support"
2024-08-03,FR,133.94,new postings,"IT Infrastructure, Operations & Support"
2024-08-03,FR,118.71,total postings,"IT Infrastructure, Operations & Support"
2024-08-04,FR,119.16,total postings,"IT Infrastructure, Operations & Support"
2024-08-04,FR,137.42,new postings,"IT Infrastructure, Operations & Support"
2024-08-05,FR,139.83,new postings,"IT Infrastructure, Operations & Support"
2024-08-05,FR,119.57,total postings,"IT Infrastructure, Operations & Support"
2024-08-06,FR,139.55,new postings,"IT Infrastructure, Operations & Support"
2024-08-06,FR,119.72,total postings,"IT Infrastructure, Operations & Support"
2024-08-07,FR,137.38,new postings,"IT Infrastructure, Operations & Support"
2024-08-07,FR,119.76,total postings,"IT Infrastructure, Operations & Support"
2024-08-08,FR,119.83,total postings,"IT Infrastructure, Operations & Support"
2024-08-08,FR,133.66,new postings,"IT Infrastructure, Operations & Support"
2024-08-09,FR,130.94,new postings,"IT Infrastructure, Operations & Support"
2024-08-09,FR,119.95,total postings,"IT Infrastructure, Operations & Support"
2024-08-10,FR,120.1,total postings,"IT Infrastructure, Operations & Support"
2024-08-10,FR,127.52,new postings,"IT Infrastructure, Operations & Support"
2024-08-11,FR,123.78,new postings,"IT Infrastructure, Operations & Support"
2024-08-11,FR,120.08,total postings,"IT Infrastructure, Operations & Support"
2024-08-12,FR,120.44,new postings,"IT Infrastructure, Operations & Support"
2024-08-12,FR,120.04,total postings,"IT Infrastructure, Operations & Support"
2024-08-13,FR,120.27,new postings,"IT Infrastructure, Operations & Support"
2024-08-13,FR,120.28,total postings,"IT Infrastructure, Operations & Support"
2024-08-14,FR,120.44,total postings,"IT Infrastructure, Operations & Support"
2024-08-14,FR,121.37,new postings,"IT Infrastructure, Operations & Support"
2024-08-15,FR,120.49,total postings,"IT Infrastructure, Operations & Support"
2024-08-15,FR,121.62,new postings,"IT Infrastructure, Operations & Support"
2024-08-16,FR,120.58,total postings,"IT Infrastructure, Operations & Support"
2024-08-16,FR,121.31,new postings,"IT Infrastructure, Operations & Support"
2024-08-17,FR,120.64,total postings,"IT Infrastructure, Operations & Support"
2024-08-17,FR,119.08,new postings,"IT Infrastructure, Operations & Support"
2024-08-18,FR,120.37,total postings,"IT Infrastructure, Operations & Support"
2024-08-18,FR,115.56,new postings,"IT Infrastructure, Operations & Support"
2024-08-19,FR,120.4,total postings,"IT Infrastructure, Operations & Support"
2024-08-19,FR,112.17,new postings,"IT Infrastructure, Operations & Support"
2024-08-20,FR,120.35,total postings,"IT Infrastructure, Operations & Support"
2024-08-20,FR,107.9,new postings,"IT Infrastructure, Operations & Support"
2024-08-21,FR,103.9,new postings,"IT Infrastructure, Operations & Support"
2024-08-21,FR,120.37,total postings,"IT Infrastructure, Operations & Support"
2024-08-22,FR,100.45,new postings,"IT Infrastructure, Operations & Support"
2024-08-22,FR,120.32,total postings,"IT Infrastructure, Operations & Support"
2024-08-23,FR,120.24,total postings,"IT Infrastructure, Operations & Support"
2024-08-23,FR,98.27,new postings,"IT Infrastructure, Operations & Support"
2024-08-24,FR,101.44,new postings,"IT Infrastructure, Operations & Support"
2024-08-24,FR,120.3,total postings,"IT Infrastructure, Operations & Support"
2024-08-25,FR,104.32,new postings,"IT Infrastructure, Operations & Support"
2024-08-25,FR,120.54,total postings,"IT Infrastructure, Operations & Support"
2024-08-26,FR,120.67,total postings,"IT Infrastructure, Operations & Support"
2024-08-26,FR,106.82,new postings,"IT Infrastructure, Operations & Support"
2024-08-27,FR,109.77,new postings,"IT Infrastructure, Operations & Support"
2024-08-27,FR,120.59,total postings,"IT Infrastructure, Operations & Support"
2024-08-28,FR,112.83,new postings,"IT Infrastructure, Operations & Support"
2024-08-28,FR,120.53,total postings,"IT Infrastructure, Operations & Support"
2024-08-29,FR,114.38,new postings,"IT Infrastructure, Operations & Support"
2024-08-29,FR,119.94,total postings,"IT Infrastructure, Operations & Support"
2024-08-30,FR,116.0,new postings,"IT Infrastructure, Operations & Support"
2024-08-30,FR,119.45,total postings,"IT Infrastructure, Operations & Support"
2024-08-31,FR,118.73,total postings,"IT Infrastructure, Operations & Support"
2024-08-31,FR,115.79,new postings,"IT Infrastructure, Operations & Support"
2024-09-01,FR,116.02,new postings,"IT Infrastructure, Operations & Support"
2024-09-01,FR,117.98,total postings,"IT Infrastructure, Operations & Support"
2024-09-02,FR,117.12,total postings,"IT Infrastructure, Operations & Support"
2024-09-02,FR,116.89,new postings,"IT Infrastructure, Operations & Support"
2024-09-03,FR,116.47,total postings,"IT Infrastructure, Operations & Support"
2024-09-03,FR,116.7,new postings,"IT Infrastructure, Operations & Support"
2024-09-04,FR,115.76,total postings,"IT Infrastructure, Operations & Support"
2024-09-04,FR,116.58,new postings,"IT Infrastructure, Operations & Support"
2024-09-05,FR,115.7,total postings,"IT Infrastructure, Operations & Support"
2024-09-05,FR,118.32,new postings,"IT Infrastructure, Operations & Support"
2024-09-06,FR,119.86,new postings,"IT Infrastructure, Operations & Support"
2024-09-06,FR,115.71,total postings,"IT Infrastructure, Operations & Support"
2024-09-07,FR,119.88,new postings,"IT Infrastructure, Operations & Support"
2024-09-07,FR,115.66,total postings,"IT Infrastructure, Operations & Support"
2024-09-08,FR,115.64,total postings,"IT Infrastructure, Operations & Support"
2024-09-08,FR,120.55,new postings,"IT Infrastructure, Operations & Support"
2024-09-09,FR,115.54,total postings,"IT Infrastructure, Operations & Support"
2024-09-09,FR,120.42,new postings,"IT Infrastructure, Operations & Support"
2024-09-10,FR,115.42,total postings,"IT Infrastructure, Operations & Support"
2024-09-10,FR,121.57,new postings,"IT Infrastructure, Operations & Support"
2024-09-11,FR,115.27,total postings,"IT Infrastructure, Operations & Support"
2024-09-11,FR,122.55,new postings,"IT Infrastructure, Operations & Support"
2024-09-12,FR,115.18,total postings,"IT Infrastructure, Operations & Support"
2024-09-12,FR,122.31,new postings,"IT Infrastructure, Operations & Support"
2024-09-13,FR,114.81,total postings,"IT Infrastructure, Operations & Support"
2024-09-13,FR,121.49,new postings,"IT Infrastructure, Operations & Support"
2024-09-14,FR,114.63,total postings,"IT Infrastructure, Operations & Support"
2024-09-14,FR,122.46,new postings,"IT Infrastructure, Operations & Support"
2024-09-15,FR,123.45,new postings,"IT Infrastructure, Operations & Support"
2024-09-15,FR,114.47,total postings,"IT Infrastructure, Operations & Support"
2024-09-16,FR,124.34,new postings,"IT Infrastructure, Operations & Support"
2024-09-16,FR,114.42,total postings,"IT Infrastructure, Operations & Support"
2024-09-17,FR,124.69,new postings,"IT Infrastructure, Operations & Support"
2024-09-17,FR,114.41,total postings,"IT Infrastructure, Operations & Support"
2024-09-18,FR,114.49,total postings,"IT Infrastructure, Operations & Support"
2024-09-18,FR,125.13,new postings,"IT Infrastructure, Operations & Support"
2024-09-19,FR,125.72,new postings,"IT Infrastructure, Operations & Support"
2024-09-19,FR,114.36,total postings,"IT Infrastructure, Operations & Support"
2024-09-20,FR,123.62,new postings,"IT Infrastructure, Operations & Support"
2024-09-20,FR,114.07,total postings,"IT Infrastructure, Operations & Support"
2024-09-21,FR,121.89,new postings,"IT Infrastructure, Operations & Support"
2024-09-21,FR,113.91,total postings,"IT Infrastructure, Operations & Support"
2024-09-22,FR,119.69,new postings,"IT Infrastructure, Operations & Support"
2024-09-22,FR,113.7,total postings,"IT Infrastructure, Operations & Support"
2024-09-23,FR,118.05,new postings,"IT Infrastructure, Operations & Support"
2024-09-23,FR,113.33,total postings,"IT Infrastructure, Operations & Support"
2024-09-24,FR,112.81,total postings,"IT Infrastructure, Operations & Support"
2024-09-24,FR,116.1,new postings,"IT Infrastructure, Operations & Support"
2024-09-25,FR,114.2,new postings,"IT Infrastructure, Operations & Support"
2024-09-25,FR,112.39,total postings,"IT Infrastructure, Operations & Support"
2024-09-26,FR,112.06,total postings,"IT Infrastructure, Operations & Support"
2024-09-26,FR,113.28,new postings,"IT Infrastructure, Operations & Support"
2024-09-27,FR,112.01,total postings,"IT Infrastructure, Operations & Support"
2024-09-27,FR,115.44,new postings,"IT Infrastructure, Operations & Support"
2024-09-28,FR,111.62,total postings,"IT Infrastructure, Operations & Support"
2024-09-28,FR,114.95,new postings,"IT Infrastructure, Operations & Support"
2024-09-29,FR,113.56,new postings,"IT Infrastructure, Operations & Support"
2024-09-29,FR,111.3,total postings,"IT Infrastructure, Operations & Support"
2024-09-30,FR,111.04,total postings,"IT Infrastructure, Operations & Support"
2024-09-30,FR,112.54,new postings,"IT Infrastructure, Operations & Support"
2024-10-01,FR,111.55,new postings,"IT Infrastructure, Operations & Support"
2024-10-01,FR,110.86,total postings,"IT Infrastructure, Operations & Support"
2024-10-02,FR,110.53,total postings,"IT Infrastructure, Operations & Support"
2024-10-02,FR,109.97,new postings,"IT Infrastructure, Operations & Support"
2024-10-03,FR,107.92,new postings,"IT Infrastructure, Operations & Support"
2024-10-03,FR,110.28,total postings,"IT Infrastructure, Operations & Support"
2024-10-04,FR,110.12,total postings,"IT Infrastructure, Operations & Support"
2024-10-04,FR,104.78,new postings,"IT Infrastructure, Operations & Support"
2024-10-05,FR,109.76,total postings,"IT Infrastructure, Operations & Support"
2024-10-05,FR,103.61,new postings,"IT Infrastructure, Operations & Support"
2024-10-06,FR,109.35,total postings,"IT Infrastructure, Operations & Support"
2024-10-06,FR,103.15,new postings,"IT Infrastructure, Operations & Support"
2024-10-07,FR,109.0,total postings,"IT Infrastructure, Operations & Support"
2024-10-07,FR,102.43,new postings,"IT Infrastructure, Operations & Support"
2024-10-08,FR,101.76,new postings,"IT Infrastructure, Operations & Support"
2024-10-08,FR,108.75,total postings,"IT Infrastructure, Operations & Support"
2024-10-09,FR,108.61,total postings,"IT Infrastructure, Operations & Support"
2024-10-09,FR,102.72,new postings,"IT Infrastructure, Operations & Support"
2024-10-10,FR,103.64,new postings,"IT Infrastructure, Operations & Support"
2024-10-10,FR,108.53,total postings,"IT Infrastructure, Operations & Support"
2024-10-11,FR,105.28,new postings,"IT Infrastructure, Operations & Support"
2024-10-11,FR,108.25,total postings,"IT Infrastructure, Operations & Support"
2024-10-12,FR,106.54,new postings,"IT Infrastructure, Operations & Support"
2024-10-12,FR,108.3,total postings,"IT Infrastructure, Operations & Support"
2024-10-13,FR,108.46,total postings,"IT Infrastructure, Operations & Support"
2024-10-13,FR,108.69,new postings,"IT Infrastructure, Operations & Support"
2024-10-14,FR,108.62,total postings,"IT Infrastructure, Operations & Support"
2024-10-14,FR,111.08,new postings,"IT Infrastructure, Operations & Support"
2024-10-15,FR,113.34,new postings,"IT Infrastructure, Operations & Support"
2024-10-15,FR,108.72,total postings,"IT Infrastructure, Operations & Support"
2024-10-16,FR,108.62,total postings,"IT Infrastructure, Operations & Support"
2024-10-16,FR,112.85,new postings,"IT Infrastructure, Operations & Support"
2024-10-17,FR,112.84,new postings,"IT Infrastructure, Operations & Support"
2024-10-17,FR,108.4,total postings,"IT Infrastructure, Operations & Support"
2024-10-18,FR,113.35,new postings,"IT Infrastructure, Operations & Support"
2024-10-18,FR,108.43,total postings,"IT Infrastructure, Operations & Support"
2024-10-19,FR,108.36,total postings,"IT Infrastructure, Operations & Support"
2024-10-19,FR,111.23,new postings,"IT Infrastructure, Operations & Support"
2024-10-20,FR,108.23,new postings,"IT Infrastructure, Operations & Support"
2024-10-20,FR,108.2,total postings,"IT Infrastructure, Operations & Support"
2024-10-21,FR,104.89,new postings,"IT Infrastructure, Operations & Support"
2024-10-21,FR,107.92,total postings,"IT Infrastructure, Operations & Support"
2024-10-22,FR,107.7,total postings,"IT Infrastructure, Operations & Support"
2024-10-22,FR,102.62,new postings,"IT Infrastructure, Operations & Support"
2024-10-23,FR,107.55,total postings,"IT Infrastructure, Operations & Support"
2024-10-23,FR,102.0,new postings,"IT Infrastructure, Operations & Support"
2024-10-24,FR,107.46,total postings,"IT Infrastructure, Operations & Support"
2024-10-24,FR,101.64,new postings,"IT Infrastructure, Operations & Support"
2024-10-25,FR,101.33,new postings,"IT Infrastructure, Operations & Support"
2024-10-25,FR,107.32,total postings,"IT Infrastructure, Operations & Support"
2024-10-26,FR,107.23,total postings,"IT Infrastructure, Operations & Support"
2024-10-26,FR,103.21,new postings,"IT Infrastructure, Operations & Support"
2024-10-27,FR,105.81,new postings,"IT Infrastructure, Operations & Support"
2024-10-27,FR,107.07,total postings,"IT Infrastructure, Operations & Support"
2024-10-28,FR,109.1,new postings,"IT Infrastructure, Operations & Support"
2024-10-28,FR,107.12,total postings,"IT Infrastructure, Operations & Support"
2024-10-29,FR,107.18,total postings,"IT Infrastructure, Operations & Support"
2024-10-29,FR,112.02,new postings,"IT Infrastructure, Operations & Support"
2024-10-30,FR,113.37,new postings,"IT Infrastructure, Operations & Support"
2024-10-30,FR,107.11,total postings,"IT Infrastructure, Operations & Support"
2024-10-31,FR,107.02,total postings,"IT Infrastructure, Operations & Support"
2024-10-31,FR,113.46,new postings,"IT Infrastructure, Operations & Support"
2024-11-01,FR,115.76,new postings,"IT Infrastructure, Operations & Support"
2024-11-01,FR,107.07,total postings,"IT Infrastructure, Operations & Support"
2024-11-02,FR,107.15,total postings,"IT Infrastructure, Operations & Support"
2024-11-02,FR,116.1,new postings,"IT Infrastructure, Operations & Support"
2024-11-03,FR,115.57,new postings,"IT Infrastructure, Operations & Support"
2024-11-03,FR,107.29,total postings,"IT Infrastructure, Operations & Support"
2024-11-04,FR,107.4,total postings,"IT Infrastructure, Operations & Support"
2024-11-04,FR,114.66,new postings,"IT Infrastructure, Operations & Support"
2024-11-05,FR,112.64,new postings,"IT Infrastructure, Operations & Support"
2024-11-05,FR,107.3,total postings,"IT Infrastructure, Operations & Support"
2024-11-06,FR,107.27,total postings,"IT Infrastructure, Operations & Support"
2024-11-06,FR,110.92,new postings,"IT Infrastructure, Operations & Support"
2024-11-07,FR,109.33,new postings,"IT Infrastructure, Operations & Support"
2024-11-07,FR,107.24,total postings,"IT Infrastructure, Operations & Support"
2024-11-08,FR,105.66,new postings,"IT Infrastructure, Operations & Support"
2024-11-08,FR,107.17,total postings,"IT Infrastructure, Operations & Support"
2024-11-09,FR,107.09,total postings,"IT Infrastructure, Operations & Support"
2024-11-09,FR,104.23,new postings,"IT Infrastructure, Operations & Support"
2024-11-10,FR,102.88,new postings,"IT Infrastructure, Operations & Support"
2024-11-10,FR,106.9,total postings,"IT Infrastructure, Operations & Support"
2024-11-11,FR,102.23,new postings,"IT Infrastructure, Operations & Support"
2024-11-11,FR,106.79,total postings,"IT Infrastructure, Operations & Support"
2024-11-12,FR,100.94,new postings,"IT Infrastructure, Operations & Support"
2024-11-12,FR,106.71,total postings,"IT Infrastructure, Operations & Support"
2024-11-13,FR,106.71,total postings,"IT Infrastructure, Operations & Support"
2024-11-13,FR,101.27,new postings,"IT Infrastructure, Operations & Support"
2024-11-14,FR,102.59,new postings,"IT Infrastructure, Operations & Support"
2024-11-14,FR,106.87,total postings,"IT Infrastructure, Operations & Support"
2024-11-15,FR,104.05,new postings,"IT Infrastructure, Operations & Support"
2024-11-15,FR,106.94,total postings,"IT Infrastructure, Operations & Support"
2024-11-16,FR,106.96,total postings,"IT Infrastructure, Operations & Support"
2024-11-16,FR,105.19,new postings,"IT Infrastructure, Operations & Support"
2024-11-17,FR,106.0,new postings,"IT Infrastructure, Operations & Support"
2024-11-17,FR,107.02,total postings,"IT Infrastructure, Operations & Support"
2024-11-18,FR,106.82,total postings,"IT Infrastructure, Operations & Support"
2024-11-18,FR,106.1,new postings,"IT Infrastructure, Operations & Support"
2024-11-19,FR,106.69,total postings,"IT Infrastructure, Operations & Support"
2024-11-19,FR,107.47,new postings,"IT Infrastructure, Operations & Support"
2024-11-20,FR,106.64,total postings,"IT Infrastructure, Operations & Support"
2024-11-20,FR,108.64,new postings,"IT Infrastructure, Operations & Support"
2024-11-21,FR,106.36,total postings,"IT Infrastructure, Operations & Support"
2024-11-21,FR,108.91,new postings,"IT Infrastructure, Operations & Support"
2024-11-22,FR,109.68,new postings,"IT Infrastructure, Operations & Support"
2024-11-22,FR,106.11,total postings,"IT Infrastructure, Operations & Support"
2024-11-23,FR,105.97,total postings,"IT Infrastructure, Operations & Support"
2024-11-23,FR,109.27,new postings,"IT Infrastructure, Operations & Support"
2024-11-24,FR,105.77,total postings,"IT Infrastructure, Operations & Support"
2024-11-24,FR,109.43,new postings,"IT Infrastructure, Operations & Support"
2024-11-25,FR,110.06,new postings,"IT Infrastructure, Operations & Support"
2024-11-25,FR,105.75,total postings,"IT Infrastructure, Operations & Support"
2024-11-26,FR,110.79,new postings,"IT Infrastructure, Operations & Support"
2024-11-26,FR,105.75,total postings,"IT Infrastructure, Operations & Support"
2024-11-27,FR,105.7,total postings,"IT Infrastructure, Operations & Support"
2024-11-27,FR,110.87,new postings,"IT Infrastructure, Operations & Support"
2024-11-28,FR,105.63,total postings,"IT Infrastructure, Operations & Support"
2024-11-28,FR,110.81,new postings,"IT Infrastructure, Operations & Support"
2024-11-29,FR,105.49,total postings,"IT Infrastructure, Operations & Support"
2024-11-29,FR,110.4,new postings,"IT Infrastructure, Operations & Support"
2024-11-30,FR,112.93,new postings,"IT Infrastructure, Operations & Support"
2024-11-30,FR,105.52,total postings,"IT Infrastructure, Operations & Support"
2024-12-01,FR,105.38,total postings,"IT Infrastructure, Operations & Support"
2024-12-01,FR,114.29,new postings,"IT Infrastructure, Operations & Support"
2024-12-02,FR,114.22,new postings,"IT Infrastructure, Operations & Support"
2024-12-02,FR,105.36,total postings,"IT Infrastructure, Operations & Support"
2024-12-03,FR,105.4,total postings,"IT Infrastructure, Operations & Support"
2024-12-03,FR,113.34,new postings,"IT Infrastructure, Operations & Support"
2024-12-04,FR,105.54,total postings,"IT Infrastructure, Operations & Support"
2024-12-04,FR,112.44,new postings,"IT Infrastructure, Operations & Support"
2024-12-05,FR,110.54,new postings,"IT Infrastructure, Operations & Support"
2024-12-05,FR,105.58,total postings,"IT Infrastructure, Operations & Support"
2024-12-06,FR,109.42,new postings,"IT Infrastructure, Operations & Support"
2024-12-06,FR,105.87,total postings,"IT Infrastructure, Operations & Support"
2024-12-07,FR,105.15,new postings,"IT Infrastructure, Operations & Support"
2024-12-07,FR,105.88,total postings,"IT Infrastructure, Operations & Support"
2024-12-08,FR,106.05,total postings,"IT Infrastructure, Operations & Support"
2024-12-08,FR,102.04,new postings,"IT Infrastructure, Operations & Support"
2024-12-09,FR,100.71,new postings,"IT Infrastructure, Operations & Support"
2024-12-09,FR,106.16,total postings,"IT Infrastructure, Operations & Support"
2024-12-10,FR,106.06,total postings,"IT Infrastructure, Operations & Support"
2024-12-10,FR,100.08,new postings,"IT Infrastructure, Operations & Support"
2024-12-11,FR,105.66,total postings,"IT Infrastructure, Operations & Support"
2024-12-11,FR,99.95,new postings,"IT Infrastructure, Operations & Support"
2024-12-12,FR,105.51,total postings,"IT Infrastructure, Operations & Support"
2024-12-12,FR,101.46,new postings,"IT Infrastructure, Operations & Support"
2024-12-13,FR,105.0,total postings,"IT Infrastructure, Operations & Support"
2024-12-13,FR,98.8,new postings,"IT Infrastructure, Operations & Support"
2024-12-14,FR,104.5,total postings,"IT Infrastructure, Operations & Support"
2024-12-14,FR,96.99,new postings,"IT Infrastructure, Operations & Support"
2024-12-15,FR,104.11,total postings,"IT Infrastructure, Operations & Support"
2024-12-15,FR,95.02,new postings,"IT Infrastructure, Operations & Support"
2024-12-16,FR,103.78,total postings,"IT Infrastructure, Operations & Support"
2024-12-16,FR,93.04,new postings,"IT Infrastructure, Operations & Support"
2024-12-17,FR,90.64,new postings,"IT Infrastructure, Operations & Support"
2024-12-17,FR,103.52,total postings,"IT Infrastructure, Operations & Support"
2024-12-18,FR,89.52,new postings,"IT Infrastructure, Operations & Support"
2024-12-18,FR,103.67,total postings,"IT Infrastructure, Operations & Support"
2024-12-19,FR,103.73,total postings,"IT Infrastructure, Operations & Support"
2024-12-19,FR,86.84,new postings,"IT Infrastructure, Operations & Support"
2024-12-20,FR,103.95,total postings,"IT Infrastructure, Operations & Support"
2024-12-20,FR,88.89,new postings,"IT Infrastructure, Operations & Support"
2024-12-21,FR,93.49,new postings,"IT Infrastructure, Operations & Support"
2024-12-21,FR,104.53,total postings,"IT Infrastructure, Operations & Support"
2024-12-22,FR,105.16,total postings,"IT Infrastructure, Operations & Support"
2024-12-22,FR,98.03,new postings,"IT Infrastructure, Operations & Support"
2024-12-23,FR,105.68,total postings,"IT Infrastructure, Operations & Support"
2024-12-23,FR,101.78,new postings,"IT Infrastructure, Operations & Support"
2024-12-24,FR,106.29,total postings,"IT Infrastructure, Operations & Support"
2024-12-24,FR,106.32,new postings,"IT Infrastructure, Operations & Support"
2024-12-25,FR,108.48,new postings,"IT Infrastructure, Operations & Support"
2024-12-25,FR,106.62,total postings,"IT Infrastructure, Operations & Support"
2024-12-26,FR,106.91,total postings,"IT Infrastructure, Operations & Support"
2024-12-26,FR,111.21,new postings,"IT Infrastructure, Operations & Support"
2024-12-27,FR,107.1,total postings,"IT Infrastructure, Operations & Support"
2024-12-27,FR,111.42,new postings,"IT Infrastructure, Operations & Support"
2024-12-28,FR,108.07,new postings,"IT Infrastructure, Operations & Support"
2024-12-28,FR,106.99,total postings,"IT Infrastructure, Operations & Support"
2024-12-29,FR,106.81,total postings,"IT Infrastructure, Operations & Support"
2024-12-29,FR,106.19,new postings,"IT Infrastructure, Operations & Support"
2024-12-30,FR,106.04,new postings,"IT Infrastructure, Operations & Support"
2024-12-30,FR,106.77,total postings,"IT Infrastructure, Operations & Support"
2024-12-31,FR,105.33,new postings,"IT Infrastructure, Operations & Support"
2024-12-31,FR,106.78,total postings,"IT Infrastructure, Operations & Support"
2025-01-01,FR,105.56,new postings,"IT Infrastructure, Operations & Support"
2025-01-01,FR,106.77,total postings,"IT Infrastructure, Operations & Support"
2025-01-02,FR,106.6,total postings,"IT Infrastructure, Operations & Support"
2025-01-02,FR,105.08,new postings,"IT Infrastructure, Operations & Support"
2025-01-03,FR,106.4,total postings,"IT Infrastructure, Operations & Support"
2025-01-03,FR,103.86,new postings,"IT Infrastructure, Operations & Support"
2025-01-04,FR,107.12,new postings,"IT Infrastructure, Operations & Support"
2025-01-04,FR,106.28,total postings,"IT Infrastructure, Operations & Support"
2025-01-05,FR,107.66,new postings,"IT Infrastructure, Operations & Support"
2025-01-05,FR,106.15,total postings,"IT Infrastructure, Operations & Support"
2025-01-06,FR,106.03,total postings,"IT Infrastructure, Operations & Support"
2025-01-06,FR,104.64,new postings,"IT Infrastructure, Operations & Support"
2025-01-07,FR,105.8,total postings,"IT Infrastructure, Operations & Support"
2025-01-07,FR,101.94,new postings,"IT Infrastructure, Operations & Support"
2025-01-08,FR,101.26,new postings,"IT Infrastructure, Operations & Support"
2025-01-08,FR,105.49,total postings,"IT Infrastructure, Operations & Support"
2025-01-09,FR,105.55,total postings,"IT Infrastructure, Operations & Support"
2025-01-09,FR,104.37,new postings,"IT Infrastructure, Operations & Support"
2025-01-10,FR,109.34,new postings,"IT Infrastructure, Operations & Support"
2025-01-10,FR,105.64,total postings,"IT Infrastructure, Operations & Support"
2025-01-11,FR,105.7,total postings,"IT Infrastructure, Operations & Support"
2025-01-11,FR,112.82,new postings,"IT Infrastructure, Operations & Support"
2025-01-12,FR,105.79,total postings,"IT Infrastructure, Operations & Support"
2025-01-12,FR,116.6,new postings,"IT Infrastructure, Operations & Support"
2025-01-13,FR,105.7,total postings,"IT Infrastructure, Operations & Support"
2025-01-13,FR,122.27,new postings,"IT Infrastructure, Operations & Support"
2025-01-14,FR,126.38,new postings,"IT Infrastructure, Operations & Support"
2025-01-14,FR,105.8,total postings,"IT Infrastructure, Operations & Support"
2025-01-15,FR,105.95,total postings,"IT Infrastructure, Operations & Support"
2025-01-15,FR,127.76,new postings,"IT Infrastructure, Operations & Support"
2025-01-16,FR,126.54,new postings,"IT Infrastructure, Operations & Support"
2025-01-16,FR,105.89,total postings,"IT Infrastructure, Operations & Support"
2025-01-17,FR,105.7,total postings,"IT Infrastructure, Operations & Support"
2025-01-17,FR,123.3,new postings,"IT Infrastructure, Operations & Support"
2025-01-18,FR,116.59,new postings,"IT Infrastructure, Operations & Support"
2025-01-18,FR,105.43,total postings,"IT Infrastructure, Operations & Support"
2025-01-19,FR,105.1,total postings,"IT Infrastructure, Operations & Support"
2025-01-19,FR,111.15,new postings,"IT Infrastructure, Operations & Support"
2025-01-20,FR,105.98,new postings,"IT Infrastructure, Operations & Support"
2025-01-20,FR,104.68,total postings,"IT Infrastructure, Operations & Support"
2025-01-21,FR,102.54,new postings,"IT Infrastructure, Operations & Support"
2025-01-21,FR,104.15,total postings,"IT Infrastructure, Operations & Support"
2025-01-22,FR,99.45,new postings,"IT Infrastructure, Operations & Support"
2025-01-22,FR,103.82,total postings,"IT Infrastructure, Operations & Support"
2025-01-23,FR,103.19,total postings,"IT Infrastructure, Operations & Support"
2025-01-23,FR,95.97,new postings,"IT Infrastructure, Operations & Support"
2025-01-24,FR,94.76,new postings,"IT Infrastructure, Operations & Support"
2025-01-24,FR,102.87,total postings,"IT Infrastructure, Operations & Support"
2025-01-25,FR,102.5,total postings,"IT Infrastructure, Operations & Support"
2025-01-25,FR,94.71,new postings,"IT Infrastructure, Operations & Support"
2025-01-26,FR,94.35,new postings,"IT Infrastructure, Operations & Support"
2025-01-26,FR,102.23,total postings,"IT Infrastructure, Operations & Support"
2025-01-27,FR,102.04,total postings,"IT Infrastructure, Operations & Support"
2025-01-27,FR,94.44,new postings,"IT Infrastructure, Operations & Support"
2025-01-28,FR,102.7,new postings,"IT Infrastructure, Operations & Support"
2025-01-28,FR,102.71,total postings,"IT Infrastructure, Operations & Support"
2025-01-29,FR,103.43,new postings,"IT Infrastructure, Operations & Support"
2025-01-29,FR,102.38,total postings,"IT Infrastructure, Operations & Support"
2025-01-30,FR,105.52,new postings,"IT Infrastructure, Operations & Support"
2025-01-30,FR,102.35,total postings,"IT Infrastructure, Operations & Support"
2025-01-31,FR,102.16,total postings,"IT Infrastructure, Operations & Support"
2025-01-31,FR,105.45,new postings,"IT Infrastructure, Operations & Support"
2025-02-01,FR,107.0,new postings,"IT Infrastructure, Operations & Support"
2025-02-01,FR,102.1,total postings,"IT Infrastructure, Operations & Support"
2025-02-02,FR,102.08,total postings,"IT Infrastructure, Operations & Support"
2025-02-02,FR,108.76,new postings,"IT Infrastructure, Operations & Support"
2025-02-03,FR,108.98,new postings,"IT Infrastructure, Operations & Support"
2025-02-03,FR,102.1,total postings,"IT Infrastructure, Operations & Support"
2025-02-04,FR,101.27,total postings,"IT Infrastructure, Operations & Support"
2025-02-04,FR,100.25,new postings,"IT Infrastructure, Operations & Support"
2025-02-05,FR,99.2,new postings,"IT Infrastructure, Operations & Support"
2025-02-05,FR,101.19,total postings,"IT Infrastructure, Operations & Support"
2025-02-06,FR,101.11,total postings,"IT Infrastructure, Operations & Support"
2025-02-06,FR,96.78,new postings,"IT Infrastructure, Operations & Support"
2025-02-07,FR,100.73,total postings,"IT Infrastructure, Operations & Support"
2025-02-07,FR,95.53,new postings,"IT Infrastructure, Operations & Support"
2025-02-08,FR,100.19,total postings,"IT Infrastructure, Operations & Support"
2025-02-08,FR,92.08,new postings,"IT Infrastructure, Operations & Support"
2025-02-09,FR,88.71,new postings,"IT Infrastructure, Operations & Support"
2025-02-09,FR,99.47,total postings,"IT Infrastructure, Operations & Support"
2025-02-10,FR,86.03,new postings,"IT Infrastructure, Operations & Support"
2025-02-10,FR,98.58,total postings,"IT Infrastructure, Operations & Support"
2025-02-11,FR,97.72,total postings,"IT Infrastructure, Operations & Support"
2025-02-11,FR,84.17,new postings,"IT Infrastructure, Operations & Support"
2025-02-12,FR,96.94,total postings,"IT Infrastructure, Operations & Support"
2025-02-12,FR,82.88,new postings,"IT Infrastructure, Operations & Support"
2025-02-13,FR,96.33,total postings,"IT Infrastructure, Operations & Support"
2025-02-13,FR,82.12,new postings,"IT Infrastructure, Operations & Support"
2025-02-14,FR,81.43,new postings,"IT Infrastructure, Operations & Support"
2025-02-14,FR,95.88,total postings,"IT Infrastructure, Operations & Support"
2025-02-15,FR,95.4,total postings,"IT Infrastructure, Operations & Support"
2025-02-15,FR,81.38,new postings,"IT Infrastructure, Operations & Support"
2025-02-16,FR,95.39,total postings,"IT Infrastructure, Operations & Support"
2025-02-16,FR,81.86,new postings,"IT Infrastructure, Operations & Support"
2025-02-17,FR,82.61,new postings,"IT Infrastructure, Operations & Support"
2025-02-17,FR,95.49,total postings,"IT Infrastructure, Operations & Support"
2025-02-18,FR,95.46,total postings,"IT Infrastructure, Operations & Support"
2025-02-18,FR,83.03,new postings,"IT Infrastructure, Operations & Support"
2025-02-19,FR,83.71,new postings,"IT Infrastructure, Operations & Support"
2025-02-19,FR,95.4,total postings,"IT Infrastructure, Operations & Support"
2025-02-20,FR,85.66,new postings,"IT Infrastructure, Operations & Support"
2025-02-20,FR,95.31,total postings,"IT Infrastructure, Operations & Support"
2025-02-21,FR,87.92,new postings,"IT Infrastructure, Operations & Support"
2025-02-21,FR,95.14,total postings,"IT Infrastructure, Operations & Support"
2025-02-22,FR,91.48,new postings,"IT Infrastructure, Operations & Support"
2025-02-22,FR,95.45,total postings,"IT Infrastructure, Operations & Support"
2025-02-23,FR,94.13,new postings,"IT Infrastructure, Operations & Support"
2025-02-23,FR,95.28,total postings,"IT Infrastructure, Operations & Support"
2025-02-24,FR,95.13,total postings,"IT Infrastructure, Operations & Support"
2025-02-24,FR,95.48,new postings,"IT Infrastructure, Operations & Support"
2025-02-25,FR,96.51,new postings,"IT Infrastructure, Operations & Support"
2025-02-25,FR,95.05,total postings,"IT Infrastructure, Operations & Support"
2025-02-26,FR,94.94,total postings,"IT Infrastructure, Operations & Support"
2025-02-26,FR,96.96,new postings,"IT Infrastructure, Operations & Support"
2025-02-27,FR,96.08,new postings,"IT Infrastructure, Operations & Support"
2025-02-27,FR,94.99,total postings,"IT Infrastructure, Operations & Support"
2025-02-28,FR,95.32,total postings,"IT Infrastructure, Operations & Support"
2025-02-28,FR,94.85,new postings,"IT Infrastructure, Operations & Support"
2025-03-01,FR,92.98,new postings,"IT Infrastructure, Operations & Support"
2025-03-01,FR,95.15,total postings,"IT Infrastructure, Operations & Support"
2025-03-02,FR,95.15,total postings,"IT Infrastructure, Operations & Support"
2025-03-02,FR,91.11,new postings,"IT Infrastructure, Operations & Support"
2025-03-03,FR,90.84,new postings,"IT Infrastructure, Operations & Support"
2025-03-03,FR,95.17,total postings,"IT Infrastructure, Operations & Support"
2025-03-04,FR,95.06,total postings,"IT Infrastructure, Operations & Support"
2025-03-04,FR,90.87,new postings,"IT Infrastructure, Operations & Support"
2025-03-05,FR,89.9,new postings,"IT Infrastructure, Operations & Support"
2025-03-05,FR,94.57,total postings,"IT Infrastructure, Operations & Support"
2025-03-06,FR,94.21,total postings,"IT Infrastructure, Operations & Support"
2025-03-06,FR,89.97,new postings,"IT Infrastructure, Operations & Support"
2025-03-07,FR,93.82,total postings,"IT Infrastructure, Operations & Support"
2025-03-07,FR,89.91,new postings,"IT Infrastructure, Operations & Support"
2025-03-08,FR,93.61,total postings,"IT Infrastructure, Operations & Support"
2025-03-08,FR,89.51,new postings,"IT Infrastructure, Operations & Support"
2025-03-09,FR,89.53,new postings,"IT Infrastructure, Operations & Support"
2025-03-09,FR,93.3,total postings,"IT Infrastructure, Operations & Support"
2025-03-10,FR,93.13,total postings,"IT Infrastructure, Operations & Support"
2025-03-10,FR,89.18,new postings,"IT Infrastructure, Operations & Support"
2025-03-11,FR,89.29,new postings,"IT Infrastructure, Operations & Support"
2025-03-11,FR,93.08,total postings,"IT Infrastructure, Operations & Support"
2025-03-12,FR,90.94,new postings,"IT Infrastructure, Operations & Support"
2025-03-12,FR,93.65,total postings,"IT Infrastructure, Operations & Support"
2025-03-13,FR,92.05,new postings,"IT Infrastructure, Operations & Support"
2025-03-13,FR,93.7,total postings,"IT Infrastructure, Operations & Support"
2025-03-14,FR,93.89,total postings,"IT Infrastructure, Operations & Support"
2025-03-14,FR,93.41,new postings,"IT Infrastructure, Operations & Support"
2025-03-15,FR,94.8,new postings,"IT Infrastructure, Operations & Support"
2025-03-15,FR,94.0,total postings,"IT Infrastructure, Operations & Support"
2025-03-16,FR,94.06,total postings,"IT Infrastructure, Operations & Support"
2025-03-16,FR,96.26,new postings,"IT Infrastructure, Operations & Support"
2025-03-17,FR,96.99,new postings,"IT Infrastructure, Operations & Support"
2025-03-17,FR,93.97,total postings,"IT Infrastructure, Operations & Support"
2025-03-18,FR,93.9,total postings,"IT Infrastructure, Operations & Support"
2025-03-18,FR,97.79,new postings,"IT Infrastructure, Operations & Support"
2025-03-19,FR,93.66,total postings,"IT Infrastructure, Operations & Support"
2025-03-19,FR,97.12,new postings,"IT Infrastructure, Operations & Support"
2025-03-20,FR,96.75,new postings,"IT Infrastructure, Operations & Support"
2025-03-20,FR,93.69,total postings,"IT Infrastructure, Operations & Support"
2025-03-21,FR,93.59,total postings,"IT Infrastructure, Operations & Support"
2025-03-21,FR,95.96,new postings,"IT Infrastructure, Operations & Support"
2025-03-22,FR,93.52,total postings,"IT Infrastructure, Operations & Support"
2025-03-22,FR,95.85,new postings,"IT Infrastructure, Operations & Support"
2025-03-23,FR,93.58,total postings,"IT Infrastructure, Operations & Support"
2025-03-23,FR,95.34,new postings,"IT Infrastructure, Operations & Support"
2025-03-24,FR,95.96,new postings,"IT Infrastructure, Operations & Support"
2025-03-24,FR,93.71,total postings,"IT Infrastructure, Operations & Support"
2025-03-25,FR,93.79,total postings,"IT Infrastructure, Operations & Support"
2025-03-25,FR,95.48,new postings,"IT Infrastructure, Operations & Support"
2025-03-26,FR,93.88,total postings,"IT Infrastructure, Operations & Support"
2025-03-26,FR,95.67,new postings,"IT Infrastructure, Operations & Support"
2025-03-27,FR,94.09,total postings,"IT Infrastructure, Operations & Support"
2025-03-27,FR,96.85,new postings,"IT Infrastructure, Operations & Support"
2025-03-28,FR,94.35,total postings,"IT Infrastructure, Operations & Support"
2025-03-28,FR,98.9,new postings,"IT Infrastructure, Operations & Support"
2025-03-29,FR,100.11,new postings,"IT Infrastructure, Operations & Support"
2025-03-29,FR,94.73,total postings,"IT Infrastructure, Operations & Support"
2025-03-30,FR,95.06,total postings,"IT Infrastructure, Operations & Support"
2025-03-30,FR,101.33,new postings,"IT Infrastructure, Operations & Support"
2025-03-31,FR,101.91,new postings,"IT Infrastructure, Operations & Support"
2025-03-31,FR,95.38,total postings,"IT Infrastructure, Operations & Support"
2025-04-01,FR,95.75,total postings,"IT Infrastructure, Operations & Support"
2025-04-01,FR,103.6,new postings,"IT Infrastructure, Operations & Support"
2025-04-02,FR,96.05,total postings,"IT Infrastructure, Operations & Support"
2025-04-02,FR,105.61,new postings,"IT Infrastructure, Operations & Support"
2025-04-03,FR,104.7,new postings,"IT Infrastructure, Operations & Support"
2025-04-03,FR,96.27,total postings,"IT Infrastructure, Operations & Support"
2025-04-04,FR,102.93,new postings,"IT Infrastructure, Operations & Support"
2025-04-04,FR,96.42,total postings,"IT Infrastructure, Operations & Support"
2025-04-05,FR,96.53,total postings,"IT Infrastructure, Operations & Support"
2025-04-05,FR,101.74,new postings,"IT Infrastructure, Operations & Support"
2025-04-06,FR,100.41,new postings,"IT Infrastructure, Operations & Support"
2025-04-06,FR,96.62,total postings,"IT Infrastructure, Operations & Support"
2025-04-07,FR,96.68,total postings,"IT Infrastructure, Operations & Support"
2025-04-07,FR,99.35,new postings,"IT Infrastructure, Operations & Support"
2025-04-08,FR,98.11,new postings,"IT Infrastructure, Operations & Support"
2025-04-08,FR,96.63,total postings,"IT Infrastructure, Operations & Support"
2025-04-09,FR,95.71,new postings,"IT Infrastructure, Operations & Support"
2025-04-09,FR,96.65,total postings,"IT Infrastructure, Operations & Support"
2025-04-10,FR,95.48,new postings,"IT Infrastructure, Operations & Support"
2025-04-10,FR,96.43,total postings,"IT Infrastructure, Operations & Support"
2025-04-11,FR,95.63,new postings,"IT Infrastructure, Operations & Support"
2025-04-11,FR,95.89,total postings,"IT Infrastructure, Operations & Support"
2025-04-12,FR,95.25,total postings,"IT Infrastructure, Operations & Support"
2025-04-12,FR,95.14,new postings,"IT Infrastructure, Operations & Support"
2025-04-13,FR,94.66,total postings,"IT Infrastructure, Operations & Support"
2025-04-13,FR,94.36,new postings,"IT Infrastructure, Operations & Support"
2025-04-14,FR,94.1,total postings,"IT Infrastructure, Operations & Support"
2025-04-14,FR,93.76,new postings,"IT Infrastructure, Operations & Support"
2025-04-15,FR,93.83,total postings,"IT Infrastructure, Operations & Support"
2025-04-15,FR,92.33,new postings,"IT Infrastructure, Operations & Support"
2025-04-16,FR,92.38,new postings,"IT Infrastructure, Operations & Support"
2025-04-16,FR,93.53,total postings,"IT Infrastructure, Operations & Support"
2025-04-17,FR,93.17,total postings,"IT Infrastructure, Operations & Support"
2025-04-17,FR,91.0,new postings,"IT Infrastructure, Operations & Support"
2025-04-18,FR,89.46,new postings,"IT Infrastructure, Operations & Support"
2025-04-18,FR,93.1,total postings,"IT Infrastructure, Operations & Support"
2025-04-19,FR,93.18,total postings,"IT Infrastructure, Operations & Support"
2025-04-19,FR,88.47,new postings,"IT Infrastructure, Operations & Support"
2025-04-20,FR,93.27,total postings,"IT Infrastructure, Operations & Support"
2025-04-20,FR,87.84,new postings,"IT Infrastructure, Operations & Support"
2025-04-21,FR,87.77,new postings,"IT Infrastructure, Operations & Support"
2025-04-21,FR,93.51,total postings,"IT Infrastructure, Operations & Support"
2025-04-22,FR,93.57,total postings,"IT Infrastructure, Operations & Support"
2025-04-22,FR,87.96,new postings,"IT Infrastructure, Operations & Support"
2025-04-23,FR,93.74,total postings,"IT Infrastructure, Operations & Support"
2025-04-23,FR,87.7,new postings,"IT Infrastructure, Operations & Support"
2025-04-24,FR,87.3,new postings,"IT Infrastructure, Operations & Support"
2025-04-24,FR,94.08,total postings,"IT Infrastructure, Operations & Support"
2025-04-25,FR,87.09,new postings,"IT Infrastructure, Operations & Support"
2025-04-25,FR,94.41,total postings,"IT Infrastructure, Operations & Support"
2025-04-26,FR,86.19,new postings,"IT Infrastructure, Operations & Support"
2025-04-26,FR,94.65,total postings,"IT Infrastructure, Operations & Support"
2025-04-27,FR,85.69,new postings,"IT Infrastructure, Operations & Support"
2025-04-27,FR,94.88,total postings,"IT Infrastructure, Operations & Support"
2025-04-28,FR,84.47,new postings,"IT Infrastructure, Operations & Support"
2025-04-28,FR,94.95,total postings,"IT Infrastructure, Operations & Support"
2025-04-29,FR,94.94,total postings,"IT Infrastructure, Operations & Support"
2025-04-29,FR,84.41,new postings,"IT Infrastructure, Operations & Support"
2025-04-30,FR,83.28,new postings,"IT Infrastructure, Operations & Support"
2025-04-30,FR,94.83,total postings,"IT Infrastructure, Operations & Support"
2025-05-01,FR,94.68,total postings,"IT Infrastructure, Operations & Support"
2025-05-01,FR,83.03,new postings,"IT Infrastructure, Operations & Support"
2025-05-02,FR,94.58,total postings,"IT Infrastructure, Operations & Support"
2025-05-02,FR,82.05,new postings,"IT Infrastructure, Operations & Support"
2025-05-03,FR,80.94,new postings,"IT Infrastructure, Operations & Support"
2025-05-03,FR,94.48,total postings,"IT Infrastructure, Operations & Support"
2025-05-04,FR,80.18,new postings,"IT Infrastructure, Operations & Support"
2025-05-04,FR,94.26,total postings,"IT Infrastructure, Operations & Support"
2025-05-05,FR,94.04,total postings,"IT Infrastructure, Operations & Support"
2025-05-05,FR,79.7,new postings,"IT Infrastructure, Operations & Support"
2025-05-06,FR,93.95,total postings,"IT Infrastructure, Operations & Support"
2025-05-06,FR,77.39,new postings,"IT Infrastructure, Operations & Support"
2025-05-07,FR,76.21,new postings,"IT Infrastructure, Operations & Support"
2025-05-07,FR,93.76,total postings,"IT Infrastructure, Operations & Support"
2025-05-08,FR,75.0,new postings,"IT Infrastructure, Operations & Support"
2025-05-08,FR,93.57,total postings,"IT Infrastructure, Operations & Support"
2025-05-09,FR,74.4,new postings,"IT Infrastructure, Operations & Support"
2025-05-09,FR,93.17,total postings,"IT Infrastructure, Operations & Support"
2025-05-10,FR,74.56,new postings,"IT Infrastructure, Operations & Support"
2025-05-10,FR,92.74,total postings,"IT Infrastructure, Operations & Support"
2025-05-11,FR,92.35,total postings,"IT Infrastructure, Operations & Support"
2025-05-11,FR,73.23,new postings,"IT Infrastructure, Operations & Support"
2025-05-12,FR,71.5,new postings,"IT Infrastructure, Operations & Support"
2025-05-12,FR,91.94,total postings,"IT Infrastructure, Operations & Support"
2025-05-13,FR,91.55,total postings,"IT Infrastructure, Operations & Support"
2025-05-13,FR,71.08,new postings,"IT Infrastructure, Operations & Support"
2025-05-14,FR,91.19,total postings,"IT Infrastructure, Operations & Support"
2025-05-14,FR,71.53,new postings,"IT Infrastructure, Operations & Support"
2025-05-15,FR,72.85,new postings,"IT Infrastructure, Operations & Support"
2025-05-15,FR,90.8,total postings,"IT Infrastructure, Operations & Support"
2025-05-16,FR,74.3,new postings,"IT Infrastructure, Operations & Support"
2025-05-16,FR,90.72,total postings,"IT Infrastructure, Operations & Support"
2025-05-17,FR,77.88,new postings,"IT Infrastructure, Operations & Support"
2025-05-17,FR,90.62,total postings,"IT Infrastructure, Operations & Support"
2025-05-18,FR,81.5,new postings,"IT Infrastructure, Operations & Support"
2025-05-18,FR,90.65,total postings,"IT Infrastructure, Operations & Support"
2025-05-19,FR,85.42,new postings,"IT Infrastructure, Operations & Support"
2025-05-19,FR,90.72,total postings,"IT Infrastructure, Operations & Support"
2025-05-20,FR,89.29,new postings,"IT Infrastructure, Operations & Support"
2025-05-20,FR,90.64,total postings,"IT Infrastructure, Operations & Support"
2025-05-21,FR,92.24,new postings,"IT Infrastructure, Operations & Support"
2025-05-21,FR,90.52,total postings,"IT Infrastructure, Operations & Support"
2025-05-22,FR,90.54,total postings,"IT Infrastructure, Operations & Support"
2025-05-22,FR,93.4,new postings,"IT Infrastructure, Operations & Support"
2025-05-23,FR,93.77,new postings,"IT Infrastructure, Operations & Support"
2025-05-23,FR,90.54,total postings,"IT Infrastructure, Operations & Support"
2025-05-24,FR,90.42,total postings,"IT Infrastructure, Operations & Support"
2025-05-24,FR,91.16,new postings,"IT Infrastructure, Operations & Support"
2025-05-25,FR,90.26,total postings,"IT Infrastructure, Operations & Support"
2025-05-25,FR,90.27,new postings,"IT Infrastructure, Operations & Support"
2025-05-26,FR,90.0,new postings,"IT Infrastructure, Operations & Support"
2025-05-26,FR,90.16,total postings,"IT Infrastructure, Operations & Support"
2025-05-27,FR,89.34,new postings,"IT Infrastructure, Operations & Support"
2025-05-27,FR,90.16,total postings,"IT Infrastructure, Operations & Support"
2025-05-28,FR,90.28,total postings,"IT Infrastructure, Operations & Support"
2025-05-28,FR,88.05,new postings,"IT Infrastructure, Operations & Support"
2025-05-29,FR,88.48,new postings,"IT Infrastructure, Operations & Support"
2025-05-29,FR,90.3,total postings,"IT Infrastructure, Operations & Support"
2025-05-30,FR,90.35,total postings,"IT Infrastructure, Operations & Support"
2025-05-30,FR,88.8,new postings,"IT Infrastructure, Operations & Support"
2025-05-31,FR,89.98,new postings,"IT Infrastructure, Operations & Support"
2025-05-31,FR,90.57,total postings,"IT Infrastructure, Operations & Support"
2025-06-01,FR,90.77,total postings,"IT Infrastructure, Operations & Support"
2025-06-01,FR,90.83,new postings,"IT Infrastructure, Operations & Support"
2025-06-02,FR,90.87,new postings,"IT Infrastructure, Operations & Support"
2025-06-02,FR,90.93,total postings,"IT Infrastructure, Operations & Support"
2025-06-03,FR,91.02,total postings,"IT Infrastructure, Operations & Support"
2025-06-03,FR,89.57,new postings,"IT Infrastructure, Operations & Support"
2025-06-04,FR,86.95,new postings,"IT Infrastructure, Operations & Support"
2025-06-04,FR,90.78,total postings,"IT Infrastructure, Operations & Support"
2025-06-05,FR,83.38,new postings,"IT Infrastructure, Operations & Support"
2025-06-05,FR,90.5,total postings,"IT Infrastructure, Operations & Support"
2025-06-06,FR,90.16,total postings,"IT Infrastructure, Operations & Support"
2025-06-06,FR,81.42,new postings,"IT Infrastructure, Operations & Support"
2025-06-07,FR,89.87,total postings,"IT Infrastructure, Operations & Support"
2025-06-07,FR,80.15,new postings,"IT Infrastructure, Operations & Support"
2025-06-08,FR,89.52,total postings,"IT Infrastructure, Operations & Support"
2025-06-08,FR,78.34,new postings,"IT Infrastructure, Operations & Support"
2025-06-09,FR,76.63,new postings,"IT Infrastructure, Operations & Support"
2025-06-09,FR,89.18,total postings,"IT Infrastructure, Operations & Support"
2025-06-10,FR,88.76,total postings,"IT Infrastructure, Operations & Support"
2025-06-10,FR,75.35,new postings,"IT Infrastructure, Operations & Support"
2025-06-11,FR,75.98,new postings,"IT Infrastructure, Operations & Support"
2025-06-11,FR,88.67,total postings,"IT Infrastructure, Operations & Support"
2025-06-12,FR,76.84,new postings,"IT Infrastructure, Operations & Support"
2025-06-12,FR,88.57,total postings,"IT Infrastructure, Operations & Support"
2025-06-13,FR,77.6,new postings,"IT Infrastructure, Operations & Support"
2025-06-13,FR,88.46,total postings,"IT Infrastructure, Operations & Support"
2025-06-14,FR,76.64,new postings,"IT Infrastructure, Operations & Support"
2025-06-14,FR,88.08,total postings,"IT Infrastructure, Operations & Support"
2025-06-15,FR,75.32,new postings,"IT Infrastructure, Operations & Support"
2025-06-15,FR,87.8,total postings,"IT Infrastructure, Operations & Support"
2025-06-16,FR,87.37,total postings,"IT Infrastructure, Operations & Support"
2025-06-16,FR,74.35,new postings,"IT Infrastructure, Operations & Support"
2025-06-17,FR,75.46,new postings,"IT Infrastructure, Operations & Support"
2025-06-17,FR,87.06,total postings,"IT Infrastructure, Operations & Support"
2025-06-18,FR,86.84,total postings,"IT Infrastructure, Operations & Support"
2025-06-18,FR,76.65,new postings,"IT Infrastructure, Operations & Support"
2025-06-19,FR,77.3,new postings,"IT Infrastructure, Operations & Support"
2025-06-19,FR,86.64,total postings,"IT Infrastructure, Operations & Support"
2025-06-20,FR,76.76,new postings,"IT Infrastructure, Operations & Support"
2025-06-20,FR,86.4,total postings,"IT Infrastructure, Operations & Support"
2025-06-21,FR,76.81,new postings,"IT Infrastructure, Operations & Support"
2025-06-21,FR,86.29,total postings,"IT Infrastructure, Operations & Support"
2025-06-22,FR,86.08,total postings,"IT Infrastructure, Operations & Support"
2025-06-22,FR,78.1,new postings,"IT Infrastructure, Operations & Support"
2025-06-23,FR,79.09,new postings,"IT Infrastructure, Operations & Support"
2025-06-23,FR,85.96,total postings,"IT Infrastructure, Operations & Support"
2025-06-24,FR,85.72,total postings,"IT Infrastructure, Operations & Support"
2025-06-24,FR,80.11,new postings,"IT Infrastructure, Operations & Support"
2025-06-25,FR,85.43,total postings,"IT Infrastructure, Operations & Support"
2025-06-25,FR,80.83,new postings,"IT Infrastructure, Operations & Support"
2025-06-26,FR,81.98,new postings,"IT Infrastructure, Operations & Support"
2025-06-26,FR,85.22,total postings,"IT Infrastructure, Operations & Support"
2025-06-27,FR,85.08,total postings,"IT Infrastructure, Operations & Support"
2025-06-27,FR,83.13,new postings,"IT Infrastructure, Operations & Support"
2025-06-28,FR,85.1,new postings,"IT Infrastructure, Operations & Support"
2025-06-28,FR,84.93,total postings,"IT Infrastructure, Operations & Support"
2025-06-29,FR,84.78,total postings,"IT Infrastructure, Operations & Support"
2025-06-29,FR,86.08,new postings,"IT Infrastructure, Operations & Support"
2025-06-30,FR,84.58,total postings,"IT Infrastructure, Operations & Support"
2025-06-30,FR,86.25,new postings,"IT Infrastructure, Operations & Support"
2025-07-01,FR,85.14,new postings,"IT Infrastructure, Operations & Support"
2025-07-01,FR,84.46,total postings,"IT Infrastructure, Operations & Support"
2025-07-02,FR,84.4,total postings,"IT Infrastructure, Operations & Support"
2025-07-02,FR,84.44,new postings,"IT Infrastructure, Operations & Support"
2025-07-03,FR,84.33,total postings,"IT Infrastructure, Operations & Support"
2025-07-03,FR,83.76,new postings,"IT Infrastructure, Operations & Support"
2025-07-04,FR,83.13,new postings,"IT Infrastructure, Operations & Support"
2025-07-04,FR,84.06,total postings,"IT Infrastructure, Operations & Support"
2025-07-05,FR,83.89,total postings,"IT Infrastructure, Operations & Support"
2025-07-05,FR,81.96,new postings,"IT Infrastructure, Operations & Support"
2025-07-06,FR,83.75,total postings,"IT Infrastructure, Operations & Support"
2025-07-06,FR,80.97,new postings,"IT Infrastructure, Operations & Support"
2025-07-07,FR,81.06,new postings,"IT Infrastructure, Operations & Support"
2025-07-07,FR,83.71,total postings,"IT Infrastructure, Operations & Support"
2025-07-08,FR,81.13,new postings,"IT Infrastructure, Operations & Support"
2025-07-08,FR,83.61,total postings,"IT Infrastructure, Operations & Support"
2025-07-09,FR,80.93,new postings,"IT Infrastructure, Operations & Support"
2025-07-09,FR,83.34,total postings,"IT Infrastructure, Operations & Support"
2025-07-10,FR,79.77,new postings,"IT Infrastructure, Operations & Support"
2025-07-10,FR,83.01,total postings,"IT Infrastructure, Operations & Support"
2025-07-11,FR,82.77,total postings,"IT Infrastructure, Operations & Support"
2025-07-11,FR,79.49,new postings,"IT Infrastructure, Operations & Support"
2025-07-12,FR,78.15,new postings,"IT Infrastructure, Operations & Support"
2025-07-12,FR,82.4,total postings,"IT Infrastructure, Operations & Support"
2025-07-13,FR,76.4,new postings,"IT Infrastructure, Operations & Support"
2025-07-13,FR,81.86,total postings,"IT Infrastructure, Operations & Support"
2025-07-14,FR,81.54,total postings,"IT Infrastructure, Operations & Support"
2025-07-14,FR,75.06,new postings,"IT Infrastructure, Operations & Support"
2025-07-15,FR,73.27,new postings,"IT Infrastructure, Operations & Support"
2025-07-15,FR,81.24,total postings,"IT Infrastructure, Operations & Support"
2025-07-16,FR,71.4,new postings,"IT Infrastructure, Operations & Support"
2025-07-16,FR,80.97,total postings,"IT Infrastructure, Operations & Support"
2025-07-17,FR,71.67,new postings,"IT Infrastructure, Operations & Support"
2025-07-17,FR,80.78,total postings,"IT Infrastructure, Operations & Support"
2025-07-18,FR,71.26,new postings,"IT Infrastructure, Operations & Support"
2025-07-18,FR,80.72,total postings,"IT Infrastructure, Operations & Support"
2025-07-19,FR,71.52,new postings,"IT Infrastructure, Operations & Support"
2025-07-19,FR,80.59,total postings,"IT Infrastructure, Operations & Support"
2025-07-20,FR,80.8,total postings,"IT Infrastructure, Operations & Support"
2025-07-20,FR,72.82,new postings,"IT Infrastructure, Operations & Support"
2025-07-21,FR,73.7,new postings,"IT Infrastructure, Operations & Support"
2025-07-21,FR,80.75,total postings,"IT Infrastructure, Operations & Support"
2025-07-22,FR,80.91,total postings,"IT Infrastructure, Operations & Support"
2025-07-22,FR,75.5,new postings,"IT Infrastructure, Operations & Support"
2025-07-23,FR,81.1,total postings,"IT Infrastructure, Operations & Support"
2025-07-23,FR,78.29,new postings,"IT Infrastructure, Operations & Support"
2025-07-24,FR,80.03,new postings,"IT Infrastructure, Operations & Support"
2025-07-24,FR,81.24,total postings,"IT Infrastructure, Operations & Support"
2025-07-25,FR,81.33,total postings,"IT Infrastructure, Operations & Support"
2025-07-25,FR,82.16,new postings,"IT Infrastructure, Operations & Support"
2025-07-26,FR,84.18,new postings,"IT Infrastructure, Operations & Support"
2025-07-26,FR,81.48,total postings,"IT Infrastructure, Operations & Support"
2025-07-27,FR,81.45,total postings,"IT Infrastructure, Operations & Support"
2025-07-27,FR,85.97,new postings,"IT Infrastructure, Operations & Support"
2025-07-28,FR,81.41,total postings,"IT Infrastructure, Operations & Support"
2025-07-28,FR,87.81,new postings,"IT Infrastructure, Operations & Support"
2025-07-29,FR,88.96,new postings,"IT Infrastructure, Operations & Support"
2025-07-29,FR,81.2,total postings,"IT Infrastructure, Operations & Support"
2025-07-30,FR,88.45,new postings,"IT Infrastructure, Operations & Support"
2025-07-30,FR,81.0,total postings,"IT Infrastructure, Operations & Support"
2025-07-31,FR,80.85,total postings,"IT Infrastructure, Operations & Support"
2025-07-31,FR,87.04,new postings,"IT Infrastructure, Operations & Support"
2025-08-01,FR,80.7,total postings,"IT Infrastructure, Operations & Support"
2025-08-01,FR,85.47,new postings,"IT Infrastructure, Operations & Support"
2025-08-02,FR,80.62,total postings,"IT Infrastructure, Operations & Support"
2025-08-02,FR,84.55,new postings,"IT Infrastructure, Operations & Support"
2025-08-03,FR,83.27,new postings,"IT Infrastructure, Operations & Support"
2025-08-03,FR,80.46,total postings,"IT Infrastructure, Operations & Support"
2025-08-04,FR,80.5,total postings,"IT Infrastructure, Operations & Support"
2025-08-04,FR,81.86,new postings,"IT Infrastructure, Operations & Support"
2025-08-05,FR,80.77,new postings,"IT Infrastructure, Operations & Support"
2025-08-05,FR,80.63,total postings,"IT Infrastructure, Operations & Support"
2025-08-06,FR,80.72,total postings,"IT Infrastructure, Operations & Support"
2025-08-06,FR,79.97,new postings,"IT Infrastructure, Operations & Support"
2025-08-07,FR,80.82,total postings,"IT Infrastructure, Operations & Support"
2025-08-07,FR,80.1,new postings,"IT Infrastructure, Operations & Support"
2025-08-08,FR,80.83,total postings,"IT Infrastructure, Operations & Support"
2025-08-08,FR,80.76,new postings,"IT Infrastructure, Operations & Support"
2025-08-09,FR,80.71,total postings,"IT Infrastructure, Operations & Support"
2025-08-09,FR,81.06,new postings,"IT Infrastructure, Operations & Support"
2025-08-10,FR,81.84,new postings,"IT Infrastructure, Operations & Support"
2025-08-10,FR,80.8,total postings,"IT Infrastructure, Operations & Support"
2025-08-11,FR,80.89,total postings,"IT Infrastructure, Operations & Support"
2025-08-11,FR,82.97,new postings,"IT Infrastructure, Operations & Support"
2025-08-12,FR,84.0,new postings,"IT Infrastructure, Operations & Support"
2025-08-12,FR,80.9,total postings,"IT Infrastructure, Operations & Support"
2025-08-13,FR,85.94,new postings,"IT Infrastructure, Operations & Support"
2025-08-13,FR,80.99,total postings,"IT Infrastructure, Operations & Support"
2025-08-14,FR,86.78,new postings,"IT Infrastructure, Operations & Support"
2025-08-14,FR,80.92,total postings,"IT Infrastructure, Operations & Support"
2025-08-15,FR,81.01,total postings,"IT Infrastructure, Operations & Support"
2025-08-15,FR,87.87,new postings,"IT Infrastructure, Operations & Support"
2025-08-16,FR,81.19,total postings,"IT Infrastructure, Operations & Support"
2025-08-16,FR,88.03,new postings,"IT Infrastructure, Operations & Support"
2025-08-17,FR,86.53,new postings,"IT Infrastructure, Operations & Support"
2025-08-17,FR,81.41,total postings,"IT Infrastructure, Operations & Support"
2025-08-18,FR,84.17,new postings,"IT Infrastructure, Operations & Support"
2025-08-18,FR,81.47,total postings,"IT Infrastructure, Operations & Support"
2025-08-19,FR,82.57,new postings,"IT Infrastructure, Operations & Support"
2025-08-19,FR,81.56,total postings,"IT Infrastructure, Operations & Support"
2025-08-20,FR,81.74,total postings,"IT Infrastructure, Operations & Support"
2025-08-20,FR,80.4,new postings,"IT Infrastructure, Operations & Support"
2025-08-21,FR,79.67,new postings,"IT Infrastructure, Operations & Support"
2025-08-21,FR,82.04,total postings,"IT Infrastructure, Operations & Support"
2025-08-22,FR,82.22,total postings,"IT Infrastructure, Operations & Support"
2025-08-22,FR,78.7,new postings,"IT Infrastructure, Operations & Support"
2025-08-23,FR,82.57,total postings,"IT Infrastructure, Operations & Support"
2025-08-23,FR,81.03,new postings,"IT Infrastructure, Operations & Support"
2025-08-24,FR,83.8,new postings,"IT Infrastructure, Operations & Support"
2025-08-24,FR,82.66,total postings,"IT Infrastructure, Operations & Support"
2025-08-25,FR,82.76,total postings,"IT Infrastructure, Operations & Support"
2025-08-25,FR,85.57,new postings,"IT Infrastructure, Operations & Support"
2025-08-26,FR,86.83,new postings,"IT Infrastructure, Operations & Support"
2025-08-26,FR,82.95,total postings,"IT Infrastructure, Operations & Support"
2025-08-27,FR,83.04,total postings,"IT Infrastructure, Operations & Support"
2025-08-27,FR,89.02,new postings,"IT Infrastructure, Operations & Support"
2025-08-28,FR,82.92,total postings,"IT Infrastructure, Operations & Support"
2025-08-28,FR,89.65,new postings,"IT Infrastructure, Operations & Support"
2025-08-29,FR,90.02,new postings,"IT Infrastructure, Operations & Support"
2025-08-29,FR,82.79,total postings,"IT Infrastructure, Operations & Support"
2025-08-30,FR,82.6,total postings,"IT Infrastructure, Operations & Support"
2025-08-30,FR,87.71,new postings,"IT Infrastructure, Operations & Support"
2025-08-31,FR,86.31,new postings,"IT Infrastructure, Operations & Support"
2025-08-31,FR,82.44,total postings,"IT Infrastructure, Operations & Support"
2025-09-01,FR,85.81,new postings,"IT Infrastructure, Operations & Support"
2025-09-01,FR,82.28,total postings,"IT Infrastructure, Operations & Support"
2025-09-02,FR,85.17,new postings,"IT Infrastructure, Operations & Support"
2025-09-02,FR,82.06,total postings,"IT Infrastructure, Operations & Support"
2025-09-03,FR,81.85,total postings,"IT Infrastructure, Operations & Support"
2025-09-03,FR,83.6,new postings,"IT Infrastructure, Operations & Support"
2025-09-04,FR,81.79,total postings,"IT Infrastructure, Operations & Support"
2025-09-04,FR,83.41,new postings,"IT Infrastructure, Operations & Support"
2025-09-05,FR,82.62,new postings,"IT Infrastructure, Operations & Support"
2025-09-05,FR,81.75,total postings,"IT Infrastructure, Operations & Support"
2025-09-06,FR,81.74,total postings,"IT Infrastructure, Operations & Support"
2025-09-06,FR,82.86,new postings,"IT Infrastructure, Operations & Support"
2025-09-07,FR,82.24,new postings,"IT Infrastructure, Operations & Support"
2025-09-07,FR,81.76,total postings,"IT Infrastructure, Operations & Support"
2025-09-08,FR,81.7,total postings,"IT Infrastructure, Operations & Support"
2025-09-08,FR,82.16,new postings,"IT Infrastructure, Operations & Support"
2025-09-09,FR,81.78,new postings,"IT Infrastructure, Operations & Support"
2025-09-09,FR,81.59,total postings,"IT Infrastructure, Operations & Support"
2025-09-10,FR,81.85,new postings,"IT Infrastructure, Operations & Support"
2025-09-10,FR,81.47,total postings,"IT Infrastructure, Operations & Support"
2025-09-11,FR,82.0,new postings,"IT Infrastructure, Operations & Support"
2025-09-11,FR,81.36,total postings,"IT Infrastructure, Operations & Support"
2025-09-12,FR,81.3,total postings,"IT Infrastructure, Operations & Support"
2025-09-12,FR,82.31,new postings,"IT Infrastructure, Operations & Support"
2025-09-13,FR,81.76,new postings,"IT Infrastructure, Operations & Support"
2025-09-13,FR,81.16,total postings,"IT Infrastructure, Operations & Support"
2025-09-14,FR,81.83,new postings,"IT Infrastructure, Operations & Support"
2025-09-14,FR,81.02,total postings,"IT Infrastructure, Operations & Support"
2025-09-15,FR,80.97,total postings,"IT Infrastructure, Operations & Support"
2025-09-15,FR,81.59,new postings,"IT Infrastructure, Operations & Support"
2025-09-16,FR,81.4,new postings,"IT Infrastructure, Operations & Support"
2025-09-16,FR,80.97,total postings,"IT Infrastructure, Operations & Support"
2025-09-17,FR,80.88,total postings,"IT Infrastructure, Operations & Support"
2025-09-17,FR,80.6,new postings,"IT Infrastructure, Operations & Support"
2025-09-18,FR,78.61,new postings,"IT Infrastructure, Operations & Support"
2025-09-18,FR,80.66,total postings,"IT Infrastructure, Operations & Support"
2025-09-19,FR,80.4,total postings,"IT Infrastructure, Operations & Support"
2025-09-19,FR,77.55,new postings,"IT Infrastructure, Operations & Support"
2025-09-20,FR,77.01,new postings,"IT Infrastructure, Operations & Support"
2025-09-20,FR,80.29,total postings,"IT Infrastructure, Operations & Support"
2025-09-21,FR,76.08,new postings,"IT Infrastructure, Operations & Support"
2025-09-21,FR,80.16,total postings,"IT Infrastructure, Operations & Support"
2025-09-22,FR,75.29,new postings,"IT Infrastructure, Operations & Support"
2025-09-22,FR,80.01,total postings,"IT Infrastructure, Operations & Support"
2025-09-23,FR,79.72,total postings,"IT Infrastructure, Operations & Support"
2025-09-23,FR,74.41,new postings,"IT Infrastructure, Operations & Support"
2025-09-24,FR,73.68,new postings,"IT Infrastructure, Operations & Support"
2025-09-24,FR,79.48,total postings,"IT Infrastructure, Operations & Support"
2025-09-25,FR,79.33,total postings,"IT Infrastructure, Operations & Support"
2025-09-25,FR,73.9,new postings,"IT Infrastructure, Operations & Support"
2025-09-26,FR,72.79,new postings,"IT Infrastructure, Operations & Support"
2025-09-26,FR,79.1,total postings,"IT Infrastructure, Operations & Support"
2025-09-27,FR,78.7,total postings,"IT Infrastructure, Operations & Support"
2025-09-27,FR,71.75,new postings,"IT Infrastructure, Operations & Support"
2025-09-28,FR,78.36,total postings,"IT Infrastructure, Operations & Support"
2025-09-28,FR,71.21,new postings,"IT Infrastructure, Operations & Support"
2025-09-29,FR,70.32,new postings,"IT Infrastructure, Operations & Support"
2025-09-29,FR,77.96,total postings,"IT Infrastructure, Operations & Support"
2025-09-30,FR,77.9,total postings,"IT Infrastructure, Operations & Support"
2025-09-30,FR,71.43,new postings,"IT Infrastructure, Operations & Support"
2025-10-01,FR,72.14,new postings,"IT Infrastructure, Operations & Support"
2025-10-01,FR,77.84,total postings,"IT Infrastructure, Operations & Support"
2025-10-02,FR,77.85,total postings,"IT Infrastructure, Operations & Support"
2025-10-02,FR,73.07,new postings,"IT Infrastructure, Operations & Support"
2025-10-03,FR,78.13,total postings,"IT Infrastructure, Operations & Support"
2025-10-03,FR,75.82,new postings,"IT Infrastructure, Operations & Support"
2025-10-04,FR,77.9,new postings,"IT Infrastructure, Operations & Support"
2025-10-04,FR,78.39,total postings,"IT Infrastructure, Operations & Support"
2025-10-05,FR,80.15,new postings,"IT Infrastructure, Operations & Support"
2025-10-05,FR,78.71,total postings,"IT Infrastructure, Operations & Support"
2025-10-06,FR,82.69,new postings,"IT Infrastructure, Operations & Support"
2025-10-06,FR,79.16,total postings,"IT Infrastructure, Operations & Support"
2025-10-07,FR,79.31,total postings,"IT Infrastructure, Operations & Support"
2025-10-07,FR,83.21,new postings,"IT Infrastructure, Operations & Support"
2025-10-08,FR,85.53,new postings,"IT Infrastructure, Operations & Support"
2025-10-08,FR,79.56,total postings,"IT Infrastructure, Operations & Support"
2025-10-09,FR,79.73,total postings,"IT Infrastructure, Operations & Support"
2025-10-09,FR,86.81,new postings,"IT Infrastructure, Operations & Support"
2025-10-10,FR,79.67,total postings,"IT Infrastructure, Operations & Support"
2025-10-10,FR,85.83,new postings,"IT Infrastructure, Operations & Support"
2025-10-11,FR,84.47,new postings,"IT Infrastructure, Operations & Support"
2025-10-11,FR,79.65,total postings,"IT Infrastructure, Operations & Support"
2025-10-12,FR,79.47,total postings,"IT Infrastructure, Operations & Support"
2025-10-12,FR,82.8,new postings,"IT Infrastructure, Operations & Support"
2025-10-13,FR,81.22,new postings,"IT Infrastructure, Operations & Support"
2025-10-13,FR,79.2,total postings,"IT Infrastructure, Operations & Support"
2025-10-14,FR,79.09,total postings,"IT Infrastructure, Operations & Support"
2025-10-14,FR,79.69,new postings,"IT Infrastructure, Operations & Support"
2025-10-15,FR,76.24,new postings,"IT Infrastructure, Operations & Support"
2025-10-15,FR,78.89,total postings,"IT Infrastructure, Operations & Support"
2025-10-16,FR,73.14,new postings,"IT Infrastructure, Operations & Support"
2025-10-16,FR,78.63,total postings,"IT Infrastructure, Operations & Support"
2025-10-17,FR,71.13,new postings,"IT Infrastructure, Operations & Support"
2025-10-17,FR,78.53,total postings,"IT Infrastructure, Operations & Support"
2025-10-18,FR,78.38,total postings,"IT Infrastructure, Operations & Support"
2025-10-18,FR,69.68,new postings,"IT Infrastructure, Operations & Support"
2025-10-19,FR,67.95,new postings,"IT Infrastructure, Operations & Support"
2025-10-19,FR,78.26,total postings,"IT Infrastructure, Operations & Support"
2025-10-20,FR,66.04,new postings,"IT Infrastructure, Operations & Support"
2025-10-20,FR,78.08,total postings,"IT Infrastructure, Operations & Support"
2025-10-21,FR,77.79,total postings,"IT Infrastructure, Operations & Support"
2025-10-21,FR,65.97,new postings,"IT Infrastructure, Operations & Support"
2025-10-22,FR,66.98,new postings,"IT Infrastructure, Operations & Support"
2025-10-22,FR,77.6,total postings,"IT Infrastructure, Operations & Support"
2025-10-23,FR,77.36,total postings,"IT Infrastructure, Operations & Support"
2025-10-23,FR,67.84,new postings,"IT Infrastructure, Operations & Support"
2025-10-24,FR,68.57,new postings,"IT Infrastructure, Operations & Support"
2025-10-24,FR,77.05,total postings,"IT Infrastructure, Operations & Support"
2025-10-25,FR,68.46,new postings,"IT Infrastructure, Operations & Support"
2025-10-25,FR,76.75,total postings,"IT Infrastructure, Operations & Support"
2025-10-26,FR,76.48,total postings,"IT Infrastructure, Operations & Support"
2025-10-26,FR,68.58,new postings,"IT Infrastructure, Operations & Support"
2025-10-27,FR,76.27,total postings,"IT Infrastructure, Operations & Support"
2025-10-27,FR,69.28,new postings,"IT Infrastructure, Operations & Support"
2025-10-28,FR,67.79,new postings,"IT Infrastructure, Operations & Support"
2025-10-28,FR,76.07,total postings,"IT Infrastructure, Operations & Support"
2025-10-29,FR,75.84,total postings,"IT Infrastructure, Operations & Support"
2025-10-29,FR,66.14,new postings,"IT Infrastructure, Operations & Support"
2025-10-30,FR,64.64,new postings,"IT Infrastructure, Operations & Support"
2025-10-30,FR,75.82,total postings,"IT Infrastructure, Operations & Support"
2025-10-31,FR,75.76,total postings,"IT Infrastructure, Operations & Support"
2025-10-31,FR,63.75,new postings,"IT Infrastructure, Operations & Support"
2025-11-01,FR,64.1,new postings,"IT Infrastructure, Operations & Support"
2025-11-01,FR,75.57,total postings,"IT Infrastructure, Operations & Support"
2025-11-02,FR,75.56,total postings,"IT Infrastructure, Operations & Support"
2025-11-02,FR,66.93,new postings,"IT Infrastructure, Operations & Support"
2025-11-03,FR,69.43,new postings,"IT Infrastructure, Operations & Support"
2025-11-03,FR,75.54,total postings,"IT Infrastructure, Operations & Support"
2025-11-04,FR,75.65,total postings,"IT Infrastructure, Operations & Support"
2025-11-04,FR,73.66,new postings,"IT Infrastructure, Operations & Support"
2025-11-05,FR,77.71,new postings,"IT Infrastructure, Operations & Support"
2025-11-05,FR,75.74,total postings,"IT Infrastructure, Operations & Support"
2025-11-06,FR,75.69,total postings,"IT Infrastructure, Operations & Support"
2025-11-06,FR,81.77,new postings,"IT Infrastructure, Operations & Support"
2025-11-07,FR,75.64,total postings,"IT Infrastructure, Operations & Support"
2025-11-07,FR,85.19,new postings,"IT Infrastructure, Operations & Support"
2025-11-08,FR,88.89,new postings,"IT Infrastructure, Operations & Support"
2025-11-08,FR,75.96,total postings,"IT Infrastructure, Operations & Support"
2025-11-09,FR,76.04,total postings,"IT Infrastructure, Operations & Support"
2025-11-09,FR,88.51,new postings,"IT Infrastructure, Operations & Support"
2025-11-10,FR,76.26,total postings,"IT Infrastructure, Operations & Support"
2025-11-10,FR,87.89,new postings,"IT Infrastructure, Operations & Support"
2025-11-11,FR,85.75,new postings,"IT Infrastructure, Operations & Support"
2025-11-11,FR,76.27,total postings,"IT Infrastructure, Operations & Support"
2025-11-12,FR,76.25,total postings,"IT Infrastructure, Operations & Support"
2025-11-12,FR,83.45,new postings,"IT Infrastructure, Operations & Support"
2025-11-13,FR,76.33,total postings,"IT Infrastructure, Operations & Support"
2025-11-13,FR,81.12,new postings,"IT Infrastructure, Operations & Support"
2025-11-14,FR,76.38,total postings,"IT Infrastructure, Operations & Support"
2025-11-14,FR,78.78,new postings,"IT Infrastructure, Operations & Support"
2025-11-15,FR,76.27,total postings,"IT Infrastructure, Operations & Support"
2025-11-15,FR,75.74,new postings,"IT Infrastructure, Operations & Support"
2025-11-16,FR,76.19,total postings,"IT Infrastructure, Operations & Support"
2025-11-16,FR,74.41,new postings,"IT Infrastructure, Operations & Support"
2025-11-17,FR,76.18,total postings,"IT Infrastructure, Operations & Support"
2025-11-17,FR,73.24,new postings,"IT Infrastructure, Operations & Support"
2025-11-18,FR,73.4,new postings,"IT Infrastructure, Operations & Support"
2025-11-18,FR,76.21,total postings,"IT Infrastructure, Operations & Support"
2025-11-19,FR,76.03,total postings,"IT Infrastructure, Operations & Support"
2025-11-19,FR,72.81,new postings,"IT Infrastructure, Operations & Support"
2025-11-20,FR,75.99,total postings,"IT Infrastructure, Operations & Support"
2025-11-20,FR,72.56,new postings,"IT Infrastructure, Operations & Support"
2025-11-21,FR,73.07,new postings,"IT Infrastructure, Operations & Support"
2025-11-21,FR,75.95,total postings,"IT Infrastructure, Operations & Support"
2025-11-22,FR,75.84,total postings,"IT Infrastructure, Operations & Support"
2025-11-22,FR,73.55,new postings,"IT Infrastructure, Operations & Support"
2025-11-23,FR,75.74,total postings,"IT Infrastructure, Operations & Support"
2025-11-23,FR,74.16,new postings,"IT Infrastructure, Operations & Support"
2025-11-24,FR,74.97,new postings,"IT Infrastructure, Operations & Support"
2025-11-24,FR,75.61,total postings,"IT Infrastructure, Operations & Support"
2025-11-25,FR,74.66,new postings,"IT Infrastructure, Operations & Support"
2025-11-25,FR,75.38,total postings,"IT Infrastructure, Operations & Support"
2025-11-26,FR,75.39,new postings,"IT Infrastructure, Operations & Support"
2025-11-26,FR,75.29,total postings,"IT Infrastructure, Operations & Support"
2025-11-27,FR,75.96,new postings,"IT Infrastructure, Operations & Support"
2025-11-27,FR,75.06,total postings,"IT Infrastructure, Operations & Support"
2025-11-28,FR,75.0,total postings,"IT Infrastructure, Operations & Support"
2025-11-28,FR,75.09,new postings,"IT Infrastructure, Operations & Support"
2025-11-29,FR,74.36,new postings,"IT Infrastructure, Operations & Support"
2025-11-29,FR,74.95,total postings,"IT Infrastructure, Operations & Support"
2025-11-30,FR,73.8,new postings,"IT Infrastructure, Operations & Support"
2025-11-30,FR,74.86,total postings,"IT Infrastructure, Operations & Support"
2025-12-01,FR,72.22,new postings,"IT Infrastructure, Operations & Support"
2025-12-01,FR,74.71,total postings,"IT Infrastructure, Operations & Support"
2025-12-02,FR,74.76,total postings,"IT Infrastructure, Operations & Support"
2025-12-02,FR,71.49,new postings,"IT Infrastructure, Operations & Support"
2025-12-03,FR,70.16,new postings,"IT Infrastructure, Operations & Support"
2025-12-03,FR,74.74,total postings,"IT Infrastructure, Operations & Support"
2025-12-04,FR,74.71,total postings,"IT Infrastructure, Operations & Support"
2025-12-04,FR,68.71,new postings,"IT Infrastructure, Operations & Support"
2025-12-05,FR,67.43,new postings,"IT Infrastructure, Operations & Support"
2025-12-05,FR,74.57,total postings,"IT Infrastructure, Operations & Support"
2025-12-06,FR,74.44,total postings,"IT Infrastructure, Operations & Support"
2025-12-06,FR,66.03,new postings,"IT Infrastructure, Operations & Support"
2025-12-07,FR,64.58,new postings,"IT Infrastructure, Operations & Support"
2025-12-07,FR,74.43,total postings,"IT Infrastructure, Operations & Support"
2025-12-08,FR,64.35,new postings,"IT Infrastructure, Operations & Support"
2025-12-08,FR,74.23,total postings,"IT Infrastructure, Operations & Support"
2025-12-09,FR,65.79,new postings,"IT Infrastructure, Operations & Support"
2025-12-09,FR,74.3,total postings,"IT Infrastructure, Operations & Support"
2025-12-10,FR,74.4,total postings,"IT Infrastructure, Operations & Support"
2025-12-10,FR,67.19,new postings,"IT Infrastructure, Operations & Support"
2025-12-11,FR,70.22,new postings,"IT Infrastructure, Operations & Support"
2025-12-11,FR,74.56,total postings,"IT Infrastructure, Operations & Support"
2025-12-12,FR,73.5,new postings,"IT Infrastructure, Operations & Support"
2025-12-12,FR,74.7,total postings,"IT Infrastructure, Operations & Support"
2025-12-13,FR,75.0,total postings,"IT Infrastructure, Operations & Support"
2025-12-13,FR,77.03,new postings,"IT Infrastructure, Operations & Support"
2025-12-14,FR,80.18,new postings,"IT Infrastructure, Operations & Support"
2025-12-14,FR,75.24,total postings,"IT Infrastructure, Operations & Support"
2025-12-15,FR,75.63,total postings,"IT Infrastructure, Operations & Support"
2025-12-15,FR,82.99,new postings,"IT Infrastructure, Operations & Support"
2025-12-16,FR,82.36,new postings,"IT Infrastructure, Operations & Support"
2025-12-16,FR,75.79,total postings,"IT Infrastructure, Operations & Support"
2025-12-17,FR,82.74,new postings,"IT Infrastructure, Operations & Support"
2025-12-17,FR,76.05,total postings,"IT Infrastructure, Operations & Support"
2025-12-18,FR,81.96,new postings,"IT Infrastructure, Operations & Support"
2025-12-18,FR,76.27,total postings,"IT Infrastructure, Operations & Support"
2025-12-19,FR,76.61,total postings,"IT Infrastructure, Operations & Support"
2025-12-19,FR,81.74,new postings,"IT Infrastructure, Operations & Support"
2025-12-20,FR,81.62,new postings,"IT Infrastructure, Operations & Support"
2025-12-20,FR,76.82,total postings,"IT Infrastructure, Operations & Support"
2025-12-21,FR,77.0,total postings,"IT Infrastructure, Operations & Support"
2025-12-21,FR,81.98,new postings,"IT Infrastructure, Operations & Support"
2025-12-22,FR,82.72,new postings,"IT Infrastructure, Operations & Support"
2025-12-22,FR,77.24,total postings,"IT Infrastructure, Operations & Support"
2025-12-23,FR,84.11,new postings,"IT Infrastructure, Operations & Support"
2025-12-23,FR,77.47,total postings,"IT Infrastructure, Operations & Support"
2025-12-24,FR,77.56,total postings,"IT Infrastructure, Operations & Support"
2025-12-24,FR,84.15,new postings,"IT Infrastructure, Operations & Support"
2025-12-25,FR,82.84,new postings,"IT Infrastructure, Operations & Support"
2025-12-25,FR,77.57,total postings,"IT Infrastructure, Operations & Support"
2025-12-26,FR,77.5,total postings,"IT Infrastructure, Operations & Support"
2025-12-26,FR,81.0,new postings,"IT Infrastructure, Operations & Support"
2025-12-27,FR,77.37,total postings,"IT Infrastructure, Operations & Support"
2025-12-27,FR,77.9,new postings,"IT Infrastructure, Operations & Support"
2025-12-28,FR,75.27,new postings,"IT Infrastructure, Operations & Support"
2025-12-28,FR,77.26,total postings,"IT Infrastructure, Operations & Support"
2025-12-29,FR,72.71,new postings,"IT Infrastructure, Operations & Support"
2025-12-29,FR,77.18,total postings,"IT Infrastructure, Operations & Support"
2025-12-30,FR,76.98,total postings,"IT Infrastructure, Operations & Support"
2025-12-30,FR,70.37,new postings,"IT Infrastructure, Operations & Support"
2025-12-31,FR,76.88,total postings,"IT Infrastructure, Operations & Support"
2025-12-31,FR,69.74,new postings,"IT Infrastructure, Operations & Support"
2026-01-01,FR,65.22,new postings,"IT Infrastructure, Operations & Support"
2026-01-01,FR,76.63,total postings,"IT Infrastructure, Operations & Support"
2026-01-02,FR,76.3,total postings,"IT Infrastructure, Operations & Support"
2026-01-02,FR,61.03,new postings,"IT Infrastructure, Operations & Support"
2026-01-03,FR,57.67,new postings,"IT Infrastructure, Operations & Support"
2026-01-03,FR,75.93,total postings,"IT Infrastructure, Operations & Support"
2026-01-04,FR,75.41,total postings,"IT Infrastructure, Operations & Support"
2026-01-04,FR,52.88,new postings,"IT Infrastructure, Operations & Support"
2026-01-05,FR,74.9,total postings,"IT Infrastructure, Operations & Support"
2026-01-05,FR,47.65,new postings,"IT Infrastructure, Operations & Support"
2026-01-06,FR,45.01,new postings,"IT Infrastructure, Operations & Support"
2026-01-06,FR,74.69,total postings,"IT Infrastructure, Operations & Support"
2026-01-07,FR,74.44,total postings,"IT Infrastructure, Operations & Support"
2026-01-07,FR,42.95,new postings,"IT Infrastructure, Operations & Support"
2026-01-08,FR,47.72,new postings,"IT Infrastructure, Operations & Support"
2026-01-08,FR,74.36,total postings,"IT Infrastructure, Operations & Support"
2026-01-09,FR,74.23,total postings,"IT Infrastructure, Operations & Support"
2026-01-09,FR,53.67,new postings,"IT Infrastructure, Operations & Support"
2026-01-10,FR,61.02,new postings,"IT Infrastructure, Operations & Support"
2026-01-10,FR,74.27,total postings,"IT Infrastructure, Operations & Support"
2026-01-11,FR,74.39,total postings,"IT Infrastructure, Operations & Support"
2026-01-11,FR,69.28,new postings,"IT Infrastructure, Operations & Support"
2026-01-12,FR,77.65,new postings,"IT Infrastructure, Operations & Support"
2026-01-12,FR,74.41,total postings,"IT Infrastructure, Operations & Support"
2026-01-13,FR,74.31,total postings,"IT Infrastructure, Operations & Support"
2026-01-13,FR,83.69,new postings,"IT Infrastructure, Operations & Support"
2026-01-14,FR,74.38,total postings,"IT Infrastructure, Operations & Support"
2026-01-14,FR,87.92,new postings,"IT Infrastructure, Operations & Support"
2026-01-15,FR,74.56,total postings,"IT Infrastructure, Operations & Support"
2026-01-15,FR,90.27,new postings,"IT Infrastructure, Operations & Support"
2026-01-16,FR,90.86,new postings,"IT Infrastructure, Operations & Support"
2026-01-16,FR,74.87,total postings,"IT Infrastructure, Operations & Support"
2026-01-17,FR,88.56,new postings,"IT Infrastructure, Operations & Support"
2026-01-17,FR,75.12,total postings,"IT Infrastructure, Operations & Support"
2026-01-18,FR,85.57,new postings,"IT Infrastructure, Operations & Support"
2026-01-18,FR,75.32,total postings,"IT Infrastructure, Operations & Support"
2026-01-19,FR,75.59,total postings,"IT Infrastructure, Operations & Support"
2026-01-19,FR,83.11,new postings,"IT Infrastructure, Operations & Support"
2026-01-20,FR,75.76,total postings,"IT Infrastructure, Operations & Support"
2026-01-20,FR,81.37,new postings,"IT Infrastructure, Operations & Support"
2026-01-21,FR,80.0,new postings,"IT Infrastructure, Operations & Support"
2026-01-21,FR,75.92,total postings,"IT Infrastructure, Operations & Support"
2026-01-22,FR,76.1,total postings,"IT Infrastructure, Operations & Support"
2026-01-22,FR,78.37,new postings,"IT Infrastructure, Operations & Support"
2026-01-23,FR,76.79,new postings,"IT Infrastructure, Operations & Support"
2026-01-23,FR,76.21,total postings,"IT Infrastructure, Operations & Support"
2026-01-24,FR,76.15,total postings,"IT Infrastructure, Operations & Support"
2026-01-24,FR,76.65,new postings,"IT Infrastructure, Operations & Support"
2026-01-25,FR,77.51,new postings,"IT Infrastructure, Operations & Support"
2026-01-25,FR,76.14,total postings,"IT Infrastructure, Operations & Support"
2026-01-26,FR,76.07,total postings,"IT Infrastructure, Operations & Support"
2026-01-26,FR,78.0,new postings,"IT Infrastructure, Operations & Support"
2026-01-27,FR,75.89,total postings,"IT Infrastructure, Operations & Support"
2026-01-27,FR,76.77,new postings,"IT Infrastructure, Operations & Support"
2026-01-28,FR,76.18,new postings,"IT Infrastructure, Operations & Support"
2026-01-28,FR,75.77,total postings,"IT Infrastructure, Operations & Support"
2026-01-29,FR,75.77,total postings,"IT Infrastructure, Operations & Support"
2026-01-29,FR,76.21,new postings,"IT Infrastructure, Operations & Support"
2026-01-30,FR,75.84,total postings,"IT Infrastructure, Operations & Support"
2026-01-30,FR,77.56,new postings,"IT Infrastructure, Operations & Support"
2026-01-31,FR,75.91,total postings,"IT Infrastructure, Operations & Support"
2026-01-31,FR,77.57,new postings,"IT Infrastructure, Operations & Support"
2026-02-01,FR,77.1,new postings,"IT Infrastructure, Operations & Support"
2026-02-01,FR,75.96,total postings,"IT Infrastructure, Operations & Support"
2026-02-02,FR,75.93,total postings,"IT Infrastructure, Operations & Support"
2026-02-02,FR,76.71,new postings,"IT Infrastructure, Operations & Support"
2026-02-03,FR,77.64,new postings,"IT Infrastructure, Operations & Support"
2026-02-03,FR,76.15,total postings,"IT Infrastructure, Operations & Support"
2026-02-04,FR,77.78,new postings,"IT Infrastructure, Operations & Support"
2026-02-04,FR,76.09,total postings,"IT Infrastructure, Operations & Support"
2026-02-05,FR,77.03,new postings,"IT Infrastructure, Operations & Support"
2026-02-05,FR,76.01,total postings,"IT Infrastructure, Operations & Support"
2026-02-06,FR,76.02,total postings,"IT Infrastructure, Operations & Support"
2026-02-06,FR,75.55,new postings,"IT Infrastructure, Operations & Support"
2026-02-07,FR,76.09,total postings,"IT Infrastructure, Operations & Support"
2026-02-07,FR,75.45,new postings,"IT Infrastructure, Operations & Support"
2026-02-08,FR,76.15,total postings,"IT Infrastructure, Operations & Support"
2026-02-08,FR,75.26,new postings,"IT Infrastructure, Operations & Support"
2026-02-09,FR,76.36,total postings,"IT Infrastructure, Operations & Support"
2026-02-09,FR,75.56,new postings,"IT Infrastructure, Operations & Support"
2026-02-10,FR,75.53,new postings,"IT Infrastructure, Operations & Support"
2026-02-10,FR,76.47,total postings,"IT Infrastructure, Operations & Support"
2026-02-11,FR,76.83,total postings,"IT Infrastructure, Operations & Support"
2026-02-11,FR,75.45,new postings,"IT Infrastructure, Operations & Support"
2026-02-12,FR,77.07,total postings,"IT Infrastructure, Operations & Support"
2026-02-12,FR,75.62,new postings,"IT Infrastructure, Operations & Support"
2026-02-13,FR,77.27,total postings,"IT Infrastructure, Operations & Support"
2026-02-13,FR,75.45,new postings,"IT Infrastructure, Operations & Support"
2026-02-14,FR,77.51,total postings,"IT Infrastructure, Operations & Support"
2026-02-14,FR,74.22,new postings,"IT Infrastructure, Operations & Support"
2026-02-15,FR,77.73,total postings,"IT Infrastructure, Operations & Support"
2026-02-15,FR,72.83,new postings,"IT Infrastructure, Operations & Support"
2026-02-16,FR,77.83,total postings,"IT Infrastructure, Operations & Support"
2026-02-16,FR,71.05,new postings,"IT Infrastructure, Operations & Support"
2026-02-17,FR,69.72,new postings,"IT Infrastructure, Operations & Support"
2026-02-17,FR,77.9,total postings,"IT Infrastructure, Operations & Support"
2026-02-18,FR,77.88,total postings,"IT Infrastructure, Operations & Support"
2026-02-18,FR,68.59,new postings,"IT Infrastructure, Operations & Support"
2026-02-19,FR,67.19,new postings,"IT Infrastructure, Operations & Support"
2026-02-19,FR,77.84,total postings,"IT Infrastructure, Operations & Support"
2026-02-20,FR,77.76,total postings,"IT Infrastructure, Operations & Support"
2026-02-20,FR,66.58,new postings,"IT Infrastructure, Operations & Support"
2026-02-21,FR,66.8,new postings,"IT Infrastructure, Operations & Support"
2026-02-21,FR,77.66,total postings,"IT Infrastructure, Operations & Support"
2026-02-22,FR,67.37,new postings,"IT Infrastructure, Operations & Support"
2026-02-22,FR,77.57,total postings,"IT Infrastructure, Operations & Support"
2026-02-23,FR,68.09,new postings,"IT Infrastructure, Operations & Support"
2026-02-23,FR,77.5,total postings,"IT Infrastructure, Operations & Support"
2026-02-24,FR,77.49,total postings,"IT Infrastructure, Operations & Support"
2026-02-24,FR,68.33,new postings,"IT Infrastructure, Operations & Support"
2026-02-25,FR,68.41,new postings,"IT Infrastructure, Operations & Support"
2026-02-25,FR,77.46,total postings,"IT Infrastructure, Operations & Support"
2026-02-26,FR,77.47,total postings,"IT Infrastructure, Operations & Support"
2026-02-26,FR,69.39,new postings,"IT Infrastructure, Operations & Support"
2026-02-27,FR,77.55,total postings,"IT Infrastructure, Operations & Support"
2026-02-27,FR,69.81,new postings,"IT Infrastructure, Operations & Support"
2026-02-28,FR,70.13,new postings,"IT Infrastructure, Operations & Support"
2026-02-28,FR,77.48,total postings,"IT Infrastructure, Operations & Support"
2026-03-01,FR,70.74,new postings,"IT Infrastructure, Operations & Support"
2026-03-01,FR,77.36,total postings,"IT Infrastructure, Operations & Support"
2026-03-02,FR,77.35,total postings,"IT Infrastructure, Operations & Support"
2026-03-02,FR,71.06,new postings,"IT Infrastructure, Operations & Support"
2026-03-03,FR,71.45,new postings,"IT Infrastructure, Operations & Support"
2026-03-03,FR,77.15,total postings,"IT Infrastructure, Operations & Support"
2026-03-04,FR,77.05,total postings,"IT Infrastructure, Operations & Support"
2026-03-04,FR,71.9,new postings,"IT Infrastructure, Operations & Support"
2026-03-05,FR,76.97,total postings,"IT Infrastructure, Operations & Support"
2026-03-05,FR,72.69,new postings,"IT Infrastructure, Operations & Support"
2026-03-06,FR,73.22,new postings,"IT Infrastructure, Operations & Support"
2026-03-06,FR,76.83,total postings,"IT Infrastructure, Operations & Support"
2026-03-07,FR,76.84,total postings,"IT Infrastructure, Operations & Support"
2026-03-07,FR,74.61,new postings,"IT Infrastructure, Operations & Support"
2026-03-08,FR,76.92,total postings,"IT Infrastructure, Operations & Support"
2026-03-08,FR,75.69,new postings,"IT Infrastructure, Operations & Support"
2026-03-09,FR,76.84,new postings,"IT Infrastructure, Operations & Support"
2026-03-09,FR,76.93,total postings,"IT Infrastructure, Operations & Support"
2026-03-10,FR,78.14,new postings,"IT Infrastructure, Operations & Support"
2026-03-10,FR,77.07,total postings,"IT Infrastructure, Operations & Support"
2026-03-11,FR,79.66,new postings,"IT Infrastructure, Operations & Support"
2026-03-11,FR,76.95,total postings,"IT Infrastructure, Operations & Support"
2026-03-12,FR,76.99,total postings,"IT Infrastructure, Operations & Support"
2026-03-12,FR,80.98,new postings,"IT Infrastructure, Operations & Support"
2026-03-13,FR,82.55,new postings,"IT Infrastructure, Operations & Support"
2026-03-13,FR,77.21,total postings,"IT Infrastructure, Operations & Support"
2026-03-14,FR,77.39,total postings,"IT Infrastructure, Operations & Support"
2026-03-14,FR,82.41,new postings,"IT Infrastructure, Operations & Support"
2026-03-15,FR,77.53,total postings,"IT Infrastructure, Operations & Support"
2026-03-15,FR,82.52,new postings,"IT Infrastructure, Operations & Support"
2026-03-16,FR,83.02,new postings,"IT Infrastructure, Operations & Support"
2026-03-16,FR,77.6,total postings,"IT Infrastructure, Operations & Support"
2026-03-17,FR,83.36,new postings,"IT Infrastructure, Operations & Support"
2026-03-17,FR,77.61,total postings,"IT Infrastructure, Operations & Support"
2026-03-18,FR,83.1,new postings,"IT Infrastructure, Operations & Support"
2026-03-18,FR,77.75,total postings,"IT Infrastructure, Operations & Support"
2026-03-19,FR,81.97,new postings,"IT Infrastructure, Operations & Support"
2026-03-19,FR,77.52,total postings,"IT Infrastructure, Operations & Support"
2026-03-20,FR,80.88,new postings,"IT Infrastructure, Operations & Support"
2026-03-20,FR,77.01,total postings,"IT Infrastructure, Operations & Support"
2026-03-21,FR,76.53,total postings,"IT Infrastructure, Operations & Support"
2026-03-21,FR,80.26,new postings,"IT Infrastructure, Operations & Support"
2026-03-22,FR,79.23,new postings,"IT Infrastructure, Operations & Support"
2026-03-22,FR,76.08,total postings,"IT Infrastructure, Operations & Support"
2026-03-23,FR,76.03,total postings,"IT Infrastructure, Operations & Support"
2026-03-23,FR,78.03,new postings,"IT Infrastructure, Operations & Support"
2026-03-24,FR,77.02,new postings,"IT Infrastructure, Operations & Support"
2026-03-24,FR,76.06,total postings,"IT Infrastructure, Operations & Support"
2026-03-25,FR,76.55,new postings,"IT Infrastructure, Operations & Support"
2026-03-25,FR,76.24,total postings,"IT Infrastructure, Operations & Support"
2026-03-26,FR,75.86,new postings,"IT Infrastructure, Operations & Support"
2026-03-26,FR,76.45,total postings,"IT Infrastructure, Operations & Support"
2026-03-27,FR,75.61,new postings,"IT Infrastructure, Operations & Support"
2026-03-27,FR,76.71,total postings,"IT Infrastructure, Operations & Support"
2026-03-28,FR,75.84,new postings,"IT Infrastructure, Operations & Support"
2026-03-28,FR,76.99,total postings,"IT Infrastructure, Operations & Support"
2026-03-29,FR,77.27,total postings,"IT Infrastructure, Operations & Support"
2026-03-29,FR,75.98,new postings,"IT Infrastructure, Operations & Support"
2026-03-30,FR,76.15,new postings,"IT Infrastructure, Operations & Support"
2026-03-30,FR,77.27,total postings,"IT Infrastructure, Operations & Support"
2026-03-31,FR,75.54,new postings,"IT Infrastructure, Operations & Support"
2026-03-31,FR,77.31,total postings,"IT Infrastructure, Operations & Support"
2026-04-01,FR,77.22,total postings,"IT Infrastructure, Operations & Support"
2026-04-01,FR,74.53,new postings,"IT Infrastructure, Operations & Support"
2026-04-02,FR,77.27,total postings,"IT Infrastructure, Operations & Support"
2026-04-02,FR,74.34,new postings,"IT Infrastructure, Operations & Support"
2026-04-03,FR,77.42,total postings,"IT Infrastructure, Operations & Support"
2026-04-03,FR,73.27,new postings,"IT Infrastructure, Operations & Support"
2026-04-04,FR,77.67,total postings,"IT Infrastructure, Operations & Support"
2026-04-04,FR,72.51,new postings,"IT Infrastructure, Operations & Support"
2026-04-05,FR,77.92,total postings,"IT Infrastructure, Operations & Support"
2026-04-05,FR,72.09,new postings,"IT Infrastructure, Operations & Support"
2026-04-06,FR,71.18,new postings,"IT Infrastructure, Operations & Support"
2026-04-06,FR,78.09,total postings,"IT Infrastructure, Operations & Support"
2026-04-07,FR,78.02,total postings,"IT Infrastructure, Operations & Support"
2026-04-07,FR,68.74,new postings,"IT Infrastructure, Operations & Support"
2026-04-08,FR,67.18,new postings,"IT Infrastructure, Operations & Support"
2026-04-08,FR,77.99,total postings,"IT Infrastructure, Operations & Support"
2026-04-09,FR,65.63,new postings,"IT Infrastructure, Operations & Support"
2026-04-09,FR,77.83,total postings,"IT Infrastructure, Operations & Support"
2026-04-10,FR,65.01,new postings,"IT Infrastructure, Operations & Support"
2026-04-10,FR,77.74,total postings,"IT Infrastructure, Operations & Support"
2026-04-11,FR,77.37,total postings,"IT Infrastructure, Operations & Support"
2026-04-11,FR,64.1,new postings,"IT Infrastructure, Operations & Support"
2026-04-12,FR,62.9,new postings,"IT Infrastructure, Operations & Support"
2026-04-12,FR,76.98,total postings,"IT Infrastructure, Operations & Support"
2026-04-13,FR,76.7,total postings,"IT Infrastructure, Operations & Support"
2026-04-13,FR,62.03,new postings,"IT Infrastructure, Operations & Support"
2026-04-14,FR,64.04,new postings,"IT Infrastructure, Operations & Support"
2026-04-14,FR,76.59,total postings,"IT Infrastructure, Operations & Support"
2026-04-15,FR,76.45,total postings,"IT Infrastructure, Operations & Support"
2026-04-15,FR,65.01,new postings,"IT Infrastructure, Operations & Support"
2026-04-16,FR,65.97,new postings,"IT Infrastructure, Operations & Support"
2026-04-16,FR,76.33,total postings,"IT Infrastructure, Operations & Support"
2026-04-17,FR,76.05,total postings,"IT Infrastructure, Operations & Support"
2026-04-17,FR,67.1,new postings,"IT Infrastructure, Operations & Support"
2020-02-01,FR,100.0,total postings,IT Systems & Solutions
2020-02-01,FR,100.0,new postings,IT Systems & Solutions
2020-02-02,FR,100.08,total postings,IT Systems & Solutions
2020-02-02,FR,99.38,new postings,IT Systems & Solutions
2020-02-03,FR,100.07,total postings,IT Systems & Solutions
2020-02-03,FR,98.69,new postings,IT Systems & Solutions
2020-02-04,FR,97.51,new postings,IT Systems & Solutions
2020-02-04,FR,99.88,total postings,IT Systems & Solutions
2020-02-05,FR,96.62,new postings,IT Systems & Solutions
2020-02-05,FR,99.83,total postings,IT Systems & Solutions
2020-02-06,FR,95.91,new postings,IT Systems & Solutions
2020-02-06,FR,99.72,total postings,IT Systems & Solutions
2020-02-07,FR,95.86,new postings,IT Systems & Solutions
2020-02-07,FR,99.62,total postings,IT Systems & Solutions
2020-02-08,FR,95.25,new postings,IT Systems & Solutions
2020-02-08,FR,99.43,total postings,IT Systems & Solutions
2020-02-09,FR,99.19,total postings,IT Systems & Solutions
2020-02-09,FR,94.04,new postings,IT Systems & Solutions
2020-02-10,FR,99.06,total postings,IT Systems & Solutions
2020-02-10,FR,93.32,new postings,IT Systems & Solutions
2020-02-11,FR,98.82,total postings,IT Systems & Solutions
2020-02-11,FR,93.01,new postings,IT Systems & Solutions
2020-02-12,FR,98.66,total postings,IT Systems & Solutions
2020-02-12,FR,93.89,new postings,IT Systems & Solutions
2020-02-13,FR,98.62,total postings,IT Systems & Solutions
2020-02-13,FR,95.83,new postings,IT Systems & Solutions
2020-02-14,FR,96.69,new postings,IT Systems & Solutions
2020-02-14,FR,98.65,total postings,IT Systems & Solutions
2020-02-15,FR,97.45,new postings,IT Systems & Solutions
2020-02-15,FR,98.58,total postings,IT Systems & Solutions
2020-02-16,FR,99.13,new postings,IT Systems & Solutions
2020-02-16,FR,98.51,total postings,IT Systems & Solutions
2020-02-17,FR,101.06,new postings,IT Systems & Solutions
2020-02-17,FR,98.34,total postings,IT Systems & Solutions
2020-02-18,FR,103.78,new postings,IT Systems & Solutions
2020-02-18,FR,98.08,total postings,IT Systems & Solutions
2020-02-19,FR,104.49,new postings,IT Systems & Solutions
2020-02-19,FR,97.78,total postings,IT Systems & Solutions
2020-02-20,FR,103.79,new postings,IT Systems & Solutions
2020-02-20,FR,97.53,total postings,IT Systems & Solutions
2020-02-21,FR,97.12,total postings,IT Systems & Solutions
2020-02-21,FR,102.95,new postings,IT Systems & Solutions
2020-02-22,FR,102.52,new postings,IT Systems & Solutions
2020-02-22,FR,96.79,total postings,IT Systems & Solutions
2020-02-23,FR,96.46,total postings,IT Systems & Solutions
2020-02-23,FR,102.0,new postings,IT Systems & Solutions
2020-02-24,FR,96.22,total postings,IT Systems & Solutions
2020-02-24,FR,101.48,new postings,IT Systems & Solutions
2020-02-25,FR,99.94,new postings,IT Systems & Solutions
2020-02-25,FR,96.19,total postings,IT Systems & Solutions
2020-02-26,FR,98.95,new postings,IT Systems & Solutions
2020-02-26,FR,96.15,total postings,IT Systems & Solutions
2020-02-27,FR,96.07,total postings,IT Systems & Solutions
2020-02-27,FR,98.86,new postings,IT Systems & Solutions
2020-02-28,FR,100.11,new postings,IT Systems & Solutions
2020-02-28,FR,96.02,total postings,IT Systems & Solutions
2020-02-29,FR,96.05,total postings,IT Systems & Solutions
2020-02-29,FR,101.2,new postings,IT Systems & Solutions
2020-03-01,FR,101.73,new postings,IT Systems & Solutions
2020-03-01,FR,96.15,total postings,IT Systems & Solutions
2020-03-02,FR,96.11,total postings,IT Systems & Solutions
2020-03-02,FR,101.81,new postings,IT Systems & Solutions
2020-03-03,FR,103.24,new postings,IT Systems & Solutions
2020-03-03,FR,96.19,total postings,IT Systems & Solutions
2020-03-04,FR,104.94,new postings,IT Systems & Solutions
2020-03-04,FR,96.26,total postings,IT Systems & Solutions
2020-03-05,FR,105.33,new postings,IT Systems & Solutions
2020-03-05,FR,96.28,total postings,IT Systems & Solutions
2020-03-06,FR,96.2,total postings,IT Systems & Solutions
2020-03-06,FR,103.94,new postings,IT Systems & Solutions
2020-03-07,FR,102.5,new postings,IT Systems & Solutions
2020-03-07,FR,96.16,total postings,IT Systems & Solutions
2020-03-08,FR,101.01,new postings,IT Systems & Solutions
2020-03-08,FR,96.01,total postings,IT Systems & Solutions
2020-03-09,FR,95.92,total postings,IT Systems & Solutions
2020-03-09,FR,99.82,new postings,IT Systems & Solutions
2020-03-10,FR,95.99,total postings,IT Systems & Solutions
2020-03-10,FR,97.64,new postings,IT Systems & Solutions
2020-03-11,FR,94.93,new postings,IT Systems & Solutions
2020-03-11,FR,95.96,total postings,IT Systems & Solutions
2020-03-12,FR,95.96,total postings,IT Systems & Solutions
2020-03-12,FR,93.2,new postings,IT Systems & Solutions
2020-03-13,FR,92.85,new postings,IT Systems & Solutions
2020-03-13,FR,96.07,total postings,IT Systems & Solutions
2020-03-14,FR,92.34,new postings,IT Systems & Solutions
2020-03-14,FR,96.19,total postings,IT Systems & Solutions
2020-03-15,FR,92.75,new postings,IT Systems & Solutions
2020-03-15,FR,96.36,total postings,IT Systems & Solutions
2020-03-16,FR,92.97,new postings,IT Systems & Solutions
2020-03-16,FR,96.49,total postings,IT Systems & Solutions
2020-03-17,FR,91.6,new postings,IT Systems & Solutions
2020-03-17,FR,96.22,total postings,IT Systems & Solutions
2020-03-18,FR,95.93,total postings,IT Systems & Solutions
2020-03-18,FR,87.94,new postings,IT Systems & Solutions
2020-03-19,FR,83.1,new postings,IT Systems & Solutions
2020-03-19,FR,95.58,total postings,IT Systems & Solutions
2020-03-20,FR,77.39,new postings,IT Systems & Solutions
2020-03-20,FR,95.19,total postings,IT Systems & Solutions
2020-03-21,FR,71.64,new postings,IT Systems & Solutions
2020-03-21,FR,94.56,total postings,IT Systems & Solutions
2020-03-22,FR,93.91,total postings,IT Systems & Solutions
2020-03-22,FR,65.73,new postings,IT Systems & Solutions
2020-03-23,FR,60.38,new postings,IT Systems & Solutions
2020-03-23,FR,93.35,total postings,IT Systems & Solutions
2020-03-24,FR,92.67,total postings,IT Systems & Solutions
2020-03-24,FR,56.71,new postings,IT Systems & Solutions
2020-03-25,FR,91.67,total postings,IT Systems & Solutions
2020-03-25,FR,55.67,new postings,IT Systems & Solutions
2020-03-26,FR,90.62,total postings,IT Systems & Solutions
2020-03-26,FR,57.56,new postings,IT Systems & Solutions
2020-03-27,FR,89.66,total postings,IT Systems & Solutions
2020-03-27,FR,61.08,new postings,IT Systems & Solutions
2020-03-28,FR,88.7,total postings,IT Systems & Solutions
2020-03-28,FR,65.44,new postings,IT Systems & Solutions
2020-03-29,FR,68.85,new postings,IT Systems & Solutions
2020-03-29,FR,87.68,total postings,IT Systems & Solutions
2020-03-30,FR,72.15,new postings,IT Systems & Solutions
2020-03-30,FR,86.63,total postings,IT Systems & Solutions
2020-03-31,FR,85.85,total postings,IT Systems & Solutions
2020-03-31,FR,75.06,new postings,IT Systems & Solutions
2020-04-01,FR,76.48,new postings,IT Systems & Solutions
2020-04-01,FR,85.41,total postings,IT Systems & Solutions
2020-04-02,FR,85.05,total postings,IT Systems & Solutions
2020-04-02,FR,73.27,new postings,IT Systems & Solutions
2020-04-03,FR,68.0,new postings,IT Systems & Solutions
2020-04-03,FR,84.55,total postings,IT Systems & Solutions
2020-04-04,FR,61.27,new postings,IT Systems & Solutions
2020-04-04,FR,84.12,total postings,IT Systems & Solutions
2020-04-05,FR,83.87,total postings,IT Systems & Solutions
2020-04-05,FR,55.01,new postings,IT Systems & Solutions
2020-04-06,FR,83.55,total postings,IT Systems & Solutions
2020-04-06,FR,48.91,new postings,IT Systems & Solutions
2020-04-07,FR,42.84,new postings,IT Systems & Solutions
2020-04-07,FR,82.96,total postings,IT Systems & Solutions
2020-04-08,FR,82.42,total postings,IT Systems & Solutions
2020-04-08,FR,39.15,new postings,IT Systems & Solutions
2020-04-09,FR,38.32,new postings,IT Systems & Solutions
2020-04-09,FR,81.87,total postings,IT Systems & Solutions
2020-04-10,FR,81.34,total postings,IT Systems & Solutions
2020-04-10,FR,38.44,new postings,IT Systems & Solutions
2020-04-11,FR,80.63,total postings,IT Systems & Solutions
2020-04-11,FR,38.88,new postings,IT Systems & Solutions
2020-04-12,FR,38.84,new postings,IT Systems & Solutions
2020-04-12,FR,79.86,total postings,IT Systems & Solutions
2020-04-13,FR,79.24,total postings,IT Systems & Solutions
2020-04-13,FR,38.54,new postings,IT Systems & Solutions
2020-04-14,FR,78.9,total postings,IT Systems & Solutions
2020-04-14,FR,39.11,new postings,IT Systems & Solutions
2020-04-15,FR,78.59,total postings,IT Systems & Solutions
2020-04-15,FR,38.42,new postings,IT Systems & Solutions
2020-04-16,FR,78.17,total postings,IT Systems & Solutions
2020-04-16,FR,37.08,new postings,IT Systems & Solutions
2020-04-17,FR,35.03,new postings,IT Systems & Solutions
2020-04-17,FR,77.65,total postings,IT Systems & Solutions
2020-04-18,FR,77.38,total postings,IT Systems & Solutions
2020-04-18,FR,34.68,new postings,IT Systems & Solutions
2020-04-19,FR,77.03,total postings,IT Systems & Solutions
2020-04-19,FR,34.0,new postings,IT Systems & Solutions
2020-04-20,FR,76.8,total postings,IT Systems & Solutions
2020-04-20,FR,34.28,new postings,IT Systems & Solutions
2020-04-21,FR,36.65,new postings,IT Systems & Solutions
2020-04-21,FR,76.57,total postings,IT Systems & Solutions
2020-04-22,FR,76.23,total postings,IT Systems & Solutions
2020-04-22,FR,39.56,new postings,IT Systems & Solutions
2020-04-23,FR,42.93,new postings,IT Systems & Solutions
2020-04-23,FR,75.9,total postings,IT Systems & Solutions
2020-04-24,FR,47.5,new postings,IT Systems & Solutions
2020-04-24,FR,75.8,total postings,IT Systems & Solutions
2020-04-25,FR,49.47,new postings,IT Systems & Solutions
2020-04-25,FR,75.5,total postings,IT Systems & Solutions
2020-04-26,FR,75.1,total postings,IT Systems & Solutions
2020-04-26,FR,51.14,new postings,IT Systems & Solutions
2020-04-27,FR,74.69,total postings,IT Systems & Solutions
2020-04-27,FR,51.74,new postings,IT Systems & Solutions
2020-04-28,FR,48.9,new postings,IT Systems & Solutions
2020-04-28,FR,74.08,total postings,IT Systems & Solutions
2020-04-29,FR,73.61,total postings,IT Systems & Solutions
2020-04-29,FR,46.84,new postings,IT Systems & Solutions
2020-04-30,FR,44.54,new postings,IT Systems & Solutions
2020-04-30,FR,73.25,total postings,IT Systems & Solutions
2020-05-01,FR,42.55,new postings,IT Systems & Solutions
2020-05-01,FR,72.88,total postings,IT Systems & Solutions
2020-05-02,FR,72.75,total postings,IT Systems & Solutions
2020-05-02,FR,44.33,new postings,IT Systems & Solutions
2020-05-03,FR,72.74,total postings,IT Systems & Solutions
2020-05-03,FR,45.57,new postings,IT Systems & Solutions
2020-05-04,FR,47.16,new postings,IT Systems & Solutions
2020-05-04,FR,72.48,total postings,IT Systems & Solutions
2020-05-05,FR,49.22,new postings,IT Systems & Solutions
2020-05-05,FR,72.18,total postings,IT Systems & Solutions
2020-05-06,FR,53.07,new postings,IT Systems & Solutions
2020-05-06,FR,71.9,total postings,IT Systems & Solutions
2020-05-07,FR,56.07,new postings,IT Systems & Solutions
2020-05-07,FR,71.56,total postings,IT Systems & Solutions
2020-05-08,FR,71.16,total postings,IT Systems & Solutions
2020-05-08,FR,59.34,new postings,IT Systems & Solutions
2020-05-09,FR,70.61,total postings,IT Systems & Solutions
2020-05-09,FR,59.69,new postings,IT Systems & Solutions
2020-05-10,FR,62.9,new postings,IT Systems & Solutions
2020-05-10,FR,70.17,total postings,IT Systems & Solutions
2020-05-11,FR,69.81,total postings,IT Systems & Solutions
2020-05-11,FR,66.39,new postings,IT Systems & Solutions
2020-05-12,FR,68.41,new postings,IT Systems & Solutions
2020-05-12,FR,69.66,total postings,IT Systems & Solutions
2020-05-13,FR,65.06,new postings,IT Systems & Solutions
2020-05-13,FR,69.36,total postings,IT Systems & Solutions
2020-05-14,FR,69.06,total postings,IT Systems & Solutions
2020-05-14,FR,63.26,new postings,IT Systems & Solutions
2020-05-15,FR,60.34,new postings,IT Systems & Solutions
2020-05-15,FR,68.77,total postings,IT Systems & Solutions
2020-05-16,FR,68.54,total postings,IT Systems & Solutions
2020-05-16,FR,64.02,new postings,IT Systems & Solutions
2020-05-17,FR,64.03,new postings,IT Systems & Solutions
2020-05-17,FR,68.32,total postings,IT Systems & Solutions
2020-05-18,FR,68.23,total postings,IT Systems & Solutions
2020-05-18,FR,60.56,new postings,IT Systems & Solutions
2020-05-19,FR,59.56,new postings,IT Systems & Solutions
2020-05-19,FR,68.2,total postings,IT Systems & Solutions
2020-05-20,FR,62.31,new postings,IT Systems & Solutions
2020-05-20,FR,68.11,total postings,IT Systems & Solutions
2020-05-21,FR,68.3,total postings,IT Systems & Solutions
2020-05-21,FR,64.64,new postings,IT Systems & Solutions
2020-05-22,FR,65.11,new postings,IT Systems & Solutions
2020-05-22,FR,68.43,total postings,IT Systems & Solutions
2020-05-23,FR,58.19,new postings,IT Systems & Solutions
2020-05-23,FR,68.54,total postings,IT Systems & Solutions
2020-05-24,FR,68.51,total postings,IT Systems & Solutions
2020-05-24,FR,53.53,new postings,IT Systems & Solutions
2020-05-25,FR,52.3,new postings,IT Systems & Solutions
2020-05-25,FR,68.44,total postings,IT Systems & Solutions
2020-05-26,FR,49.87,new postings,IT Systems & Solutions
2020-05-26,FR,68.36,total postings,IT Systems & Solutions
2020-05-27,FR,68.33,total postings,IT Systems & Solutions
2020-05-27,FR,47.38,new postings,IT Systems & Solutions
2020-05-28,FR,68.03,total postings,IT Systems & Solutions
2020-05-28,FR,44.94,new postings,IT Systems & Solutions
2020-05-29,FR,67.79,total postings,IT Systems & Solutions
2020-05-29,FR,46.02,new postings,IT Systems & Solutions
2020-05-30,FR,48.54,new postings,IT Systems & Solutions
2020-05-30,FR,67.66,total postings,IT Systems & Solutions
2020-05-31,FR,67.53,total postings,IT Systems & Solutions
2020-05-31,FR,53.39,new postings,IT Systems & Solutions
2020-06-01,FR,59.27,new postings,IT Systems & Solutions
2020-06-01,FR,67.37,total postings,IT Systems & Solutions
2020-06-02,FR,67.05,total postings,IT Systems & Solutions
2020-06-02,FR,64.02,new postings,IT Systems & Solutions
2020-06-03,FR,66.9,total postings,IT Systems & Solutions
2020-06-03,FR,68.64,new postings,IT Systems & Solutions
2020-06-04,FR,69.77,new postings,IT Systems & Solutions
2020-06-04,FR,66.71,total postings,IT Systems & Solutions
2020-06-05,FR,69.76,new postings,IT Systems & Solutions
2020-06-05,FR,66.51,total postings,IT Systems & Solutions
2020-06-06,FR,72.14,new postings,IT Systems & Solutions
2020-06-06,FR,66.44,total postings,IT Systems & Solutions
2020-06-07,FR,72.35,new postings,IT Systems & Solutions
2020-06-07,FR,66.37,total postings,IT Systems & Solutions
2020-06-08,FR,70.63,new postings,IT Systems & Solutions
2020-06-08,FR,66.29,total postings,IT Systems & Solutions
2020-06-09,FR,71.32,new postings,IT Systems & Solutions
2020-06-09,FR,66.38,total postings,IT Systems & Solutions
2020-06-10,FR,66.32,total postings,IT Systems & Solutions
2020-06-10,FR,71.84,new postings,IT Systems & Solutions
2020-06-11,FR,75.75,new postings,IT Systems & Solutions
2020-06-11,FR,66.37,total postings,IT Systems & Solutions
2020-06-12,FR,66.55,total postings,IT Systems & Solutions
2020-06-12,FR,79.45,new postings,IT Systems & Solutions
2020-06-13,FR,76.94,new postings,IT Systems & Solutions
2020-06-13,FR,66.45,total postings,IT Systems & Solutions
2020-06-14,FR,66.45,total postings,IT Systems & Solutions
2020-06-14,FR,74.11,new postings,IT Systems & Solutions
2020-06-15,FR,66.4,total postings,IT Systems & Solutions
2020-06-15,FR,72.78,new postings,IT Systems & Solutions
2020-06-16,FR,72.35,new postings,IT Systems & Solutions
2020-06-16,FR,66.29,total postings,IT Systems & Solutions
2020-06-17,FR,71.71,new postings,IT Systems & Solutions
2020-06-17,FR,66.2,total postings,IT Systems & Solutions
2020-06-18,FR,71.69,new postings,IT Systems & Solutions
2020-06-18,FR,66.15,total postings,IT Systems & Solutions
2020-06-19,FR,65.88,total postings,IT Systems & Solutions
2020-06-19,FR,71.13,new postings,IT Systems & Solutions
2020-06-20,FR,74.98,new postings,IT Systems & Solutions
2020-06-20,FR,65.72,total postings,IT Systems & Solutions
2020-06-21,FR,65.62,total postings,IT Systems & Solutions
2020-06-21,FR,79.32,new postings,IT Systems & Solutions
2020-06-22,FR,82.75,new postings,IT Systems & Solutions
2020-06-22,FR,65.6,total postings,IT Systems & Solutions
2020-06-23,FR,65.56,total postings,IT Systems & Solutions
2020-06-23,FR,82.16,new postings,IT Systems & Solutions
2020-06-24,FR,65.51,total postings,IT Systems & Solutions
2020-06-24,FR,80.94,new postings,IT Systems & Solutions
2020-06-25,FR,65.34,total postings,IT Systems & Solutions
2020-06-25,FR,79.18,new postings,IT Systems & Solutions
2020-06-26,FR,77.34,new postings,IT Systems & Solutions
2020-06-26,FR,65.1,total postings,IT Systems & Solutions
2020-06-27,FR,65.06,total postings,IT Systems & Solutions
2020-06-27,FR,74.8,new postings,IT Systems & Solutions
2020-06-28,FR,65.03,total postings,IT Systems & Solutions
2020-06-28,FR,72.6,new postings,IT Systems & Solutions
2020-06-29,FR,64.88,total postings,IT Systems & Solutions
2020-06-29,FR,70.2,new postings,IT Systems & Solutions
2020-06-30,FR,70.03,new postings,IT Systems & Solutions
2020-06-30,FR,64.9,total postings,IT Systems & Solutions
2020-07-01,FR,64.86,total postings,IT Systems & Solutions
2020-07-01,FR,70.68,new postings,IT Systems & Solutions
2020-07-02,FR,65.02,total postings,IT Systems & Solutions
2020-07-02,FR,71.94,new postings,IT Systems & Solutions
2020-07-03,FR,65.49,total postings,IT Systems & Solutions
2020-07-03,FR,74.72,new postings,IT Systems & Solutions
2020-07-04,FR,65.74,total postings,IT Systems & Solutions
2020-07-04,FR,77.17,new postings,IT Systems & Solutions
2020-07-05,FR,79.09,new postings,IT Systems & Solutions
2020-07-05,FR,65.86,total postings,IT Systems & Solutions
2020-07-06,FR,80.94,new postings,IT Systems & Solutions
2020-07-06,FR,66.0,total postings,IT Systems & Solutions
2020-07-07,FR,65.91,total postings,IT Systems & Solutions
2020-07-07,FR,82.58,new postings,IT Systems & Solutions
2020-07-08,FR,83.63,new postings,IT Systems & Solutions
2020-07-08,FR,65.93,total postings,IT Systems & Solutions
2020-07-09,FR,83.82,new postings,IT Systems & Solutions
2020-07-09,FR,65.93,total postings,IT Systems & Solutions
2020-07-10,FR,65.72,total postings,IT Systems & Solutions
2020-07-10,FR,81.75,new postings,IT Systems & Solutions
2020-07-11,FR,80.21,new postings,IT Systems & Solutions
2020-07-11,FR,65.49,total postings,IT Systems & Solutions
2020-07-12,FR,65.38,total postings,IT Systems & Solutions
2020-07-12,FR,78.71,new postings,IT Systems & Solutions
2020-07-13,FR,77.48,new postings,IT Systems & Solutions
2020-07-13,FR,65.32,total postings,IT Systems & Solutions
2020-07-14,FR,65.33,total postings,IT Systems & Solutions
2020-07-14,FR,75.54,new postings,IT Systems & Solutions
2020-07-15,FR,75.57,new postings,IT Systems & Solutions
2020-07-15,FR,65.3,total postings,IT Systems & Solutions
2020-07-16,FR,65.11,total postings,IT Systems & Solutions
2020-07-16,FR,75.86,new postings,IT Systems & Solutions
2020-07-17,FR,75.62,new postings,IT Systems & Solutions
2020-07-17,FR,65.06,total postings,IT Systems & Solutions
2020-07-18,FR,64.92,total postings,IT Systems & Solutions
2020-07-18,FR,75.49,new postings,IT Systems & Solutions
2020-07-19,FR,64.71,total postings,IT Systems & Solutions
2020-07-19,FR,74.56,new postings,IT Systems & Solutions
2020-07-20,FR,64.63,total postings,IT Systems & Solutions
2020-07-20,FR,73.41,new postings,IT Systems & Solutions
2020-07-21,FR,74.05,new postings,IT Systems & Solutions
2020-07-21,FR,64.59,total postings,IT Systems & Solutions
2020-07-22,FR,73.45,new postings,IT Systems & Solutions
2020-07-22,FR,64.54,total postings,IT Systems & Solutions
2020-07-23,FR,64.64,total postings,IT Systems & Solutions
2020-07-23,FR,73.02,new postings,IT Systems & Solutions
2020-07-24,FR,74.04,new postings,IT Systems & Solutions
2020-07-24,FR,64.75,total postings,IT Systems & Solutions
2020-07-25,FR,64.97,total postings,IT Systems & Solutions
2020-07-25,FR,74.96,new postings,IT Systems & Solutions
2020-07-26,FR,77.09,new postings,IT Systems & Solutions
2020-07-26,FR,65.17,total postings,IT Systems & Solutions
2020-07-27,FR,65.26,total postings,IT Systems & Solutions
2020-07-27,FR,79.98,new postings,IT Systems & Solutions
2020-07-28,FR,65.44,total postings,IT Systems & Solutions
2020-07-28,FR,81.93,new postings,IT Systems & Solutions
2020-07-29,FR,83.79,new postings,IT Systems & Solutions
2020-07-29,FR,65.63,total postings,IT Systems & Solutions
2020-07-30,FR,65.67,total postings,IT Systems & Solutions
2020-07-30,FR,85.08,new postings,IT Systems & Solutions
2020-07-31,FR,86.26,new postings,IT Systems & Solutions
2020-07-31,FR,65.75,total postings,IT Systems & Solutions
2020-08-01,FR,65.91,total postings,IT Systems & Solutions
2020-08-01,FR,87.49,new postings,IT Systems & Solutions
2020-08-02,FR,65.98,total postings,IT Systems & Solutions
2020-08-02,FR,88.7,new postings,IT Systems & Solutions
2020-08-03,FR,65.98,total postings,IT Systems & Solutions
2020-08-03,FR,88.61,new postings,IT Systems & Solutions
2020-08-04,FR,66.11,total postings,IT Systems & Solutions
2020-08-04,FR,88.85,new postings,IT Systems & Solutions
2020-08-05,FR,88.51,new postings,IT Systems & Solutions
2020-08-05,FR,66.93,total postings,IT Systems & Solutions
2020-08-06,FR,67.85,total postings,IT Systems & Solutions
2020-08-06,FR,88.81,new postings,IT Systems & Solutions
2020-08-07,FR,89.26,new postings,IT Systems & Solutions
2020-08-07,FR,68.66,total postings,IT Systems & Solutions
2020-08-08,FR,69.5,total postings,IT Systems & Solutions
2020-08-08,FR,89.39,new postings,IT Systems & Solutions
2020-08-09,FR,70.38,total postings,IT Systems & Solutions
2020-08-09,FR,88.84,new postings,IT Systems & Solutions
2020-08-10,FR,71.34,total postings,IT Systems & Solutions
2020-08-10,FR,89.62,new postings,IT Systems & Solutions
2020-08-11,FR,72.09,total postings,IT Systems & Solutions
2020-08-11,FR,89.4,new postings,IT Systems & Solutions
2020-08-12,FR,72.12,total postings,IT Systems & Solutions
2020-08-12,FR,88.99,new postings,IT Systems & Solutions
2020-08-13,FR,88.2,new postings,IT Systems & Solutions
2020-08-13,FR,72.26,total postings,IT Systems & Solutions
2020-08-14,FR,72.33,total postings,IT Systems & Solutions
2020-08-14,FR,87.85,new postings,IT Systems & Solutions
2020-08-15,FR,87.7,new postings,IT Systems & Solutions
2020-08-15,FR,72.22,total postings,IT Systems & Solutions
2020-08-16,FR,72.36,total postings,IT Systems & Solutions
2020-08-16,FR,87.77,new postings,IT Systems & Solutions
2020-08-17,FR,87.18,new postings,IT Systems & Solutions
2020-08-17,FR,72.6,total postings,IT Systems & Solutions
2020-08-18,FR,87.8,new postings,IT Systems & Solutions
2020-08-18,FR,72.79,total postings,IT Systems & Solutions
2020-08-19,FR,88.54,new postings,IT Systems & Solutions
2020-08-19,FR,73.05,total postings,IT Systems & Solutions
2020-08-20,FR,89.64,new postings,IT Systems & Solutions
2020-08-20,FR,73.25,total postings,IT Systems & Solutions
2020-08-21,FR,73.59,total postings,IT Systems & Solutions
2020-08-21,FR,90.26,new postings,IT Systems & Solutions
2020-08-22,FR,91.4,new postings,IT Systems & Solutions
2020-08-22,FR,74.05,total postings,IT Systems & Solutions
2020-08-23,FR,74.27,total postings,IT Systems & Solutions
2020-08-23,FR,91.68,new postings,IT Systems & Solutions
2020-08-24,FR,74.33,total postings,IT Systems & Solutions
2020-08-24,FR,90.87,new postings,IT Systems & Solutions
2020-08-25,FR,74.51,total postings,IT Systems & Solutions
2020-08-25,FR,89.57,new postings,IT Systems & Solutions
2020-08-26,FR,88.7,new postings,IT Systems & Solutions
2020-08-26,FR,74.64,total postings,IT Systems & Solutions
2020-08-27,FR,88.31,new postings,IT Systems & Solutions
2020-08-27,FR,74.73,total postings,IT Systems & Solutions
2020-08-28,FR,74.68,total postings,IT Systems & Solutions
2020-08-28,FR,89.01,new postings,IT Systems & Solutions
2020-08-29,FR,74.85,total postings,IT Systems & Solutions
2020-08-29,FR,89.57,new postings,IT Systems & Solutions
2020-08-30,FR,90.35,new postings,IT Systems & Solutions
2020-08-30,FR,75.04,total postings,IT Systems & Solutions
2020-08-31,FR,75.21,total postings,IT Systems & Solutions
2020-08-31,FR,92.14,new postings,IT Systems & Solutions
2020-09-01,FR,93.33,new postings,IT Systems & Solutions
2020-09-01,FR,75.41,total postings,IT Systems & Solutions
2020-09-02,FR,93.77,new postings,IT Systems & Solutions
2020-09-02,FR,75.61,total postings,IT Systems & Solutions
2020-09-03,FR,92.88,new postings,IT Systems & Solutions
2020-09-03,FR,75.78,total postings,IT Systems & Solutions
2020-09-04,FR,76.04,total postings,IT Systems & Solutions
2020-09-04,FR,91.15,new postings,IT Systems & Solutions
2020-09-05,FR,88.86,new postings,IT Systems & Solutions
2020-09-05,FR,76.07,total postings,IT Systems & Solutions
2020-09-06,FR,76.13,total postings,IT Systems & Solutions
2020-09-06,FR,86.71,new postings,IT Systems & Solutions
2020-09-07,FR,84.45,new postings,IT Systems & Solutions
2020-09-07,FR,76.26,total postings,IT Systems & Solutions
2020-09-08,FR,82.77,new postings,IT Systems & Solutions
2020-09-08,FR,76.26,total postings,IT Systems & Solutions
2020-09-09,FR,81.9,new postings,IT Systems & Solutions
2020-09-09,FR,76.41,total postings,IT Systems & Solutions
2020-09-10,FR,81.91,new postings,IT Systems & Solutions
2020-09-10,FR,76.59,total postings,IT Systems & Solutions
2020-09-11,FR,82.03,new postings,IT Systems & Solutions
2020-09-11,FR,76.7,total postings,IT Systems & Solutions
2020-09-12,FR,82.25,new postings,IT Systems & Solutions
2020-09-12,FR,76.79,total postings,IT Systems & Solutions
2020-09-13,FR,83.23,new postings,IT Systems & Solutions
2020-09-13,FR,76.95,total postings,IT Systems & Solutions
2020-09-14,FR,76.96,total postings,IT Systems & Solutions
2020-09-14,FR,83.49,new postings,IT Systems & Solutions
2020-09-15,FR,77.13,total postings,IT Systems & Solutions
2020-09-15,FR,83.57,new postings,IT Systems & Solutions
2020-09-16,FR,77.04,total postings,IT Systems & Solutions
2020-09-16,FR,82.42,new postings,IT Systems & Solutions
2020-09-17,FR,81.64,new postings,IT Systems & Solutions
2020-09-17,FR,76.88,total postings,IT Systems & Solutions
2020-09-18,FR,76.84,total postings,IT Systems & Solutions
2020-09-18,FR,80.42,new postings,IT Systems & Solutions
2020-09-19,FR,79.16,new postings,IT Systems & Solutions
2020-09-19,FR,76.79,total postings,IT Systems & Solutions
2020-09-20,FR,77.69,new postings,IT Systems & Solutions
2020-09-20,FR,76.7,total postings,IT Systems & Solutions
2020-09-21,FR,77.26,new postings,IT Systems & Solutions
2020-09-21,FR,76.61,total postings,IT Systems & Solutions
2020-09-22,FR,76.48,total postings,IT Systems & Solutions
2020-09-22,FR,77.5,new postings,IT Systems & Solutions
2020-09-23,FR,78.95,new postings,IT Systems & Solutions
2020-09-23,FR,76.49,total postings,IT Systems & Solutions
2020-09-24,FR,79.98,new postings,IT Systems & Solutions
2020-09-24,FR,76.51,total postings,IT Systems & Solutions
2020-09-25,FR,82.31,new postings,IT Systems & Solutions
2020-09-25,FR,76.69,total postings,IT Systems & Solutions
2020-09-26,FR,84.44,new postings,IT Systems & Solutions
2020-09-26,FR,76.74,total postings,IT Systems & Solutions
2020-09-27,FR,86.06,new postings,IT Systems & Solutions
2020-09-27,FR,76.62,total postings,IT Systems & Solutions
2020-09-28,FR,87.04,new postings,IT Systems & Solutions
2020-09-28,FR,76.66,total postings,IT Systems & Solutions
2020-09-29,FR,76.65,total postings,IT Systems & Solutions
2020-09-29,FR,87.63,new postings,IT Systems & Solutions
2020-09-30,FR,88.04,new postings,IT Systems & Solutions
2020-09-30,FR,76.65,total postings,IT Systems & Solutions
2020-10-01,FR,88.19,new postings,IT Systems & Solutions
2020-10-01,FR,76.61,total postings,IT Systems & Solutions
2020-10-02,FR,76.47,total postings,IT Systems & Solutions
2020-10-02,FR,86.77,new postings,IT Systems & Solutions
2020-10-03,FR,85.91,new postings,IT Systems & Solutions
2020-10-03,FR,76.45,total postings,IT Systems & Solutions
2020-10-04,FR,85.38,new postings,IT Systems & Solutions
2020-10-04,FR,76.52,total postings,IT Systems & Solutions
2020-10-05,FR,84.7,new postings,IT Systems & Solutions
2020-10-05,FR,76.45,total postings,IT Systems & Solutions
2020-10-06,FR,84.18,new postings,IT Systems & Solutions
2020-10-06,FR,76.36,total postings,IT Systems & Solutions
2020-10-07,FR,76.39,total postings,IT Systems & Solutions
2020-10-07,FR,83.82,new postings,IT Systems & Solutions
2020-10-08,FR,76.36,total postings,IT Systems & Solutions
2020-10-08,FR,83.75,new postings,IT Systems & Solutions
2020-10-09,FR,76.29,total postings,IT Systems & Solutions
2020-10-09,FR,84.15,new postings,IT Systems & Solutions
2020-10-10,FR,76.35,total postings,IT Systems & Solutions
2020-10-10,FR,84.81,new postings,IT Systems & Solutions
2020-10-11,FR,85.6,new postings,IT Systems & Solutions
2020-10-11,FR,76.44,total postings,IT Systems & Solutions
2020-10-12,FR,86.58,new postings,IT Systems & Solutions
2020-10-12,FR,76.55,total postings,IT Systems & Solutions
2020-10-13,FR,76.6,total postings,IT Systems & Solutions
2020-10-13,FR,87.26,new postings,IT Systems & Solutions
2020-10-14,FR,76.57,total postings,IT Systems & Solutions
2020-10-14,FR,88.95,new postings,IT Systems & Solutions
2020-10-15,FR,76.73,total postings,IT Systems & Solutions
2020-10-15,FR,90.2,new postings,IT Systems & Solutions
2020-10-16,FR,76.82,total postings,IT Systems & Solutions
2020-10-16,FR,91.01,new postings,IT Systems & Solutions
2020-10-17,FR,90.86,new postings,IT Systems & Solutions
2020-10-17,FR,76.86,total postings,IT Systems & Solutions
2020-10-18,FR,76.99,total postings,IT Systems & Solutions
2020-10-18,FR,90.91,new postings,IT Systems & Solutions
2020-10-19,FR,77.17,total postings,IT Systems & Solutions
2020-10-19,FR,91.32,new postings,IT Systems & Solutions
2020-10-20,FR,91.85,new postings,IT Systems & Solutions
2020-10-20,FR,77.27,total postings,IT Systems & Solutions
2020-10-21,FR,90.25,new postings,IT Systems & Solutions
2020-10-21,FR,77.5,total postings,IT Systems & Solutions
2020-10-22,FR,77.59,total postings,IT Systems & Solutions
2020-10-22,FR,88.31,new postings,IT Systems & Solutions
2020-10-23,FR,77.52,total postings,IT Systems & Solutions
2020-10-23,FR,86.72,new postings,IT Systems & Solutions
2020-10-24,FR,85.59,new postings,IT Systems & Solutions
2020-10-24,FR,77.39,total postings,IT Systems & Solutions
2020-10-25,FR,77.24,total postings,IT Systems & Solutions
2020-10-25,FR,84.01,new postings,IT Systems & Solutions
2020-10-26,FR,82.44,new postings,IT Systems & Solutions
2020-10-26,FR,77.09,total postings,IT Systems & Solutions
2020-10-27,FR,81.3,new postings,IT Systems & Solutions
2020-10-27,FR,77.14,total postings,IT Systems & Solutions
2020-10-28,FR,81.2,new postings,IT Systems & Solutions
2020-10-28,FR,76.98,total postings,IT Systems & Solutions
2020-10-29,FR,76.79,total postings,IT Systems & Solutions
2020-10-29,FR,81.81,new postings,IT Systems & Solutions
2020-10-30,FR,76.69,total postings,IT Systems & Solutions
2020-10-30,FR,81.97,new postings,IT Systems & Solutions
2020-10-31,FR,80.81,new postings,IT Systems & Solutions
2020-10-31,FR,76.58,total postings,IT Systems & Solutions
2020-11-01,FR,80.87,new postings,IT Systems & Solutions
2020-11-01,FR,76.2,total postings,IT Systems & Solutions
2020-11-02,FR,82.24,new postings,IT Systems & Solutions
2020-11-02,FR,75.99,total postings,IT Systems & Solutions
2020-11-03,FR,83.13,new postings,IT Systems & Solutions
2020-11-03,FR,75.87,total postings,IT Systems & Solutions
2020-11-04,FR,75.65,total postings,IT Systems & Solutions
2020-11-04,FR,82.59,new postings,IT Systems & Solutions
2020-11-05,FR,82.32,new postings,IT Systems & Solutions
2020-11-05,FR,75.6,total postings,IT Systems & Solutions
2020-11-06,FR,82.75,new postings,IT Systems & Solutions
2020-11-06,FR,75.5,total postings,IT Systems & Solutions
2020-11-07,FR,85.98,new postings,IT Systems & Solutions
2020-11-07,FR,75.41,total postings,IT Systems & Solutions
2020-11-08,FR,75.46,total postings,IT Systems & Solutions
2020-11-08,FR,89.06,new postings,IT Systems & Solutions
2020-11-09,FR,88.59,new postings,IT Systems & Solutions
2020-11-09,FR,75.51,total postings,IT Systems & Solutions
2020-11-10,FR,75.33,total postings,IT Systems & Solutions
2020-11-10,FR,88.23,new postings,IT Systems & Solutions
2020-11-11,FR,75.37,total postings,IT Systems & Solutions
2020-11-11,FR,90.45,new postings,IT Systems & Solutions
2020-11-12,FR,75.41,total postings,IT Systems & Solutions
2020-11-12,FR,92.1,new postings,IT Systems & Solutions
2020-11-13,FR,93.94,new postings,IT Systems & Solutions
2020-11-13,FR,75.59,total postings,IT Systems & Solutions
2020-11-14,FR,75.68,total postings,IT Systems & Solutions
2020-11-14,FR,93.85,new postings,IT Systems & Solutions
2020-11-15,FR,76.0,total postings,IT Systems & Solutions
2020-11-15,FR,93.22,new postings,IT Systems & Solutions
2020-11-16,FR,76.14,total postings,IT Systems & Solutions
2020-11-16,FR,94.37,new postings,IT Systems & Solutions
2020-11-17,FR,95.22,new postings,IT Systems & Solutions
2020-11-17,FR,76.35,total postings,IT Systems & Solutions
2020-11-18,FR,95.06,new postings,IT Systems & Solutions
2020-11-18,FR,76.71,total postings,IT Systems & Solutions
2020-11-19,FR,97.05,new postings,IT Systems & Solutions
2020-11-19,FR,77.05,total postings,IT Systems & Solutions
2020-11-20,FR,77.56,total postings,IT Systems & Solutions
2020-11-20,FR,98.78,new postings,IT Systems & Solutions
2020-11-21,FR,100.19,new postings,IT Systems & Solutions
2020-11-21,FR,78.14,total postings,IT Systems & Solutions
2020-11-22,FR,78.54,total postings,IT Systems & Solutions
2020-11-22,FR,100.97,new postings,IT Systems & Solutions
2020-11-23,FR,101.96,new postings,IT Systems & Solutions
2020-11-23,FR,79.02,total postings,IT Systems & Solutions
2020-11-24,FR,102.76,new postings,IT Systems & Solutions
2020-11-24,FR,79.31,total postings,IT Systems & Solutions
2020-11-25,FR,103.2,new postings,IT Systems & Solutions
2020-11-25,FR,79.45,total postings,IT Systems & Solutions
2020-11-26,FR,79.65,total postings,IT Systems & Solutions
2020-11-26,FR,100.55,new postings,IT Systems & Solutions
2020-11-27,FR,97.92,new postings,IT Systems & Solutions
2020-11-27,FR,79.65,total postings,IT Systems & Solutions
2020-11-28,FR,79.83,total postings,IT Systems & Solutions
2020-11-28,FR,95.89,new postings,IT Systems & Solutions
2020-11-29,FR,93.92,new postings,IT Systems & Solutions
2020-11-29,FR,79.87,total postings,IT Systems & Solutions
2020-11-30,FR,79.85,total postings,IT Systems & Solutions
2020-11-30,FR,92.16,new postings,IT Systems & Solutions
2020-12-01,FR,91.0,new postings,IT Systems & Solutions
2020-12-01,FR,80.1,total postings,IT Systems & Solutions
2020-12-02,FR,80.34,total postings,IT Systems & Solutions
2020-12-02,FR,90.54,new postings,IT Systems & Solutions
2020-12-03,FR,80.47,total postings,IT Systems & Solutions
2020-12-03,FR,90.8,new postings,IT Systems & Solutions
2020-12-04,FR,80.59,total postings,IT Systems & Solutions
2020-12-04,FR,91.58,new postings,IT Systems & Solutions
2020-12-05,FR,92.19,new postings,IT Systems & Solutions
2020-12-05,FR,80.63,total postings,IT Systems & Solutions
2020-12-06,FR,80.81,total postings,IT Systems & Solutions
2020-12-06,FR,93.18,new postings,IT Systems & Solutions
2020-12-07,FR,94.24,new postings,IT Systems & Solutions
2020-12-07,FR,81.03,total postings,IT Systems & Solutions
2020-12-08,FR,81.25,total postings,IT Systems & Solutions
2020-12-08,FR,94.95,new postings,IT Systems & Solutions
2020-12-09,FR,81.49,total postings,IT Systems & Solutions
2020-12-09,FR,95.79,new postings,IT Systems & Solutions
2020-12-10,FR,81.7,total postings,IT Systems & Solutions
2020-12-10,FR,97.77,new postings,IT Systems & Solutions
2020-12-11,FR,99.07,new postings,IT Systems & Solutions
2020-12-11,FR,82.01,total postings,IT Systems & Solutions
2020-12-12,FR,100.08,new postings,IT Systems & Solutions
2020-12-12,FR,82.11,total postings,IT Systems & Solutions
2020-12-13,FR,82.26,total postings,IT Systems & Solutions
2020-12-13,FR,101.52,new postings,IT Systems & Solutions
2020-12-14,FR,103.55,new postings,IT Systems & Solutions
2020-12-14,FR,82.53,total postings,IT Systems & Solutions
2020-12-15,FR,104.92,new postings,IT Systems & Solutions
2020-12-15,FR,82.57,total postings,IT Systems & Solutions
2020-12-16,FR,104.7,new postings,IT Systems & Solutions
2020-12-16,FR,82.52,total postings,IT Systems & Solutions
2020-12-17,FR,103.22,new postings,IT Systems & Solutions
2020-12-17,FR,82.52,total postings,IT Systems & Solutions
2020-12-18,FR,82.48,total postings,IT Systems & Solutions
2020-12-18,FR,101.43,new postings,IT Systems & Solutions
2020-12-19,FR,82.55,total postings,IT Systems & Solutions
2020-12-19,FR,100.63,new postings,IT Systems & Solutions
2020-12-20,FR,99.8,new postings,IT Systems & Solutions
2020-12-20,FR,82.77,total postings,IT Systems & Solutions
2020-12-21,FR,82.72,total postings,IT Systems & Solutions
2020-12-21,FR,97.78,new postings,IT Systems & Solutions
2020-12-22,FR,96.13,new postings,IT Systems & Solutions
2020-12-22,FR,82.75,total postings,IT Systems & Solutions
2020-12-23,FR,82.82,total postings,IT Systems & Solutions
2020-12-23,FR,94.6,new postings,IT Systems & Solutions
2020-12-24,FR,82.82,total postings,IT Systems & Solutions
2020-12-24,FR,93.83,new postings,IT Systems & Solutions
2020-12-25,FR,93.37,new postings,IT Systems & Solutions
2020-12-25,FR,82.92,total postings,IT Systems & Solutions
2020-12-26,FR,82.96,total postings,IT Systems & Solutions
2020-12-26,FR,91.97,new postings,IT Systems & Solutions
2020-12-27,FR,91.42,new postings,IT Systems & Solutions
2020-12-27,FR,82.83,total postings,IT Systems & Solutions
2020-12-28,FR,92.28,new postings,IT Systems & Solutions
2020-12-28,FR,82.97,total postings,IT Systems & Solutions
2020-12-29,FR,92.71,new postings,IT Systems & Solutions
2020-12-29,FR,83.11,total postings,IT Systems & Solutions
2020-12-30,FR,83.15,total postings,IT Systems & Solutions
2020-12-30,FR,93.37,new postings,IT Systems & Solutions
2020-12-31,FR,93.43,new postings,IT Systems & Solutions
2020-12-31,FR,83.22,total postings,IT Systems & Solutions
2021-01-01,FR,83.37,total postings,IT Systems & Solutions
2021-01-01,FR,94.01,new postings,IT Systems & Solutions
2021-01-02,FR,83.56,total postings,IT Systems & Solutions
2021-01-02,FR,94.56,new postings,IT Systems & Solutions
2021-01-03,FR,83.77,total postings,IT Systems & Solutions
2021-01-03,FR,91.99,new postings,IT Systems & Solutions
2021-01-04,FR,85.33,new postings,IT Systems & Solutions
2021-01-04,FR,83.8,total postings,IT Systems & Solutions
2021-01-05,FR,83.37,new postings,IT Systems & Solutions
2021-01-05,FR,83.91,total postings,IT Systems & Solutions
2021-01-06,FR,82.47,new postings,IT Systems & Solutions
2021-01-06,FR,84.18,total postings,IT Systems & Solutions
2021-01-07,FR,84.46,total postings,IT Systems & Solutions
2021-01-07,FR,83.11,new postings,IT Systems & Solutions
2021-01-08,FR,82.44,new postings,IT Systems & Solutions
2021-01-08,FR,84.57,total postings,IT Systems & Solutions
2021-01-09,FR,84.69,total postings,IT Systems & Solutions
2021-01-09,FR,82.82,new postings,IT Systems & Solutions
2021-01-10,FR,84.49,new postings,IT Systems & Solutions
2021-01-10,FR,84.75,total postings,IT Systems & Solutions
2021-01-11,FR,88.64,new postings,IT Systems & Solutions
2021-01-11,FR,84.8,total postings,IT Systems & Solutions
2021-01-12,FR,84.81,total postings,IT Systems & Solutions
2021-01-12,FR,88.96,new postings,IT Systems & Solutions
2021-01-13,FR,84.76,total postings,IT Systems & Solutions
2021-01-13,FR,89.11,new postings,IT Systems & Solutions
2021-01-14,FR,87.95,new postings,IT Systems & Solutions
2021-01-14,FR,84.74,total postings,IT Systems & Solutions
2021-01-15,FR,84.66,total postings,IT Systems & Solutions
2021-01-15,FR,88.12,new postings,IT Systems & Solutions
2021-01-16,FR,84.62,total postings,IT Systems & Solutions
2021-01-16,FR,87.81,new postings,IT Systems & Solutions
2021-01-17,FR,84.61,total postings,IT Systems & Solutions
2021-01-17,FR,88.3,new postings,IT Systems & Solutions
2021-01-18,FR,88.71,new postings,IT Systems & Solutions
2021-01-18,FR,84.47,total postings,IT Systems & Solutions
2021-01-19,FR,84.49,total postings,IT Systems & Solutions
2021-01-19,FR,89.55,new postings,IT Systems & Solutions
2021-01-20,FR,89.8,new postings,IT Systems & Solutions
2021-01-20,FR,84.41,total postings,IT Systems & Solutions
2021-01-21,FR,89.64,new postings,IT Systems & Solutions
2021-01-21,FR,84.29,total postings,IT Systems & Solutions
2021-01-22,FR,88.95,new postings,IT Systems & Solutions
2021-01-22,FR,84.27,total postings,IT Systems & Solutions
2021-01-23,FR,84.25,total postings,IT Systems & Solutions
2021-01-23,FR,87.94,new postings,IT Systems & Solutions
2021-01-24,FR,87.03,new postings,IT Systems & Solutions
2021-01-24,FR,84.38,total postings,IT Systems & Solutions
2021-01-25,FR,84.7,total postings,IT Systems & Solutions
2021-01-25,FR,87.13,new postings,IT Systems & Solutions
2021-01-26,FR,84.81,total postings,IT Systems & Solutions
2021-01-26,FR,87.99,new postings,IT Systems & Solutions
2021-01-27,FR,85.0,total postings,IT Systems & Solutions
2021-01-27,FR,89.21,new postings,IT Systems & Solutions
2021-01-28,FR,90.67,new postings,IT Systems & Solutions
2021-01-28,FR,85.18,total postings,IT Systems & Solutions
2021-01-29,FR,85.28,total postings,IT Systems & Solutions
2021-01-29,FR,92.92,new postings,IT Systems & Solutions
2021-01-30,FR,96.11,new postings,IT Systems & Solutions
2021-01-30,FR,85.44,total postings,IT Systems & Solutions
2021-01-31,FR,85.5,total postings,IT Systems & Solutions
2021-01-31,FR,98.76,new postings,IT Systems & Solutions
2021-02-01,FR,85.68,total postings,IT Systems & Solutions
2021-02-01,FR,101.41,new postings,IT Systems & Solutions
2021-02-02,FR,85.93,total postings,IT Systems & Solutions
2021-02-02,FR,102.07,new postings,IT Systems & Solutions
2021-02-03,FR,86.2,total postings,IT Systems & Solutions
2021-02-03,FR,102.56,new postings,IT Systems & Solutions
2021-02-04,FR,86.43,total postings,IT Systems & Solutions
2021-02-04,FR,103.66,new postings,IT Systems & Solutions
2021-02-05,FR,103.55,new postings,IT Systems & Solutions
2021-02-05,FR,86.66,total postings,IT Systems & Solutions
2021-02-06,FR,86.75,total postings,IT Systems & Solutions
2021-02-06,FR,103.16,new postings,IT Systems & Solutions
2021-02-07,FR,86.9,total postings,IT Systems & Solutions
2021-02-07,FR,102.74,new postings,IT Systems & Solutions
2021-02-08,FR,101.64,new postings,IT Systems & Solutions
2021-02-08,FR,86.88,total postings,IT Systems & Solutions
2021-02-09,FR,100.58,new postings,IT Systems & Solutions
2021-02-09,FR,86.69,total postings,IT Systems & Solutions
2021-02-10,FR,86.46,total postings,IT Systems & Solutions
2021-02-10,FR,98.79,new postings,IT Systems & Solutions
2021-02-11,FR,86.36,total postings,IT Systems & Solutions
2021-02-11,FR,96.9,new postings,IT Systems & Solutions
2021-02-12,FR,95.74,new postings,IT Systems & Solutions
2021-02-12,FR,86.37,total postings,IT Systems & Solutions
2021-02-13,FR,94.46,new postings,IT Systems & Solutions
2021-02-13,FR,86.41,total postings,IT Systems & Solutions
2021-02-14,FR,86.41,total postings,IT Systems & Solutions
2021-02-14,FR,93.93,new postings,IT Systems & Solutions
2021-02-15,FR,93.68,new postings,IT Systems & Solutions
2021-02-15,FR,86.41,total postings,IT Systems & Solutions
2021-02-16,FR,95.53,new postings,IT Systems & Solutions
2021-02-16,FR,86.56,total postings,IT Systems & Solutions
2021-02-17,FR,98.61,new postings,IT Systems & Solutions
2021-02-17,FR,86.75,total postings,IT Systems & Solutions
2021-02-18,FR,100.43,new postings,IT Systems & Solutions
2021-02-18,FR,86.92,total postings,IT Systems & Solutions
2021-02-19,FR,102.34,new postings,IT Systems & Solutions
2021-02-19,FR,87.01,total postings,IT Systems & Solutions
2021-02-20,FR,103.92,new postings,IT Systems & Solutions
2021-02-20,FR,87.04,total postings,IT Systems & Solutions
2021-02-21,FR,87.12,total postings,IT Systems & Solutions
2021-02-21,FR,104.99,new postings,IT Systems & Solutions
2021-02-22,FR,87.17,total postings,IT Systems & Solutions
2021-02-22,FR,106.07,new postings,IT Systems & Solutions
2021-02-23,FR,87.3,total postings,IT Systems & Solutions
2021-02-23,FR,104.91,new postings,IT Systems & Solutions
2021-02-24,FR,103.05,new postings,IT Systems & Solutions
2021-02-24,FR,87.43,total postings,IT Systems & Solutions
2021-02-25,FR,102.58,new postings,IT Systems & Solutions
2021-02-25,FR,87.48,total postings,IT Systems & Solutions
2021-02-26,FR,87.46,total postings,IT Systems & Solutions
2021-02-26,FR,101.34,new postings,IT Systems & Solutions
2021-02-27,FR,100.37,new postings,IT Systems & Solutions
2021-02-27,FR,87.49,total postings,IT Systems & Solutions
2021-02-28,FR,87.49,total postings,IT Systems & Solutions
2021-02-28,FR,99.44,new postings,IT Systems & Solutions
2021-03-01,FR,87.5,total postings,IT Systems & Solutions
2021-03-01,FR,97.78,new postings,IT Systems & Solutions
2021-03-02,FR,87.49,total postings,IT Systems & Solutions
2021-03-02,FR,98.11,new postings,IT Systems & Solutions
2021-03-03,FR,87.38,total postings,IT Systems & Solutions
2021-03-03,FR,97.46,new postings,IT Systems & Solutions
2021-03-04,FR,98.03,new postings,IT Systems & Solutions
2021-03-04,FR,87.39,total postings,IT Systems & Solutions
2021-03-05,FR,87.4,total postings,IT Systems & Solutions
2021-03-05,FR,98.44,new postings,IT Systems & Solutions
2021-03-06,FR,100.16,new postings,IT Systems & Solutions
2021-03-06,FR,87.43,total postings,IT Systems & Solutions
2021-03-07,FR,101.86,new postings,IT Systems & Solutions
2021-03-07,FR,87.49,total postings,IT Systems & Solutions
2021-03-08,FR,104.25,new postings,IT Systems & Solutions
2021-03-08,FR,87.45,total postings,IT Systems & Solutions
2021-03-09,FR,87.42,total postings,IT Systems & Solutions
2021-03-09,FR,105.43,new postings,IT Systems & Solutions
2021-03-10,FR,108.85,new postings,IT Systems & Solutions
2021-03-10,FR,87.62,total postings,IT Systems & Solutions
2021-03-11,FR,87.88,total postings,IT Systems & Solutions
2021-03-11,FR,112.91,new postings,IT Systems & Solutions
2021-03-12,FR,114.58,new postings,IT Systems & Solutions
2021-03-12,FR,87.98,total postings,IT Systems & Solutions
2021-03-13,FR,88.2,total postings,IT Systems & Solutions
2021-03-13,FR,113.94,new postings,IT Systems & Solutions
2021-03-14,FR,88.27,total postings,IT Systems & Solutions
2021-03-14,FR,112.66,new postings,IT Systems & Solutions
2021-03-15,FR,111.44,new postings,IT Systems & Solutions
2021-03-15,FR,88.35,total postings,IT Systems & Solutions
2021-03-16,FR,88.96,total postings,IT Systems & Solutions
2021-03-16,FR,110.46,new postings,IT Systems & Solutions
2021-03-17,FR,108.84,new postings,IT Systems & Solutions
2021-03-17,FR,89.44,total postings,IT Systems & Solutions
2021-03-18,FR,89.74,total postings,IT Systems & Solutions
2021-03-18,FR,104.53,new postings,IT Systems & Solutions
2021-03-19,FR,90.1,total postings,IT Systems & Solutions
2021-03-19,FR,103.04,new postings,IT Systems & Solutions
2021-03-20,FR,102.23,new postings,IT Systems & Solutions
2021-03-20,FR,90.37,total postings,IT Systems & Solutions
2021-03-21,FR,102.22,new postings,IT Systems & Solutions
2021-03-21,FR,90.62,total postings,IT Systems & Solutions
2021-03-22,FR,102.81,new postings,IT Systems & Solutions
2021-03-22,FR,91.0,total postings,IT Systems & Solutions
2021-03-23,FR,90.62,total postings,IT Systems & Solutions
2021-03-23,FR,102.83,new postings,IT Systems & Solutions
2021-03-24,FR,103.19,new postings,IT Systems & Solutions
2021-03-24,FR,90.1,total postings,IT Systems & Solutions
2021-03-25,FR,89.67,total postings,IT Systems & Solutions
2021-03-25,FR,104.14,new postings,IT Systems & Solutions
2021-03-26,FR,89.57,total postings,IT Systems & Solutions
2021-03-26,FR,105.97,new postings,IT Systems & Solutions
2021-03-27,FR,107.79,new postings,IT Systems & Solutions
2021-03-27,FR,89.52,total postings,IT Systems & Solutions
2021-03-28,FR,89.45,total postings,IT Systems & Solutions
2021-03-28,FR,109.0,new postings,IT Systems & Solutions
2021-03-29,FR,110.01,new postings,IT Systems & Solutions
2021-03-29,FR,89.37,total postings,IT Systems & Solutions
2021-03-30,FR,89.44,total postings,IT Systems & Solutions
2021-03-30,FR,111.52,new postings,IT Systems & Solutions
2021-03-31,FR,112.02,new postings,IT Systems & Solutions
2021-03-31,FR,89.66,total postings,IT Systems & Solutions
2021-04-01,FR,110.65,new postings,IT Systems & Solutions
2021-04-01,FR,89.74,total postings,IT Systems & Solutions
2021-04-02,FR,107.21,new postings,IT Systems & Solutions
2021-04-02,FR,89.69,total postings,IT Systems & Solutions
2021-04-03,FR,89.58,total postings,IT Systems & Solutions
2021-04-03,FR,103.82,new postings,IT Systems & Solutions
2021-04-04,FR,100.01,new postings,IT Systems & Solutions
2021-04-04,FR,89.54,total postings,IT Systems & Solutions
2021-04-05,FR,89.61,total postings,IT Systems & Solutions
2021-04-05,FR,95.82,new postings,IT Systems & Solutions
2021-04-06,FR,91.68,new postings,IT Systems & Solutions
2021-04-06,FR,89.6,total postings,IT Systems & Solutions
2021-04-07,FR,88.6,new postings,IT Systems & Solutions
2021-04-07,FR,89.44,total postings,IT Systems & Solutions
2021-04-08,FR,87.2,new postings,IT Systems & Solutions
2021-04-08,FR,89.34,total postings,IT Systems & Solutions
2021-04-09,FR,89.3,total postings,IT Systems & Solutions
2021-04-09,FR,88.36,new postings,IT Systems & Solutions
2021-04-10,FR,90.38,new postings,IT Systems & Solutions
2021-04-10,FR,89.19,total postings,IT Systems & Solutions
2021-04-11,FR,92.81,new postings,IT Systems & Solutions
2021-04-11,FR,88.77,total postings,IT Systems & Solutions
2021-04-12,FR,88.52,total postings,IT Systems & Solutions
2021-04-12,FR,95.36,new postings,IT Systems & Solutions
2021-04-13,FR,88.35,total postings,IT Systems & Solutions
2021-04-13,FR,101.31,new postings,IT Systems & Solutions
2021-04-14,FR,107.27,new postings,IT Systems & Solutions
2021-04-14,FR,88.42,total postings,IT Systems & Solutions
2021-04-15,FR,88.58,total postings,IT Systems & Solutions
2021-04-15,FR,113.3,new postings,IT Systems & Solutions
2021-04-16,FR,88.71,total postings,IT Systems & Solutions
2021-04-16,FR,117.38,new postings,IT Systems & Solutions
2021-04-17,FR,88.83,total postings,IT Systems & Solutions
2021-04-17,FR,120.22,new postings,IT Systems & Solutions
2021-04-18,FR,123.92,new postings,IT Systems & Solutions
2021-04-18,FR,89.11,total postings,IT Systems & Solutions
2021-04-19,FR,89.18,total postings,IT Systems & Solutions
2021-04-19,FR,126.98,new postings,IT Systems & Solutions
2021-04-20,FR,126.29,new postings,IT Systems & Solutions
2021-04-20,FR,89.31,total postings,IT Systems & Solutions
2021-04-21,FR,123.89,new postings,IT Systems & Solutions
2021-04-21,FR,89.39,total postings,IT Systems & Solutions
2021-04-22,FR,121.74,new postings,IT Systems & Solutions
2021-04-22,FR,89.52,total postings,IT Systems & Solutions
2021-04-23,FR,120.21,new postings,IT Systems & Solutions
2021-04-23,FR,89.6,total postings,IT Systems & Solutions
2021-04-24,FR,89.91,total postings,IT Systems & Solutions
2021-04-24,FR,120.51,new postings,IT Systems & Solutions
2021-04-25,FR,119.24,new postings,IT Systems & Solutions
2021-04-25,FR,90.16,total postings,IT Systems & Solutions
2021-04-26,FR,90.42,total postings,IT Systems & Solutions
2021-04-26,FR,117.51,new postings,IT Systems & Solutions
2021-04-27,FR,116.67,new postings,IT Systems & Solutions
2021-04-27,FR,90.74,total postings,IT Systems & Solutions
2021-04-28,FR,117.14,new postings,IT Systems & Solutions
2021-04-28,FR,90.99,total postings,IT Systems & Solutions
2021-04-29,FR,91.15,total postings,IT Systems & Solutions
2021-04-29,FR,117.29,new postings,IT Systems & Solutions
2021-04-30,FR,91.41,total postings,IT Systems & Solutions
2021-04-30,FR,117.92,new postings,IT Systems & Solutions
2021-05-01,FR,116.96,new postings,IT Systems & Solutions
2021-05-01,FR,91.5,total postings,IT Systems & Solutions
2021-05-02,FR,120.14,new postings,IT Systems & Solutions
2021-05-02,FR,91.91,total postings,IT Systems & Solutions
2021-05-03,FR,122.83,new postings,IT Systems & Solutions
2021-05-03,FR,92.22,total postings,IT Systems & Solutions
2021-05-04,FR,125.47,new postings,IT Systems & Solutions
2021-05-04,FR,92.46,total postings,IT Systems & Solutions
2021-05-05,FR,127.86,new postings,IT Systems & Solutions
2021-05-05,FR,92.86,total postings,IT Systems & Solutions
2021-05-06,FR,131.87,new postings,IT Systems & Solutions
2021-05-06,FR,93.23,total postings,IT Systems & Solutions
2021-05-07,FR,93.55,total postings,IT Systems & Solutions
2021-05-07,FR,133.81,new postings,IT Systems & Solutions
2021-05-08,FR,137.51,new postings,IT Systems & Solutions
2021-05-08,FR,93.83,total postings,IT Systems & Solutions
2021-05-09,FR,137.65,new postings,IT Systems & Solutions
2021-05-09,FR,94.18,total postings,IT Systems & Solutions
2021-05-10,FR,140.56,new postings,IT Systems & Solutions
2021-05-10,FR,94.59,total postings,IT Systems & Solutions
2021-05-11,FR,95.02,total postings,IT Systems & Solutions
2021-05-11,FR,142.91,new postings,IT Systems & Solutions
2021-05-12,FR,142.78,new postings,IT Systems & Solutions
2021-05-12,FR,95.29,total postings,IT Systems & Solutions
2021-05-13,FR,140.17,new postings,IT Systems & Solutions
2021-05-13,FR,95.65,total postings,IT Systems & Solutions
2021-05-14,FR,95.76,total postings,IT Systems & Solutions
2021-05-14,FR,136.85,new postings,IT Systems & Solutions
2021-05-15,FR,128.85,new postings,IT Systems & Solutions
2021-05-15,FR,95.8,total postings,IT Systems & Solutions
2021-05-16,FR,95.71,total postings,IT Systems & Solutions
2021-05-16,FR,125.26,new postings,IT Systems & Solutions
2021-05-17,FR,95.6,total postings,IT Systems & Solutions
2021-05-17,FR,117.87,new postings,IT Systems & Solutions
2021-05-18,FR,95.59,total postings,IT Systems & Solutions
2021-05-18,FR,108.18,new postings,IT Systems & Solutions
2021-05-19,FR,101.8,new postings,IT Systems & Solutions
2021-05-19,FR,95.57,total postings,IT Systems & Solutions
2021-05-20,FR,95.57,total postings,IT Systems & Solutions
2021-05-20,FR,97.35,new postings,IT Systems & Solutions
2021-05-21,FR,97.69,new postings,IT Systems & Solutions
2021-05-21,FR,95.81,total postings,IT Systems & Solutions
2021-05-22,FR,96.12,total postings,IT Systems & Solutions
2021-05-22,FR,103.21,new postings,IT Systems & Solutions
2021-05-23,FR,104.87,new postings,IT Systems & Solutions
2021-05-23,FR,96.31,total postings,IT Systems & Solutions
2021-05-24,FR,96.55,total postings,IT Systems & Solutions
2021-05-24,FR,108.81,new postings,IT Systems & Solutions
2021-05-25,FR,113.91,new postings,IT Systems & Solutions
2021-05-25,FR,96.43,total postings,IT Systems & Solutions
2021-05-26,FR,96.4,total postings,IT Systems & Solutions
2021-05-26,FR,117.64,new postings,IT Systems & Solutions
2021-05-27,FR,96.33,total postings,IT Systems & Solutions
2021-05-27,FR,120.1,new postings,IT Systems & Solutions
2021-05-28,FR,120.3,new postings,IT Systems & Solutions
2021-05-28,FR,96.08,total postings,IT Systems & Solutions
2021-05-29,FR,95.85,total postings,IT Systems & Solutions
2021-05-29,FR,117.69,new postings,IT Systems & Solutions
2021-05-30,FR,95.76,total postings,IT Systems & Solutions
2021-05-30,FR,116.2,new postings,IT Systems & Solutions
2021-05-31,FR,115.11,new postings,IT Systems & Solutions
2021-05-31,FR,95.58,total postings,IT Systems & Solutions
2021-06-01,FR,118.81,new postings,IT Systems & Solutions
2021-06-01,FR,95.61,total postings,IT Systems & Solutions
2021-06-02,FR,95.52,total postings,IT Systems & Solutions
2021-06-02,FR,122.97,new postings,IT Systems & Solutions
2021-06-03,FR,128.01,new postings,IT Systems & Solutions
2021-06-03,FR,95.5,total postings,IT Systems & Solutions
2021-06-04,FR,95.57,total postings,IT Systems & Solutions
2021-06-04,FR,129.51,new postings,IT Systems & Solutions
2021-06-05,FR,132.78,new postings,IT Systems & Solutions
2021-06-05,FR,95.88,total postings,IT Systems & Solutions
2021-06-06,FR,96.1,total postings,IT Systems & Solutions
2021-06-06,FR,135.09,new postings,IT Systems & Solutions
2021-06-07,FR,137.4,new postings,IT Systems & Solutions
2021-06-07,FR,96.3,total postings,IT Systems & Solutions
2021-06-08,FR,96.5,total postings,IT Systems & Solutions
2021-06-08,FR,135.54,new postings,IT Systems & Solutions
2021-06-09,FR,133.71,new postings,IT Systems & Solutions
2021-06-09,FR,96.95,total postings,IT Systems & Solutions
2021-06-10,FR,97.21,total postings,IT Systems & Solutions
2021-06-10,FR,132.01,new postings,IT Systems & Solutions
2021-06-11,FR,132.99,new postings,IT Systems & Solutions
2021-06-11,FR,97.53,total postings,IT Systems & Solutions
2021-06-12,FR,97.67,total postings,IT Systems & Solutions
2021-06-12,FR,132.83,new postings,IT Systems & Solutions
2021-06-13,FR,131.18,new postings,IT Systems & Solutions
2021-06-13,FR,97.86,total postings,IT Systems & Solutions
2021-06-14,FR,129.16,new postings,IT Systems & Solutions
2021-06-14,FR,98.23,total postings,IT Systems & Solutions
2021-06-15,FR,98.75,total postings,IT Systems & Solutions
2021-06-15,FR,128.61,new postings,IT Systems & Solutions
2021-06-16,FR,127.58,new postings,IT Systems & Solutions
2021-06-16,FR,98.99,total postings,IT Systems & Solutions
2021-06-17,FR,99.37,total postings,IT Systems & Solutions
2021-06-17,FR,125.92,new postings,IT Systems & Solutions
2021-06-18,FR,124.99,new postings,IT Systems & Solutions
2021-06-18,FR,99.58,total postings,IT Systems & Solutions
2021-06-19,FR,99.88,total postings,IT Systems & Solutions
2021-06-19,FR,124.24,new postings,IT Systems & Solutions
2021-06-20,FR,100.04,total postings,IT Systems & Solutions
2021-06-20,FR,124.78,new postings,IT Systems & Solutions
2021-06-21,FR,125.74,new postings,IT Systems & Solutions
2021-06-21,FR,100.18,total postings,IT Systems & Solutions
2021-06-22,FR,100.11,total postings,IT Systems & Solutions
2021-06-22,FR,125.7,new postings,IT Systems & Solutions
2021-06-23,FR,126.64,new postings,IT Systems & Solutions
2021-06-23,FR,100.08,total postings,IT Systems & Solutions
2021-06-24,FR,99.96,total postings,IT Systems & Solutions
2021-06-24,FR,127.46,new postings,IT Systems & Solutions
2021-06-25,FR,100.02,total postings,IT Systems & Solutions
2021-06-25,FR,128.31,new postings,IT Systems & Solutions
2021-06-26,FR,128.54,new postings,IT Systems & Solutions
2021-06-26,FR,99.94,total postings,IT Systems & Solutions
2021-06-27,FR,100.02,total postings,IT Systems & Solutions
2021-06-27,FR,128.7,new postings,IT Systems & Solutions
2021-06-28,FR,100.12,total postings,IT Systems & Solutions
2021-06-28,FR,129.35,new postings,IT Systems & Solutions
2021-06-29,FR,129.91,new postings,IT Systems & Solutions
2021-06-29,FR,100.3,total postings,IT Systems & Solutions
2021-06-30,FR,100.54,total postings,IT Systems & Solutions
2021-06-30,FR,129.9,new postings,IT Systems & Solutions
2021-07-01,FR,129.9,new postings,IT Systems & Solutions
2021-07-01,FR,100.78,total postings,IT Systems & Solutions
2021-07-02,FR,129.6,new postings,IT Systems & Solutions
2021-07-02,FR,101.02,total postings,IT Systems & Solutions
2021-07-03,FR,130.03,new postings,IT Systems & Solutions
2021-07-03,FR,101.3,total postings,IT Systems & Solutions
2021-07-04,FR,101.57,total postings,IT Systems & Solutions
2021-07-04,FR,130.45,new postings,IT Systems & Solutions
2021-07-05,FR,129.79,new postings,IT Systems & Solutions
2021-07-05,FR,101.75,total postings,IT Systems & Solutions
2021-07-06,FR,101.97,total postings,IT Systems & Solutions
2021-07-06,FR,128.77,new postings,IT Systems & Solutions
2021-07-07,FR,102.24,total postings,IT Systems & Solutions
2021-07-07,FR,128.64,new postings,IT Systems & Solutions
2021-07-08,FR,127.97,new postings,IT Systems & Solutions
2021-07-08,FR,102.55,total postings,IT Systems & Solutions
2021-07-09,FR,102.84,total postings,IT Systems & Solutions
2021-07-09,FR,128.61,new postings,IT Systems & Solutions
2021-07-10,FR,128.64,new postings,IT Systems & Solutions
2021-07-10,FR,103.12,total postings,IT Systems & Solutions
2021-07-11,FR,103.41,total postings,IT Systems & Solutions
2021-07-11,FR,128.86,new postings,IT Systems & Solutions
2021-07-12,FR,103.73,total postings,IT Systems & Solutions
2021-07-12,FR,129.34,new postings,IT Systems & Solutions
2021-07-13,FR,104.0,total postings,IT Systems & Solutions
2021-07-13,FR,129.83,new postings,IT Systems & Solutions
2021-07-14,FR,104.17,total postings,IT Systems & Solutions
2021-07-14,FR,128.42,new postings,IT Systems & Solutions
2021-07-15,FR,104.26,total postings,IT Systems & Solutions
2021-07-15,FR,129.06,new postings,IT Systems & Solutions
2021-07-16,FR,128.2,new postings,IT Systems & Solutions
2021-07-16,FR,104.3,total postings,IT Systems & Solutions
2021-07-17,FR,104.43,total postings,IT Systems & Solutions
2021-07-17,FR,127.23,new postings,IT Systems & Solutions
2021-07-18,FR,126.29,new postings,IT Systems & Solutions
2021-07-18,FR,104.59,total postings,IT Systems & Solutions
2021-07-19,FR,104.71,total postings,IT Systems & Solutions
2021-07-19,FR,124.57,new postings,IT Systems & Solutions
2021-07-20,FR,104.91,total postings,IT Systems & Solutions
2021-07-20,FR,123.25,new postings,IT Systems & Solutions
2021-07-21,FR,123.94,new postings,IT Systems & Solutions
2021-07-21,FR,105.13,total postings,IT Systems & Solutions
2021-07-22,FR,123.73,new postings,IT Systems & Solutions
2021-07-22,FR,105.38,total postings,IT Systems & Solutions
2021-07-23,FR,105.58,total postings,IT Systems & Solutions
2021-07-23,FR,122.93,new postings,IT Systems & Solutions
2021-07-24,FR,105.76,total postings,IT Systems & Solutions
2021-07-24,FR,122.44,new postings,IT Systems & Solutions
2021-07-25,FR,105.99,total postings,IT Systems & Solutions
2021-07-25,FR,121.98,new postings,IT Systems & Solutions
2021-07-26,FR,123.07,new postings,IT Systems & Solutions
2021-07-26,FR,106.33,total postings,IT Systems & Solutions
2021-07-27,FR,106.53,total postings,IT Systems & Solutions
2021-07-27,FR,124.24,new postings,IT Systems & Solutions
2021-07-28,FR,106.74,total postings,IT Systems & Solutions
2021-07-28,FR,124.25,new postings,IT Systems & Solutions
2021-07-29,FR,106.84,total postings,IT Systems & Solutions
2021-07-29,FR,124.11,new postings,IT Systems & Solutions
2021-07-30,FR,124.86,new postings,IT Systems & Solutions
2021-07-30,FR,106.99,total postings,IT Systems & Solutions
2021-07-31,FR,106.94,total postings,IT Systems & Solutions
2021-07-31,FR,126.55,new postings,IT Systems & Solutions
2021-08-01,FR,127.74,new postings,IT Systems & Solutions
2021-08-01,FR,106.71,total postings,IT Systems & Solutions
2021-08-02,FR,106.51,total postings,IT Systems & Solutions
2021-08-02,FR,128.36,new postings,IT Systems & Solutions
2021-08-03,FR,129.17,new postings,IT Systems & Solutions
2021-08-03,FR,106.3,total postings,IT Systems & Solutions
2021-08-04,FR,106.26,total postings,IT Systems & Solutions
2021-08-04,FR,129.67,new postings,IT Systems & Solutions
2021-08-05,FR,106.25,total postings,IT Systems & Solutions
2021-08-05,FR,128.94,new postings,IT Systems & Solutions
2021-08-06,FR,106.3,total postings,IT Systems & Solutions
2021-08-06,FR,127.63,new postings,IT Systems & Solutions
2021-08-07,FR,127.1,new postings,IT Systems & Solutions
2021-08-07,FR,106.56,total postings,IT Systems & Solutions
2021-08-08,FR,106.86,total postings,IT Systems & Solutions
2021-08-08,FR,127.53,new postings,IT Systems & Solutions
2021-08-09,FR,127.64,new postings,IT Systems & Solutions
2021-08-09,FR,106.99,total postings,IT Systems & Solutions
2021-08-10,FR,127.43,new postings,IT Systems & Solutions
2021-08-10,FR,107.3,total postings,IT Systems & Solutions
2021-08-11,FR,127.87,new postings,IT Systems & Solutions
2021-08-11,FR,107.44,total postings,IT Systems & Solutions
2021-08-12,FR,107.58,total postings,IT Systems & Solutions
2021-08-12,FR,129.02,new postings,IT Systems & Solutions
2021-08-13,FR,131.24,new postings,IT Systems & Solutions
2021-08-13,FR,107.79,total postings,IT Systems & Solutions
2021-08-14,FR,107.73,total postings,IT Systems & Solutions
2021-08-14,FR,131.05,new postings,IT Systems & Solutions
2021-08-15,FR,130.54,new postings,IT Systems & Solutions
2021-08-15,FR,107.77,total postings,IT Systems & Solutions
2021-08-16,FR,107.94,total postings,IT Systems & Solutions
2021-08-16,FR,130.1,new postings,IT Systems & Solutions
2021-08-17,FR,131.53,new postings,IT Systems & Solutions
2021-08-17,FR,108.11,total postings,IT Systems & Solutions
2021-08-18,FR,133.0,new postings,IT Systems & Solutions
2021-08-18,FR,108.26,total postings,IT Systems & Solutions
2021-08-19,FR,134.02,new postings,IT Systems & Solutions
2021-08-19,FR,108.49,total postings,IT Systems & Solutions
2021-08-20,FR,108.78,total postings,IT Systems & Solutions
2021-08-20,FR,133.64,new postings,IT Systems & Solutions
2021-08-21,FR,134.67,new postings,IT Systems & Solutions
2021-08-21,FR,109.18,total postings,IT Systems & Solutions
2021-08-22,FR,109.57,total postings,IT Systems & Solutions
2021-08-22,FR,135.5,new postings,IT Systems & Solutions
2021-08-23,FR,135.36,new postings,IT Systems & Solutions
2021-08-23,FR,109.86,total postings,IT Systems & Solutions
2021-08-24,FR,110.05,total postings,IT Systems & Solutions
2021-08-24,FR,132.67,new postings,IT Systems & Solutions
2021-08-25,FR,130.16,new postings,IT Systems & Solutions
2021-08-25,FR,110.25,total postings,IT Systems & Solutions
2021-08-26,FR,128.78,new postings,IT Systems & Solutions
2021-08-26,FR,110.57,total postings,IT Systems & Solutions
2021-08-27,FR,128.71,new postings,IT Systems & Solutions
2021-08-27,FR,110.76,total postings,IT Systems & Solutions
2021-08-28,FR,110.87,total postings,IT Systems & Solutions
2021-08-28,FR,128.33,new postings,IT Systems & Solutions
2021-08-29,FR,127.82,new postings,IT Systems & Solutions
2021-08-29,FR,111.0,total postings,IT Systems & Solutions
2021-08-30,FR,111.14,total postings,IT Systems & Solutions
2021-08-30,FR,127.26,new postings,IT Systems & Solutions
2021-08-31,FR,111.3,total postings,IT Systems & Solutions
2021-08-31,FR,127.99,new postings,IT Systems & Solutions
2021-09-01,FR,128.98,new postings,IT Systems & Solutions
2021-09-01,FR,111.48,total postings,IT Systems & Solutions
2021-09-02,FR,111.45,total postings,IT Systems & Solutions
2021-09-02,FR,129.03,new postings,IT Systems & Solutions
2021-09-03,FR,111.41,total postings,IT Systems & Solutions
2021-09-03,FR,128.45,new postings,IT Systems & Solutions
2021-09-04,FR,129.15,new postings,IT Systems & Solutions
2021-09-04,FR,111.47,total postings,IT Systems & Solutions
2021-09-05,FR,129.21,new postings,IT Systems & Solutions
2021-09-05,FR,111.58,total postings,IT Systems & Solutions
2021-09-06,FR,111.65,total postings,IT Systems & Solutions
2021-09-06,FR,130.25,new postings,IT Systems & Solutions
2021-09-07,FR,130.43,new postings,IT Systems & Solutions
2021-09-07,FR,111.79,total postings,IT Systems & Solutions
2021-09-08,FR,129.06,new postings,IT Systems & Solutions
2021-09-08,FR,111.82,total postings,IT Systems & Solutions
2021-09-09,FR,111.81,total postings,IT Systems & Solutions
2021-09-09,FR,128.2,new postings,IT Systems & Solutions
2021-09-10,FR,127.27,new postings,IT Systems & Solutions
2021-09-10,FR,111.79,total postings,IT Systems & Solutions
2021-09-11,FR,111.62,total postings,IT Systems & Solutions
2021-09-11,FR,126.01,new postings,IT Systems & Solutions
2021-09-12,FR,125.41,new postings,IT Systems & Solutions
2021-09-12,FR,111.38,total postings,IT Systems & Solutions
2021-09-13,FR,111.24,total postings,IT Systems & Solutions
2021-09-13,FR,125.19,new postings,IT Systems & Solutions
2021-09-14,FR,111.01,total postings,IT Systems & Solutions
2021-09-14,FR,125.51,new postings,IT Systems & Solutions
2021-09-15,FR,110.94,total postings,IT Systems & Solutions
2021-09-15,FR,127.48,new postings,IT Systems & Solutions
2021-09-16,FR,129.04,new postings,IT Systems & Solutions
2021-09-16,FR,110.81,total postings,IT Systems & Solutions
2021-09-17,FR,110.76,total postings,IT Systems & Solutions
2021-09-17,FR,130.78,new postings,IT Systems & Solutions
2021-09-18,FR,131.84,new postings,IT Systems & Solutions
2021-09-18,FR,110.93,total postings,IT Systems & Solutions
2021-09-19,FR,111.11,total postings,IT Systems & Solutions
2021-09-19,FR,132.7,new postings,IT Systems & Solutions
2021-09-20,FR,133.19,new postings,IT Systems & Solutions
2021-09-20,FR,111.18,total postings,IT Systems & Solutions
2021-09-21,FR,111.08,total postings,IT Systems & Solutions
2021-09-21,FR,132.3,new postings,IT Systems & Solutions
2021-09-22,FR,111.0,total postings,IT Systems & Solutions
2021-09-22,FR,130.85,new postings,IT Systems & Solutions
2021-09-23,FR,130.47,new postings,IT Systems & Solutions
2021-09-23,FR,110.9,total postings,IT Systems & Solutions
2021-09-24,FR,110.74,total postings,IT Systems & Solutions
2021-09-24,FR,130.17,new postings,IT Systems & Solutions
2021-09-25,FR,129.46,new postings,IT Systems & Solutions
2021-09-25,FR,110.59,total postings,IT Systems & Solutions
2021-09-26,FR,129.23,new postings,IT Systems & Solutions
2021-09-26,FR,110.41,total postings,IT Systems & Solutions
2021-09-27,FR,129.11,new postings,IT Systems & Solutions
2021-09-27,FR,110.21,total postings,IT Systems & Solutions
2021-09-28,FR,131.21,new postings,IT Systems & Solutions
2021-09-28,FR,110.19,total postings,IT Systems & Solutions
2021-09-29,FR,110.2,total postings,IT Systems & Solutions
2021-09-29,FR,135.54,new postings,IT Systems & Solutions
2021-09-30,FR,110.5,total postings,IT Systems & Solutions
2021-09-30,FR,139.05,new postings,IT Systems & Solutions
2021-10-01,FR,141.74,new postings,IT Systems & Solutions
2021-10-01,FR,110.62,total postings,IT Systems & Solutions
2021-10-02,FR,145.14,new postings,IT Systems & Solutions
2021-10-02,FR,110.81,total postings,IT Systems & Solutions
2021-10-03,FR,148.2,new postings,IT Systems & Solutions
2021-10-03,FR,110.69,total postings,IT Systems & Solutions
2021-10-04,FR,110.74,total postings,IT Systems & Solutions
2021-10-04,FR,150.83,new postings,IT Systems & Solutions
2021-10-05,FR,111.01,total postings,IT Systems & Solutions
2021-10-05,FR,153.06,new postings,IT Systems & Solutions
2021-10-06,FR,111.2,total postings,IT Systems & Solutions
2021-10-06,FR,150.07,new postings,IT Systems & Solutions
2021-10-07,FR,147.84,new postings,IT Systems & Solutions
2021-10-07,FR,111.26,total postings,IT Systems & Solutions
2021-10-08,FR,111.54,total postings,IT Systems & Solutions
2021-10-08,FR,146.86,new postings,IT Systems & Solutions
2021-10-09,FR,111.89,total postings,IT Systems & Solutions
2021-10-09,FR,145.5,new postings,IT Systems & Solutions
2021-10-10,FR,112.53,total postings,IT Systems & Solutions
2021-10-10,FR,144.21,new postings,IT Systems & Solutions
2021-10-11,FR,143.5,new postings,IT Systems & Solutions
2021-10-11,FR,113.08,total postings,IT Systems & Solutions
2021-10-12,FR,113.46,total postings,IT Systems & Solutions
2021-10-12,FR,142.43,new postings,IT Systems & Solutions
2021-10-13,FR,143.84,new postings,IT Systems & Solutions
2021-10-13,FR,113.77,total postings,IT Systems & Solutions
2021-10-14,FR,114.04,total postings,IT Systems & Solutions
2021-10-14,FR,144.09,new postings,IT Systems & Solutions
2021-10-15,FR,144.74,new postings,IT Systems & Solutions
2021-10-15,FR,114.36,total postings,IT Systems & Solutions
2021-10-16,FR,114.6,total postings,IT Systems & Solutions
2021-10-16,FR,145.58,new postings,IT Systems & Solutions
2021-10-17,FR,114.95,total postings,IT Systems & Solutions
2021-10-17,FR,146.73,new postings,IT Systems & Solutions
2021-10-18,FR,115.16,total postings,IT Systems & Solutions
2021-10-18,FR,147.61,new postings,IT Systems & Solutions
2021-10-19,FR,148.1,new postings,IT Systems & Solutions
2021-10-19,FR,115.3,total postings,IT Systems & Solutions
2021-10-20,FR,115.47,total postings,IT Systems & Solutions
2021-10-20,FR,149.77,new postings,IT Systems & Solutions
2021-10-21,FR,152.07,new postings,IT Systems & Solutions
2021-10-21,FR,115.83,total postings,IT Systems & Solutions
2021-10-22,FR,152.42,new postings,IT Systems & Solutions
2021-10-22,FR,116.16,total postings,IT Systems & Solutions
2021-10-23,FR,116.4,total postings,IT Systems & Solutions
2021-10-23,FR,152.18,new postings,IT Systems & Solutions
2021-10-24,FR,151.15,new postings,IT Systems & Solutions
2021-10-24,FR,116.47,total postings,IT Systems & Solutions
2021-10-25,FR,150.43,new postings,IT Systems & Solutions
2021-10-25,FR,116.76,total postings,IT Systems & Solutions
2021-10-26,FR,117.03,total postings,IT Systems & Solutions
2021-10-26,FR,150.08,new postings,IT Systems & Solutions
2021-10-27,FR,149.22,new postings,IT Systems & Solutions
2021-10-27,FR,117.31,total postings,IT Systems & Solutions
2021-10-28,FR,147.71,new postings,IT Systems & Solutions
2021-10-28,FR,117.47,total postings,IT Systems & Solutions
2021-10-29,FR,117.55,total postings,IT Systems & Solutions
2021-10-29,FR,148.56,new postings,IT Systems & Solutions
2021-10-30,FR,149.32,new postings,IT Systems & Solutions
2021-10-30,FR,117.67,total postings,IT Systems & Solutions
2021-10-31,FR,150.84,new postings,IT Systems & Solutions
2021-10-31,FR,117.79,total postings,IT Systems & Solutions
2021-11-01,FR,117.92,total postings,IT Systems & Solutions
2021-11-01,FR,153.28,new postings,IT Systems & Solutions
2021-11-02,FR,151.82,new postings,IT Systems & Solutions
2021-11-02,FR,117.93,total postings,IT Systems & Solutions
2021-11-03,FR,150.31,new postings,IT Systems & Solutions
2021-11-03,FR,118.01,total postings,IT Systems & Solutions
2021-11-04,FR,148.84,new postings,IT Systems & Solutions
2021-11-04,FR,118.13,total postings,IT Systems & Solutions
2021-11-05,FR,146.24,new postings,IT Systems & Solutions
2021-11-05,FR,118.38,total postings,IT Systems & Solutions
2021-11-06,FR,118.62,total postings,IT Systems & Solutions
2021-11-06,FR,143.93,new postings,IT Systems & Solutions
2021-11-07,FR,141.56,new postings,IT Systems & Solutions
2021-11-07,FR,118.89,total postings,IT Systems & Solutions
2021-11-08,FR,138.59,new postings,IT Systems & Solutions
2021-11-08,FR,119.0,total postings,IT Systems & Solutions
2021-11-09,FR,119.35,total postings,IT Systems & Solutions
2021-11-09,FR,140.78,new postings,IT Systems & Solutions
2021-11-10,FR,142.46,new postings,IT Systems & Solutions
2021-11-10,FR,119.62,total postings,IT Systems & Solutions
2021-11-11,FR,145.33,new postings,IT Systems & Solutions
2021-11-11,FR,119.91,total postings,IT Systems & Solutions
2021-11-12,FR,120.01,total postings,IT Systems & Solutions
2021-11-12,FR,146.43,new postings,IT Systems & Solutions
2021-11-13,FR,146.2,new postings,IT Systems & Solutions
2021-11-13,FR,119.95,total postings,IT Systems & Solutions
2021-11-14,FR,145.42,new postings,IT Systems & Solutions
2021-11-14,FR,120.0,total postings,IT Systems & Solutions
2021-11-15,FR,120.06,total postings,IT Systems & Solutions
2021-11-15,FR,143.97,new postings,IT Systems & Solutions
2021-11-16,FR,140.9,new postings,IT Systems & Solutions
2021-11-16,FR,120.03,total postings,IT Systems & Solutions
2021-11-17,FR,138.1,new postings,IT Systems & Solutions
2021-11-17,FR,120.04,total postings,IT Systems & Solutions
2021-11-18,FR,120.06,total postings,IT Systems & Solutions
2021-11-18,FR,133.78,new postings,IT Systems & Solutions
2021-11-19,FR,132.77,new postings,IT Systems & Solutions
2021-11-19,FR,120.27,total postings,IT Systems & Solutions
2021-11-20,FR,134.77,new postings,IT Systems & Solutions
2021-11-20,FR,120.55,total postings,IT Systems & Solutions
2021-11-21,FR,137.29,new postings,IT Systems & Solutions
2021-11-21,FR,120.84,total postings,IT Systems & Solutions
2021-11-22,FR,121.19,total postings,IT Systems & Solutions
2021-11-22,FR,140.01,new postings,IT Systems & Solutions
2021-11-23,FR,142.71,new postings,IT Systems & Solutions
2021-11-23,FR,121.49,total postings,IT Systems & Solutions
2021-11-24,FR,144.63,new postings,IT Systems & Solutions
2021-11-24,FR,121.88,total postings,IT Systems & Solutions
2021-11-25,FR,147.34,new postings,IT Systems & Solutions
2021-11-25,FR,122.14,total postings,IT Systems & Solutions
2021-11-26,FR,148.31,new postings,IT Systems & Solutions
2021-11-26,FR,122.25,total postings,IT Systems & Solutions
2021-11-27,FR,147.65,new postings,IT Systems & Solutions
2021-11-27,FR,122.45,total postings,IT Systems & Solutions
2021-11-28,FR,146.45,new postings,IT Systems & Solutions
2021-11-28,FR,122.29,total postings,IT Systems & Solutions
2021-11-29,FR,145.65,new postings,IT Systems & Solutions
2021-11-29,FR,122.33,total postings,IT Systems & Solutions
2021-11-30,FR,144.78,new postings,IT Systems & Solutions
2021-11-30,FR,122.41,total postings,IT Systems & Solutions
2021-12-01,FR,144.52,new postings,IT Systems & Solutions
2021-12-01,FR,122.4,total postings,IT Systems & Solutions
2021-12-02,FR,144.65,new postings,IT Systems & Solutions
2021-12-02,FR,122.54,total postings,IT Systems & Solutions
2021-12-03,FR,144.43,new postings,IT Systems & Solutions
2021-12-03,FR,122.56,total postings,IT Systems & Solutions
2021-12-04,FR,144.92,new postings,IT Systems & Solutions
2021-12-04,FR,122.69,total postings,IT Systems & Solutions
2021-12-05,FR,145.51,new postings,IT Systems & Solutions
2021-12-05,FR,122.96,total postings,IT Systems & Solutions
2021-12-06,FR,145.67,new postings,IT Systems & Solutions
2021-12-06,FR,123.02,total postings,IT Systems & Solutions
2021-12-07,FR,145.36,new postings,IT Systems & Solutions
2021-12-07,FR,123.04,total postings,IT Systems & Solutions
2021-12-08,FR,145.47,new postings,IT Systems & Solutions
2021-12-08,FR,123.1,total postings,IT Systems & Solutions
2021-12-09,FR,144.66,new postings,IT Systems & Solutions
2021-12-09,FR,123.05,total postings,IT Systems & Solutions
2021-12-10,FR,144.25,new postings,IT Systems & Solutions
2021-12-10,FR,123.12,total postings,IT Systems & Solutions
2021-12-11,FR,142.86,new postings,IT Systems & Solutions
2021-12-11,FR,123.16,total postings,IT Systems & Solutions
2021-12-12,FR,141.69,new postings,IT Systems & Solutions
2021-12-12,FR,123.42,total postings,IT Systems & Solutions
2021-12-13,FR,141.05,new postings,IT Systems & Solutions
2021-12-13,FR,123.65,total postings,IT Systems & Solutions
2021-12-14,FR,140.76,new postings,IT Systems & Solutions
2021-12-14,FR,123.82,total postings,IT Systems & Solutions
2021-12-15,FR,141.25,new postings,IT Systems & Solutions
2021-12-15,FR,123.92,total postings,IT Systems & Solutions
2021-12-16,FR,141.99,new postings,IT Systems & Solutions
2021-12-16,FR,123.93,total postings,IT Systems & Solutions
2021-12-17,FR,142.97,new postings,IT Systems & Solutions
2021-12-17,FR,124.03,total postings,IT Systems & Solutions
2021-12-18,FR,145.09,new postings,IT Systems & Solutions
2021-12-18,FR,124.15,total postings,IT Systems & Solutions
2021-12-19,FR,147.33,new postings,IT Systems & Solutions
2021-12-19,FR,124.13,total postings,IT Systems & Solutions
2021-12-20,FR,149.54,new postings,IT Systems & Solutions
2021-12-20,FR,124.14,total postings,IT Systems & Solutions
2021-12-21,FR,152.15,new postings,IT Systems & Solutions
2021-12-21,FR,124.3,total postings,IT Systems & Solutions
2021-12-22,FR,152.57,new postings,IT Systems & Solutions
2021-12-22,FR,124.48,total postings,IT Systems & Solutions
2021-12-23,FR,155.3,new postings,IT Systems & Solutions
2021-12-23,FR,124.85,total postings,IT Systems & Solutions
2021-12-24,FR,158.34,new postings,IT Systems & Solutions
2021-12-24,FR,125.15,total postings,IT Systems & Solutions
2021-12-25,FR,159.13,new postings,IT Systems & Solutions
2021-12-25,FR,125.36,total postings,IT Systems & Solutions
2021-12-26,FR,159.46,new postings,IT Systems & Solutions
2021-12-26,FR,125.5,total postings,IT Systems & Solutions
2021-12-27,FR,162.88,new postings,IT Systems & Solutions
2021-12-27,FR,125.83,total postings,IT Systems & Solutions
2021-12-28,FR,162.37,new postings,IT Systems & Solutions
2021-12-28,FR,125.88,total postings,IT Systems & Solutions
2021-12-29,FR,163.61,new postings,IT Systems & Solutions
2021-12-29,FR,126.0,total postings,IT Systems & Solutions
2021-12-30,FR,159.93,new postings,IT Systems & Solutions
2021-12-30,FR,125.96,total postings,IT Systems & Solutions
2021-12-31,FR,154.37,new postings,IT Systems & Solutions
2021-12-31,FR,125.9,total postings,IT Systems & Solutions
2022-01-01,FR,150.81,new postings,IT Systems & Solutions
2022-01-01,FR,125.76,total postings,IT Systems & Solutions
2022-01-02,FR,146.34,new postings,IT Systems & Solutions
2022-01-02,FR,125.76,total postings,IT Systems & Solutions
2022-01-03,FR,136.23,new postings,IT Systems & Solutions
2022-01-03,FR,125.51,total postings,IT Systems & Solutions
2022-01-04,FR,130.18,new postings,IT Systems & Solutions
2022-01-04,FR,125.55,total postings,IT Systems & Solutions
2022-01-05,FR,128.09,new postings,IT Systems & Solutions
2022-01-05,FR,125.62,total postings,IT Systems & Solutions
2022-01-06,FR,129.94,new postings,IT Systems & Solutions
2022-01-06,FR,125.56,total postings,IT Systems & Solutions
2022-01-07,FR,134.24,new postings,IT Systems & Solutions
2022-01-07,FR,125.7,total postings,IT Systems & Solutions
2022-01-08,FR,139.59,new postings,IT Systems & Solutions
2022-01-08,FR,125.88,total postings,IT Systems & Solutions
2022-01-09,FR,144.5,new postings,IT Systems & Solutions
2022-01-09,FR,125.91,total postings,IT Systems & Solutions
2022-01-10,FR,150.93,new postings,IT Systems & Solutions
2022-01-10,FR,126.07,total postings,IT Systems & Solutions
2022-01-11,FR,157.6,new postings,IT Systems & Solutions
2022-01-11,FR,126.17,total postings,IT Systems & Solutions
2022-01-12,FR,160.06,new postings,IT Systems & Solutions
2022-01-12,FR,126.16,total postings,IT Systems & Solutions
2022-01-13,FR,160.97,new postings,IT Systems & Solutions
2022-01-13,FR,126.41,total postings,IT Systems & Solutions
2022-01-14,FR,161.08,new postings,IT Systems & Solutions
2022-01-14,FR,126.47,total postings,IT Systems & Solutions
2022-01-15,FR,159.91,new postings,IT Systems & Solutions
2022-01-15,FR,126.64,total postings,IT Systems & Solutions
2022-01-16,FR,160.49,new postings,IT Systems & Solutions
2022-01-16,FR,126.86,total postings,IT Systems & Solutions
2022-01-17,FR,162.05,new postings,IT Systems & Solutions
2022-01-17,FR,126.98,total postings,IT Systems & Solutions
2022-01-18,FR,162.73,new postings,IT Systems & Solutions
2022-01-18,FR,127.13,total postings,IT Systems & Solutions
2022-01-19,FR,161.79,new postings,IT Systems & Solutions
2022-01-19,FR,127.3,total postings,IT Systems & Solutions
2022-01-20,FR,161.26,new postings,IT Systems & Solutions
2022-01-20,FR,127.43,total postings,IT Systems & Solutions
2022-01-21,FR,161.82,new postings,IT Systems & Solutions
2022-01-21,FR,127.55,total postings,IT Systems & Solutions
2022-01-22,FR,162.07,new postings,IT Systems & Solutions
2022-01-22,FR,127.52,total postings,IT Systems & Solutions
2022-01-23,FR,161.82,new postings,IT Systems & Solutions
2022-01-23,FR,127.6,total postings,IT Systems & Solutions
2022-01-24,FR,161.02,new postings,IT Systems & Solutions
2022-01-24,FR,127.75,total postings,IT Systems & Solutions
2022-01-25,FR,160.49,new postings,IT Systems & Solutions
2022-01-25,FR,127.79,total postings,IT Systems & Solutions
2022-01-26,FR,161.51,new postings,IT Systems & Solutions
2022-01-26,FR,127.91,total postings,IT Systems & Solutions
2022-01-27,FR,162.06,new postings,IT Systems & Solutions
2022-01-27,FR,128.01,total postings,IT Systems & Solutions
2022-01-28,FR,160.93,new postings,IT Systems & Solutions
2022-01-28,FR,128.17,total postings,IT Systems & Solutions
2022-01-29,FR,158.49,new postings,IT Systems & Solutions
2022-01-29,FR,128.37,total postings,IT Systems & Solutions
2022-01-30,FR,156.51,new postings,IT Systems & Solutions
2022-01-30,FR,128.56,total postings,IT Systems & Solutions
2022-01-31,FR,154.74,new postings,IT Systems & Solutions
2022-01-31,FR,128.8,total postings,IT Systems & Solutions
2022-02-01,FR,152.74,new postings,IT Systems & Solutions
2022-02-01,FR,129.02,total postings,IT Systems & Solutions
2022-02-02,FR,151.06,new postings,IT Systems & Solutions
2022-02-02,FR,129.1,total postings,IT Systems & Solutions
2022-02-03,FR,150.79,new postings,IT Systems & Solutions
2022-02-03,FR,129.26,total postings,IT Systems & Solutions
2022-02-04,FR,150.91,new postings,IT Systems & Solutions
2022-02-04,FR,129.33,total postings,IT Systems & Solutions
2022-02-05,FR,152.94,new postings,IT Systems & Solutions
2022-02-05,FR,129.49,total postings,IT Systems & Solutions
2022-02-06,FR,154.97,new postings,IT Systems & Solutions
2022-02-06,FR,129.59,total postings,IT Systems & Solutions
2022-02-07,FR,156.68,new postings,IT Systems & Solutions
2022-02-07,FR,129.59,total postings,IT Systems & Solutions
2022-02-08,FR,159.21,new postings,IT Systems & Solutions
2022-02-08,FR,129.72,total postings,IT Systems & Solutions
2022-02-09,FR,160.99,new postings,IT Systems & Solutions
2022-02-09,FR,129.94,total postings,IT Systems & Solutions
2022-02-10,FR,162.03,new postings,IT Systems & Solutions
2022-02-10,FR,130.11,total postings,IT Systems & Solutions
2022-02-11,FR,163.23,new postings,IT Systems & Solutions
2022-02-11,FR,130.4,total postings,IT Systems & Solutions
2022-02-12,FR,163.21,new postings,IT Systems & Solutions
2022-02-12,FR,130.5,total postings,IT Systems & Solutions
2022-02-13,FR,164.16,new postings,IT Systems & Solutions
2022-02-13,FR,130.6,total postings,IT Systems & Solutions
2022-02-14,FR,165.34,new postings,IT Systems & Solutions
2022-02-14,FR,130.47,total postings,IT Systems & Solutions
2022-02-15,FR,165.78,new postings,IT Systems & Solutions
2022-02-15,FR,130.47,total postings,IT Systems & Solutions
2022-02-16,FR,169.14,new postings,IT Systems & Solutions
2022-02-16,FR,130.58,total postings,IT Systems & Solutions
2022-02-17,FR,173.13,new postings,IT Systems & Solutions
2022-02-17,FR,130.87,total postings,IT Systems & Solutions
2022-02-18,FR,175.82,new postings,IT Systems & Solutions
2022-02-18,FR,130.92,total postings,IT Systems & Solutions
2022-02-19,FR,179.51,new postings,IT Systems & Solutions
2022-02-19,FR,131.18,total postings,IT Systems & Solutions
2022-02-20,FR,182.73,new postings,IT Systems & Solutions
2022-02-20,FR,131.52,total postings,IT Systems & Solutions
2022-02-21,FR,186.02,new postings,IT Systems & Solutions
2022-02-21,FR,132.05,total postings,IT Systems & Solutions
2022-02-22,FR,189.66,new postings,IT Systems & Solutions
2022-02-22,FR,132.42,total postings,IT Systems & Solutions
2022-02-23,FR,188.22,new postings,IT Systems & Solutions
2022-02-23,FR,132.75,total postings,IT Systems & Solutions
2022-02-24,FR,184.54,new postings,IT Systems & Solutions
2022-02-24,FR,132.81,total postings,IT Systems & Solutions
2022-02-25,FR,183.11,new postings,IT Systems & Solutions
2022-02-25,FR,133.08,total postings,IT Systems & Solutions
2022-02-26,FR,179.44,new postings,IT Systems & Solutions
2022-02-26,FR,133.37,total postings,IT Systems & Solutions
2022-02-27,FR,174.97,new postings,IT Systems & Solutions
2022-02-27,FR,133.5,total postings,IT Systems & Solutions
2022-02-28,FR,169.49,new postings,IT Systems & Solutions
2022-02-28,FR,133.72,total postings,IT Systems & Solutions
2022-03-01,FR,163.98,new postings,IT Systems & Solutions
2022-03-01,FR,133.88,total postings,IT Systems & Solutions
2022-03-02,FR,160.33,new postings,IT Systems & Solutions
2022-03-02,FR,133.96,total postings,IT Systems & Solutions
2022-03-03,FR,158.97,new postings,IT Systems & Solutions
2022-03-03,FR,134.16,total postings,IT Systems & Solutions
2022-03-04,FR,156.69,new postings,IT Systems & Solutions
2022-03-04,FR,134.41,total postings,IT Systems & Solutions
2022-03-05,FR,156.91,new postings,IT Systems & Solutions
2022-03-05,FR,134.56,total postings,IT Systems & Solutions
2022-03-06,FR,156.97,new postings,IT Systems & Solutions
2022-03-06,FR,134.72,total postings,IT Systems & Solutions
2022-03-07,FR,157.79,new postings,IT Systems & Solutions
2022-03-07,FR,134.88,total postings,IT Systems & Solutions
2022-03-08,FR,158.51,new postings,IT Systems & Solutions
2022-03-08,FR,134.89,total postings,IT Systems & Solutions
2022-03-09,FR,158.73,new postings,IT Systems & Solutions
2022-03-09,FR,134.95,total postings,IT Systems & Solutions
2022-03-10,FR,158.12,new postings,IT Systems & Solutions
2022-03-10,FR,134.85,total postings,IT Systems & Solutions
2022-03-11,FR,156.33,new postings,IT Systems & Solutions
2022-03-11,FR,134.53,total postings,IT Systems & Solutions
2022-03-12,FR,154.54,new postings,IT Systems & Solutions
2022-03-12,FR,134.33,total postings,IT Systems & Solutions
2022-03-13,FR,153.98,new postings,IT Systems & Solutions
2022-03-13,FR,134.37,total postings,IT Systems & Solutions
2022-03-14,FR,153.23,new postings,IT Systems & Solutions
2022-03-14,FR,134.22,total postings,IT Systems & Solutions
2022-03-15,FR,152.52,new postings,IT Systems & Solutions
2022-03-15,FR,134.26,total postings,IT Systems & Solutions
2022-03-16,FR,153.76,new postings,IT Systems & Solutions
2022-03-16,FR,134.14,total postings,IT Systems & Solutions
2022-03-17,FR,155.67,new postings,IT Systems & Solutions
2022-03-17,FR,134.18,total postings,IT Systems & Solutions
2022-03-18,FR,157.62,new postings,IT Systems & Solutions
2022-03-18,FR,134.23,total postings,IT Systems & Solutions
2022-03-19,FR,159.79,new postings,IT Systems & Solutions
2022-03-19,FR,134.17,total postings,IT Systems & Solutions
2022-03-20,FR,161.24,new postings,IT Systems & Solutions
2022-03-20,FR,133.88,total postings,IT Systems & Solutions
2022-03-21,FR,163.62,new postings,IT Systems & Solutions
2022-03-21,FR,133.99,total postings,IT Systems & Solutions
2022-03-22,FR,169.62,new postings,IT Systems & Solutions
2022-03-22,FR,134.33,total postings,IT Systems & Solutions
2022-03-23,FR,174.57,new postings,IT Systems & Solutions
2022-03-23,FR,134.89,total postings,IT Systems & Solutions
2022-03-24,FR,178.64,new postings,IT Systems & Solutions
2022-03-24,FR,135.42,total postings,IT Systems & Solutions
2022-03-25,FR,181.32,new postings,IT Systems & Solutions
2022-03-25,FR,135.85,total postings,IT Systems & Solutions
2022-03-26,FR,183.02,new postings,IT Systems & Solutions
2022-03-26,FR,136.38,total postings,IT Systems & Solutions
2022-03-27,FR,185.23,new postings,IT Systems & Solutions
2022-03-27,FR,136.78,total postings,IT Systems & Solutions
2022-03-28,FR,186.84,new postings,IT Systems & Solutions
2022-03-28,FR,137.2,total postings,IT Systems & Solutions
2022-03-29,FR,182.61,new postings,IT Systems & Solutions
2022-03-29,FR,137.34,total postings,IT Systems & Solutions
2022-03-30,FR,177.61,new postings,IT Systems & Solutions
2022-03-30,FR,137.26,total postings,IT Systems & Solutions
2022-03-31,FR,172.71,new postings,IT Systems & Solutions
2022-03-31,FR,137.23,total postings,IT Systems & Solutions
2022-04-01,FR,171.04,new postings,IT Systems & Solutions
2022-04-01,FR,137.49,total postings,IT Systems & Solutions
2022-04-02,FR,169.58,new postings,IT Systems & Solutions
2022-04-02,FR,137.84,total postings,IT Systems & Solutions
2022-04-03,FR,167.77,new postings,IT Systems & Solutions
2022-04-03,FR,138.4,total postings,IT Systems & Solutions
2022-04-04,FR,165.99,new postings,IT Systems & Solutions
2022-04-04,FR,138.69,total postings,IT Systems & Solutions
2022-04-05,FR,166.07,new postings,IT Systems & Solutions
2022-04-05,FR,138.93,total postings,IT Systems & Solutions
2022-04-06,FR,168.11,new postings,IT Systems & Solutions
2022-04-06,FR,139.35,total postings,IT Systems & Solutions
2022-04-07,FR,170.23,new postings,IT Systems & Solutions
2022-04-07,FR,139.5,total postings,IT Systems & Solutions
2022-04-08,FR,175.86,new postings,IT Systems & Solutions
2022-04-08,FR,139.97,total postings,IT Systems & Solutions
2022-04-09,FR,181.91,new postings,IT Systems & Solutions
2022-04-09,FR,140.16,total postings,IT Systems & Solutions
2022-04-10,FR,187.79,new postings,IT Systems & Solutions
2022-04-10,FR,140.42,total postings,IT Systems & Solutions
2022-04-11,FR,193.58,new postings,IT Systems & Solutions
2022-04-11,FR,140.46,total postings,IT Systems & Solutions
2022-04-12,FR,199.02,new postings,IT Systems & Solutions
2022-04-12,FR,140.56,total postings,IT Systems & Solutions
2022-04-13,FR,202.03,new postings,IT Systems & Solutions
2022-04-13,FR,140.75,total postings,IT Systems & Solutions
2022-04-14,FR,204.99,new postings,IT Systems & Solutions
2022-04-14,FR,141.1,total postings,IT Systems & Solutions
2022-04-15,FR,198.92,new postings,IT Systems & Solutions
2022-04-15,FR,141.09,total postings,IT Systems & Solutions
2022-04-16,FR,191.77,new postings,IT Systems & Solutions
2022-04-16,FR,141.31,total postings,IT Systems & Solutions
2022-04-17,FR,184.27,new postings,IT Systems & Solutions
2022-04-17,FR,141.44,total postings,IT Systems & Solutions
2022-04-18,FR,177.1,new postings,IT Systems & Solutions
2022-04-18,FR,141.66,total postings,IT Systems & Solutions
2022-04-19,FR,167.86,new postings,IT Systems & Solutions
2022-04-19,FR,141.48,total postings,IT Systems & Solutions
2022-04-20,FR,160.22,new postings,IT Systems & Solutions
2022-04-20,FR,141.21,total postings,IT Systems & Solutions
2022-04-21,FR,152.78,new postings,IT Systems & Solutions
2022-04-21,FR,140.86,total postings,IT Systems & Solutions
2022-04-22,FR,150.86,new postings,IT Systems & Solutions
2022-04-22,FR,140.41,total postings,IT Systems & Solutions
2022-04-23,FR,150.17,new postings,IT Systems & Solutions
2022-04-23,FR,139.91,total postings,IT Systems & Solutions
2022-04-24,FR,149.73,new postings,IT Systems & Solutions
2022-04-24,FR,139.52,total postings,IT Systems & Solutions
2022-04-25,FR,148.25,new postings,IT Systems & Solutions
2022-04-25,FR,139.09,total postings,IT Systems & Solutions
2022-04-26,FR,152.16,new postings,IT Systems & Solutions
2022-04-26,FR,139.14,total postings,IT Systems & Solutions
2022-04-27,FR,155.69,new postings,IT Systems & Solutions
2022-04-27,FR,139.09,total postings,IT Systems & Solutions
2022-04-28,FR,158.39,new postings,IT Systems & Solutions
2022-04-28,FR,139.24,total postings,IT Systems & Solutions
2022-04-29,FR,161.6,new postings,IT Systems & Solutions
2022-04-29,FR,139.64,total postings,IT Systems & Solutions
2022-04-30,FR,164.8,new postings,IT Systems & Solutions
2022-04-30,FR,139.95,total postings,IT Systems & Solutions
2022-05-01,FR,168.22,new postings,IT Systems & Solutions
2022-05-01,FR,140.05,total postings,IT Systems & Solutions
2022-05-02,FR,174.21,new postings,IT Systems & Solutions
2022-05-02,FR,140.5,total postings,IT Systems & Solutions
2022-05-03,FR,176.18,new postings,IT Systems & Solutions
2022-05-03,FR,140.78,total postings,IT Systems & Solutions
2022-05-04,FR,178.98,new postings,IT Systems & Solutions
2022-05-04,FR,141.03,total postings,IT Systems & Solutions
2022-05-05,FR,184.16,new postings,IT Systems & Solutions
2022-05-05,FR,141.42,total postings,IT Systems & Solutions
2022-05-06,FR,188.79,new postings,IT Systems & Solutions
2022-05-06,FR,141.69,total postings,IT Systems & Solutions
2022-05-07,FR,190.42,new postings,IT Systems & Solutions
2022-05-07,FR,141.71,total postings,IT Systems & Solutions
2022-05-08,FR,193.2,new postings,IT Systems & Solutions
2022-05-08,FR,141.91,total postings,IT Systems & Solutions
2022-05-09,FR,193.48,new postings,IT Systems & Solutions
2022-05-09,FR,141.97,total postings,IT Systems & Solutions
2022-05-10,FR,195.93,new postings,IT Systems & Solutions
2022-05-10,FR,142.07,total postings,IT Systems & Solutions
2022-05-11,FR,197.68,new postings,IT Systems & Solutions
2022-05-11,FR,142.4,total postings,IT Systems & Solutions
2022-05-12,FR,197.12,new postings,IT Systems & Solutions
2022-05-12,FR,142.36,total postings,IT Systems & Solutions
2022-05-13,FR,192.04,new postings,IT Systems & Solutions
2022-05-13,FR,142.04,total postings,IT Systems & Solutions
2022-05-14,FR,191.29,new postings,IT Systems & Solutions
2022-05-14,FR,142.32,total postings,IT Systems & Solutions
2022-05-15,FR,188.17,new postings,IT Systems & Solutions
2022-05-15,FR,142.44,total postings,IT Systems & Solutions
2022-05-16,FR,188.96,new postings,IT Systems & Solutions
2022-05-16,FR,142.47,total postings,IT Systems & Solutions
2022-05-17,FR,187.28,new postings,IT Systems & Solutions
2022-05-17,FR,142.81,total postings,IT Systems & Solutions
2022-05-18,FR,183.42,new postings,IT Systems & Solutions
2022-05-18,FR,143.11,total postings,IT Systems & Solutions
2022-05-19,FR,180.4,new postings,IT Systems & Solutions
2022-05-19,FR,143.63,total postings,IT Systems & Solutions
2022-05-20,FR,181.2,new postings,IT Systems & Solutions
2022-05-20,FR,144.5,total postings,IT Systems & Solutions
2022-05-21,FR,180.22,new postings,IT Systems & Solutions
2022-05-21,FR,144.95,total postings,IT Systems & Solutions
2022-05-22,FR,179.74,new postings,IT Systems & Solutions
2022-05-22,FR,145.57,total postings,IT Systems & Solutions
2022-05-23,FR,175.52,new postings,IT Systems & Solutions
2022-05-23,FR,146.12,total postings,IT Systems & Solutions
2022-05-24,FR,173.45,new postings,IT Systems & Solutions
2022-05-24,FR,146.59,total postings,IT Systems & Solutions
2022-05-25,FR,173.12,new postings,IT Systems & Solutions
2022-05-25,FR,146.93,total postings,IT Systems & Solutions
2022-05-26,FR,173.49,new postings,IT Systems & Solutions
2022-05-26,FR,147.29,total postings,IT Systems & Solutions
2022-05-27,FR,171.25,new postings,IT Systems & Solutions
2022-05-27,FR,147.44,total postings,IT Systems & Solutions
2022-05-28,FR,166.0,new postings,IT Systems & Solutions
2022-05-28,FR,147.26,total postings,IT Systems & Solutions
2022-05-29,FR,161.77,new postings,IT Systems & Solutions
2022-05-29,FR,146.99,total postings,IT Systems & Solutions
2022-05-30,FR,158.59,new postings,IT Systems & Solutions
2022-05-30,FR,146.83,total postings,IT Systems & Solutions
2022-05-31,FR,153.65,new postings,IT Systems & Solutions
2022-05-31,FR,146.5,total postings,IT Systems & Solutions
2022-06-01,FR,149.41,new postings,IT Systems & Solutions
2022-06-01,FR,146.02,total postings,IT Systems & Solutions
2022-06-02,FR,142.58,new postings,IT Systems & Solutions
2022-06-02,FR,145.33,total postings,IT Systems & Solutions
2022-06-03,FR,142.79,new postings,IT Systems & Solutions
2022-06-03,FR,145.08,total postings,IT Systems & Solutions
2022-06-04,FR,146.5,new postings,IT Systems & Solutions
2022-06-04,FR,145.13,total postings,IT Systems & Solutions
2022-06-05,FR,149.69,new postings,IT Systems & Solutions
2022-06-05,FR,145.19,total postings,IT Systems & Solutions
2022-06-06,FR,152.35,new postings,IT Systems & Solutions
2022-06-06,FR,145.24,total postings,IT Systems & Solutions
2022-06-07,FR,153.35,new postings,IT Systems & Solutions
2022-06-07,FR,145.11,total postings,IT Systems & Solutions
2022-06-08,FR,153.78,new postings,IT Systems & Solutions
2022-06-08,FR,145.33,total postings,IT Systems & Solutions
2022-06-09,FR,157.19,new postings,IT Systems & Solutions
2022-06-09,FR,145.6,total postings,IT Systems & Solutions
2022-06-10,FR,157.39,new postings,IT Systems & Solutions
2022-06-10,FR,145.55,total postings,IT Systems & Solutions
2022-06-11,FR,156.35,new postings,IT Systems & Solutions
2022-06-11,FR,145.61,total postings,IT Systems & Solutions
2022-06-12,FR,155.53,new postings,IT Systems & Solutions
2022-06-12,FR,145.75,total postings,IT Systems & Solutions
2022-06-13,FR,155.7,new postings,IT Systems & Solutions
2022-06-13,FR,146.06,total postings,IT Systems & Solutions
2022-06-14,FR,161.84,new postings,IT Systems & Solutions
2022-06-14,FR,146.54,total postings,IT Systems & Solutions
2022-06-15,FR,169.12,new postings,IT Systems & Solutions
2022-06-15,FR,146.66,total postings,IT Systems & Solutions
2022-06-16,FR,173.91,new postings,IT Systems & Solutions
2022-06-16,FR,146.83,total postings,IT Systems & Solutions
2022-06-17,FR,176.44,new postings,IT Systems & Solutions
2022-06-17,FR,147.24,total postings,IT Systems & Solutions
2022-06-18,FR,178.55,new postings,IT Systems & Solutions
2022-06-18,FR,147.51,total postings,IT Systems & Solutions
2022-06-19,FR,181.04,new postings,IT Systems & Solutions
2022-06-19,FR,147.71,total postings,IT Systems & Solutions
2022-06-20,FR,181.84,new postings,IT Systems & Solutions
2022-06-20,FR,147.48,total postings,IT Systems & Solutions
2022-06-21,FR,178.94,new postings,IT Systems & Solutions
2022-06-21,FR,147.46,total postings,IT Systems & Solutions
2022-06-22,FR,175.56,new postings,IT Systems & Solutions
2022-06-22,FR,147.59,total postings,IT Systems & Solutions
2022-06-23,FR,173.1,new postings,IT Systems & Solutions
2022-06-23,FR,147.58,total postings,IT Systems & Solutions
2022-06-24,FR,171.45,new postings,IT Systems & Solutions
2022-06-24,FR,147.42,total postings,IT Systems & Solutions
2022-06-25,FR,169.93,new postings,IT Systems & Solutions
2022-06-25,FR,147.3,total postings,IT Systems & Solutions
2022-06-26,FR,167.76,new postings,IT Systems & Solutions
2022-06-26,FR,147.11,total postings,IT Systems & Solutions
2022-06-27,FR,166.33,new postings,IT Systems & Solutions
2022-06-27,FR,147.52,total postings,IT Systems & Solutions
2022-06-28,FR,166.49,new postings,IT Systems & Solutions
2022-06-28,FR,147.98,total postings,IT Systems & Solutions
2022-06-29,FR,166.41,new postings,IT Systems & Solutions
2022-06-29,FR,148.37,total postings,IT Systems & Solutions
2022-06-30,FR,165.97,new postings,IT Systems & Solutions
2022-06-30,FR,149.0,total postings,IT Systems & Solutions
2022-07-01,FR,166.02,new postings,IT Systems & Solutions
2022-07-01,FR,149.5,total postings,IT Systems & Solutions
2022-07-02,FR,167.38,new postings,IT Systems & Solutions
2022-07-02,FR,150.09,total postings,IT Systems & Solutions
2022-07-03,FR,168.13,new postings,IT Systems & Solutions
2022-07-03,FR,150.62,total postings,IT Systems & Solutions
2022-07-04,FR,168.83,new postings,IT Systems & Solutions
2022-07-04,FR,150.96,total postings,IT Systems & Solutions
2022-07-05,FR,167.93,new postings,IT Systems & Solutions
2022-07-05,FR,151.04,total postings,IT Systems & Solutions
2022-07-06,FR,166.74,new postings,IT Systems & Solutions
2022-07-06,FR,151.06,total postings,IT Systems & Solutions
2022-07-07,FR,166.06,new postings,IT Systems & Solutions
2022-07-07,FR,150.93,total postings,IT Systems & Solutions
2022-07-08,FR,165.12,new postings,IT Systems & Solutions
2022-07-08,FR,150.96,total postings,IT Systems & Solutions
2022-07-09,FR,163.18,new postings,IT Systems & Solutions
2022-07-09,FR,150.86,total postings,IT Systems & Solutions
2022-07-10,FR,172.07,new postings,IT Systems & Solutions
2022-07-10,FR,152.05,total postings,IT Systems & Solutions
2022-07-11,FR,179.14,new postings,IT Systems & Solutions
2022-07-11,FR,153.14,total postings,IT Systems & Solutions
2022-07-12,FR,185.13,new postings,IT Systems & Solutions
2022-07-12,FR,154.15,total postings,IT Systems & Solutions
2022-07-13,FR,191.69,new postings,IT Systems & Solutions
2022-07-13,FR,155.28,total postings,IT Systems & Solutions
2022-07-14,FR,197.92,new postings,IT Systems & Solutions
2022-07-14,FR,156.03,total postings,IT Systems & Solutions
2022-07-15,FR,199.87,new postings,IT Systems & Solutions
2022-07-15,FR,156.07,total postings,IT Systems & Solutions
2022-07-16,FR,201.51,new postings,IT Systems & Solutions
2022-07-16,FR,155.95,total postings,IT Systems & Solutions
2022-07-17,FR,189.29,new postings,IT Systems & Solutions
2022-07-17,FR,154.8,total postings,IT Systems & Solutions
2022-07-18,FR,178.22,new postings,IT Systems & Solutions
2022-07-18,FR,153.22,total postings,IT Systems & Solutions
2022-07-19,FR,169.37,new postings,IT Systems & Solutions
2022-07-19,FR,151.94,total postings,IT Systems & Solutions
2022-07-20,FR,160.13,new postings,IT Systems & Solutions
2022-07-20,FR,150.71,total postings,IT Systems & Solutions
2022-07-21,FR,151.31,new postings,IT Systems & Solutions
2022-07-21,FR,149.79,total postings,IT Systems & Solutions
2022-07-22,FR,149.12,new postings,IT Systems & Solutions
2022-07-22,FR,149.37,total postings,IT Systems & Solutions
2022-07-23,FR,149.57,new postings,IT Systems & Solutions
2022-07-23,FR,148.99,total postings,IT Systems & Solutions
2022-07-24,FR,154.34,new postings,IT Systems & Solutions
2022-07-24,FR,148.89,total postings,IT Systems & Solutions
2022-07-25,FR,159.55,new postings,IT Systems & Solutions
2022-07-25,FR,148.95,total postings,IT Systems & Solutions
2022-07-26,FR,164.42,new postings,IT Systems & Solutions
2022-07-26,FR,148.87,total postings,IT Systems & Solutions
2022-07-27,FR,168.53,new postings,IT Systems & Solutions
2022-07-27,FR,148.67,total postings,IT Systems & Solutions
2022-07-28,FR,172.67,new postings,IT Systems & Solutions
2022-07-28,FR,148.67,total postings,IT Systems & Solutions
2022-07-29,FR,173.26,new postings,IT Systems & Solutions
2022-07-29,FR,148.56,total postings,IT Systems & Solutions
2022-07-30,FR,172.47,new postings,IT Systems & Solutions
2022-07-30,FR,148.7,total postings,IT Systems & Solutions
2022-07-31,FR,171.01,new postings,IT Systems & Solutions
2022-07-31,FR,148.45,total postings,IT Systems & Solutions
2022-08-01,FR,169.53,new postings,IT Systems & Solutions
2022-08-01,FR,148.54,total postings,IT Systems & Solutions
2022-08-02,FR,166.18,new postings,IT Systems & Solutions
2022-08-02,FR,148.49,total postings,IT Systems & Solutions
2022-08-03,FR,164.54,new postings,IT Systems & Solutions
2022-08-03,FR,148.48,total postings,IT Systems & Solutions
2022-08-04,FR,162.6,new postings,IT Systems & Solutions
2022-08-04,FR,147.98,total postings,IT Systems & Solutions
2022-08-05,FR,161.61,new postings,IT Systems & Solutions
2022-08-05,FR,147.91,total postings,IT Systems & Solutions
2022-08-06,FR,160.48,new postings,IT Systems & Solutions
2022-08-06,FR,147.8,total postings,IT Systems & Solutions
2022-08-07,FR,159.92,new postings,IT Systems & Solutions
2022-08-07,FR,147.61,total postings,IT Systems & Solutions
2022-08-08,FR,159.16,new postings,IT Systems & Solutions
2022-08-08,FR,147.36,total postings,IT Systems & Solutions
2022-08-09,FR,161.22,new postings,IT Systems & Solutions
2022-08-09,FR,147.3,total postings,IT Systems & Solutions
2022-08-10,FR,161.47,new postings,IT Systems & Solutions
2022-08-10,FR,147.12,total postings,IT Systems & Solutions
2022-08-11,FR,161.98,new postings,IT Systems & Solutions
2022-08-11,FR,147.28,total postings,IT Systems & Solutions
2022-08-12,FR,162.88,new postings,IT Systems & Solutions
2022-08-12,FR,147.28,total postings,IT Systems & Solutions
2022-08-13,FR,162.74,new postings,IT Systems & Solutions
2022-08-13,FR,147.09,total postings,IT Systems & Solutions
2022-08-14,FR,162.66,new postings,IT Systems & Solutions
2022-08-14,FR,147.11,total postings,IT Systems & Solutions
2022-08-15,FR,163.49,new postings,IT Systems & Solutions
2022-08-15,FR,147.19,total postings,IT Systems & Solutions
2022-08-16,FR,159.4,new postings,IT Systems & Solutions
2022-08-16,FR,147.16,total postings,IT Systems & Solutions
2022-08-17,FR,157.16,new postings,IT Systems & Solutions
2022-08-17,FR,146.92,total postings,IT Systems & Solutions
2022-08-18,FR,155.19,new postings,IT Systems & Solutions
2022-08-18,FR,147.0,total postings,IT Systems & Solutions
2022-08-19,FR,152.83,new postings,IT Systems & Solutions
2022-08-19,FR,146.87,total postings,IT Systems & Solutions
2022-08-20,FR,152.27,new postings,IT Systems & Solutions
2022-08-20,FR,146.78,total postings,IT Systems & Solutions
2022-08-21,FR,150.89,new postings,IT Systems & Solutions
2022-08-21,FR,146.7,total postings,IT Systems & Solutions
2022-08-22,FR,148.81,new postings,IT Systems & Solutions
2022-08-22,FR,146.58,total postings,IT Systems & Solutions
2022-08-23,FR,152.19,new postings,IT Systems & Solutions
2022-08-23,FR,146.53,total postings,IT Systems & Solutions
2022-08-24,FR,155.3,new postings,IT Systems & Solutions
2022-08-24,FR,146.81,total postings,IT Systems & Solutions
2022-08-25,FR,157.5,new postings,IT Systems & Solutions
2022-08-25,FR,146.96,total postings,IT Systems & Solutions
2022-08-26,FR,159.12,new postings,IT Systems & Solutions
2022-08-26,FR,147.15,total postings,IT Systems & Solutions
2022-08-27,FR,161.72,new postings,IT Systems & Solutions
2022-08-27,FR,147.37,total postings,IT Systems & Solutions
2022-08-28,FR,164.31,new postings,IT Systems & Solutions
2022-08-28,FR,147.53,total postings,IT Systems & Solutions
2022-08-29,FR,165.83,new postings,IT Systems & Solutions
2022-08-29,FR,147.39,total postings,IT Systems & Solutions
2022-08-30,FR,166.65,new postings,IT Systems & Solutions
2022-08-30,FR,147.31,total postings,IT Systems & Solutions
2022-08-31,FR,166.71,new postings,IT Systems & Solutions
2022-08-31,FR,147.2,total postings,IT Systems & Solutions
2022-09-01,FR,167.62,new postings,IT Systems & Solutions
2022-09-01,FR,147.0,total postings,IT Systems & Solutions
2022-09-02,FR,169.78,new postings,IT Systems & Solutions
2022-09-02,FR,146.85,total postings,IT Systems & Solutions
2022-09-03,FR,170.83,new postings,IT Systems & Solutions
2022-09-03,FR,146.94,total postings,IT Systems & Solutions
2022-09-04,FR,171.99,new postings,IT Systems & Solutions
2022-09-04,FR,146.94,total postings,IT Systems & Solutions
2022-09-05,FR,173.24,new postings,IT Systems & Solutions
2022-09-05,FR,146.99,total postings,IT Systems & Solutions
2022-09-06,FR,174.15,new postings,IT Systems & Solutions
2022-09-06,FR,147.06,total postings,IT Systems & Solutions
2022-09-07,FR,174.3,new postings,IT Systems & Solutions
2022-09-07,FR,147.11,total postings,IT Systems & Solutions
2022-09-08,FR,175.43,new postings,IT Systems & Solutions
2022-09-08,FR,147.15,total postings,IT Systems & Solutions
2022-09-09,FR,175.11,new postings,IT Systems & Solutions
2022-09-09,FR,147.14,total postings,IT Systems & Solutions
2022-09-10,FR,173.82,new postings,IT Systems & Solutions
2022-09-10,FR,147.16,total postings,IT Systems & Solutions
2022-09-11,FR,173.03,new postings,IT Systems & Solutions
2022-09-11,FR,147.03,total postings,IT Systems & Solutions
2022-09-12,FR,172.92,new postings,IT Systems & Solutions
2022-09-12,FR,147.09,total postings,IT Systems & Solutions
2022-09-13,FR,170.9,new postings,IT Systems & Solutions
2022-09-13,FR,147.0,total postings,IT Systems & Solutions
2022-09-14,FR,169.9,new postings,IT Systems & Solutions
2022-09-14,FR,146.95,total postings,IT Systems & Solutions
2022-09-15,FR,167.37,new postings,IT Systems & Solutions
2022-09-15,FR,147.0,total postings,IT Systems & Solutions
2022-09-16,FR,166.64,new postings,IT Systems & Solutions
2022-09-16,FR,147.08,total postings,IT Systems & Solutions
2022-09-17,FR,166.36,new postings,IT Systems & Solutions
2022-09-17,FR,147.0,total postings,IT Systems & Solutions
2022-09-18,FR,165.77,new postings,IT Systems & Solutions
2022-09-18,FR,146.93,total postings,IT Systems & Solutions
2022-09-19,FR,165.46,new postings,IT Systems & Solutions
2022-09-19,FR,146.86,total postings,IT Systems & Solutions
2022-09-20,FR,166.99,new postings,IT Systems & Solutions
2022-09-20,FR,146.78,total postings,IT Systems & Solutions
2022-09-21,FR,169.64,new postings,IT Systems & Solutions
2022-09-21,FR,146.67,total postings,IT Systems & Solutions
2022-09-22,FR,172.31,new postings,IT Systems & Solutions
2022-09-22,FR,146.46,total postings,IT Systems & Solutions
2022-09-23,FR,173.04,new postings,IT Systems & Solutions
2022-09-23,FR,146.35,total postings,IT Systems & Solutions
2022-09-24,FR,176.0,new postings,IT Systems & Solutions
2022-09-24,FR,146.35,total postings,IT Systems & Solutions
2022-09-25,FR,179.1,new postings,IT Systems & Solutions
2022-09-25,FR,146.59,total postings,IT Systems & Solutions
2022-09-26,FR,182.26,new postings,IT Systems & Solutions
2022-09-26,FR,146.59,total postings,IT Systems & Solutions
2022-09-27,FR,185.64,new postings,IT Systems & Solutions
2022-09-27,FR,146.93,total postings,IT Systems & Solutions
2022-09-28,FR,186.57,new postings,IT Systems & Solutions
2022-09-28,FR,147.22,total postings,IT Systems & Solutions
2022-09-29,FR,188.12,new postings,IT Systems & Solutions
2022-09-29,FR,147.56,total postings,IT Systems & Solutions
2022-09-30,FR,190.31,new postings,IT Systems & Solutions
2022-09-30,FR,147.79,total postings,IT Systems & Solutions
2022-10-01,FR,187.76,new postings,IT Systems & Solutions
2022-10-01,FR,147.94,total postings,IT Systems & Solutions
2022-10-02,FR,185.11,new postings,IT Systems & Solutions
2022-10-02,FR,148.02,total postings,IT Systems & Solutions
2022-10-03,FR,182.33,new postings,IT Systems & Solutions
2022-10-03,FR,148.26,total postings,IT Systems & Solutions
2022-10-04,FR,178.02,new postings,IT Systems & Solutions
2022-10-04,FR,148.2,total postings,IT Systems & Solutions
2022-10-05,FR,175.67,new postings,IT Systems & Solutions
2022-10-05,FR,148.35,total postings,IT Systems & Solutions
2022-10-06,FR,173.43,new postings,IT Systems & Solutions
2022-10-06,FR,148.49,total postings,IT Systems & Solutions
2022-10-07,FR,171.31,new postings,IT Systems & Solutions
2022-10-07,FR,148.64,total postings,IT Systems & Solutions
2022-10-08,FR,171.52,new postings,IT Systems & Solutions
2022-10-08,FR,148.81,total postings,IT Systems & Solutions
2022-10-09,FR,171.46,new postings,IT Systems & Solutions
2022-10-09,FR,148.95,total postings,IT Systems & Solutions
2022-10-10,FR,170.84,new postings,IT Systems & Solutions
2022-10-10,FR,149.06,total postings,IT Systems & Solutions
2022-10-11,FR,171.25,new postings,IT Systems & Solutions
2022-10-11,FR,149.18,total postings,IT Systems & Solutions
2022-10-12,FR,170.84,new postings,IT Systems & Solutions
2022-10-12,FR,149.32,total postings,IT Systems & Solutions
2022-10-13,FR,170.42,new postings,IT Systems & Solutions
2022-10-13,FR,149.42,total postings,IT Systems & Solutions
2022-10-14,FR,169.74,new postings,IT Systems & Solutions
2022-10-14,FR,149.45,total postings,IT Systems & Solutions
2022-10-15,FR,169.79,new postings,IT Systems & Solutions
2022-10-15,FR,149.57,total postings,IT Systems & Solutions
2022-10-16,FR,170.17,new postings,IT Systems & Solutions
2022-10-16,FR,149.71,total postings,IT Systems & Solutions
2022-10-17,FR,171.01,new postings,IT Systems & Solutions
2022-10-17,FR,149.84,total postings,IT Systems & Solutions
2022-10-18,FR,171.35,new postings,IT Systems & Solutions
2022-10-18,FR,150.05,total postings,IT Systems & Solutions
2022-10-19,FR,172.11,new postings,IT Systems & Solutions
2022-10-19,FR,150.09,total postings,IT Systems & Solutions
2022-10-20,FR,172.84,new postings,IT Systems & Solutions
2022-10-20,FR,150.16,total postings,IT Systems & Solutions
2022-10-21,FR,173.48,new postings,IT Systems & Solutions
2022-10-21,FR,150.18,total postings,IT Systems & Solutions
2022-10-22,FR,173.83,new postings,IT Systems & Solutions
2022-10-22,FR,149.81,total postings,IT Systems & Solutions
2022-10-23,FR,174.46,new postings,IT Systems & Solutions
2022-10-23,FR,149.66,total postings,IT Systems & Solutions
2022-10-24,FR,174.98,new postings,IT Systems & Solutions
2022-10-24,FR,149.53,total postings,IT Systems & Solutions
2022-10-25,FR,175.52,new postings,IT Systems & Solutions
2022-10-25,FR,149.08,total postings,IT Systems & Solutions
2022-10-26,FR,174.44,new postings,IT Systems & Solutions
2022-10-26,FR,148.55,total postings,IT Systems & Solutions
2022-10-27,FR,173.4,new postings,IT Systems & Solutions
2022-10-27,FR,148.27,total postings,IT Systems & Solutions
2022-10-28,FR,172.86,new postings,IT Systems & Solutions
2022-10-28,FR,148.01,total postings,IT Systems & Solutions
2022-10-29,FR,171.7,new postings,IT Systems & Solutions
2022-10-29,FR,148.25,total postings,IT Systems & Solutions
2022-10-30,FR,170.82,new postings,IT Systems & Solutions
2022-10-30,FR,148.35,total postings,IT Systems & Solutions
2022-10-31,FR,169.86,new postings,IT Systems & Solutions
2022-10-31,FR,148.54,total postings,IT Systems & Solutions
2022-11-01,FR,167.72,new postings,IT Systems & Solutions
2022-11-01,FR,149.0,total postings,IT Systems & Solutions
2022-11-02,FR,163.58,new postings,IT Systems & Solutions
2022-11-02,FR,149.58,total postings,IT Systems & Solutions
2022-11-03,FR,159.23,new postings,IT Systems & Solutions
2022-11-03,FR,149.76,total postings,IT Systems & Solutions
2022-11-04,FR,153.8,new postings,IT Systems & Solutions
2022-11-04,FR,150.04,total postings,IT Systems & Solutions
2022-11-05,FR,149.35,new postings,IT Systems & Solutions
2022-11-05,FR,150.2,total postings,IT Systems & Solutions
2022-11-06,FR,144.06,new postings,IT Systems & Solutions
2022-11-06,FR,150.23,total postings,IT Systems & Solutions
2022-11-07,FR,139.28,new postings,IT Systems & Solutions
2022-11-07,FR,150.17,total postings,IT Systems & Solutions
2022-11-08,FR,137.97,new postings,IT Systems & Solutions
2022-11-08,FR,150.19,total postings,IT Systems & Solutions
2022-11-09,FR,142.51,new postings,IT Systems & Solutions
2022-11-09,FR,150.36,total postings,IT Systems & Solutions
2022-11-10,FR,147.56,new postings,IT Systems & Solutions
2022-11-10,FR,150.61,total postings,IT Systems & Solutions
2022-11-11,FR,154.3,new postings,IT Systems & Solutions
2022-11-11,FR,150.78,total postings,IT Systems & Solutions
2022-11-12,FR,157.65,new postings,IT Systems & Solutions
2022-11-12,FR,150.9,total postings,IT Systems & Solutions
2022-11-13,FR,161.19,new postings,IT Systems & Solutions
2022-11-13,FR,151.04,total postings,IT Systems & Solutions
2022-11-14,FR,164.71,new postings,IT Systems & Solutions
2022-11-14,FR,151.21,total postings,IT Systems & Solutions
2022-11-15,FR,166.5,new postings,IT Systems & Solutions
2022-11-15,FR,151.31,total postings,IT Systems & Solutions
2022-11-16,FR,165.63,new postings,IT Systems & Solutions
2022-11-16,FR,151.0,total postings,IT Systems & Solutions
2022-11-17,FR,164.11,new postings,IT Systems & Solutions
2022-11-17,FR,150.76,total postings,IT Systems & Solutions
2022-11-18,FR,160.61,new postings,IT Systems & Solutions
2022-11-18,FR,150.49,total postings,IT Systems & Solutions
2022-11-19,FR,163.35,new postings,IT Systems & Solutions
2022-11-19,FR,150.23,total postings,IT Systems & Solutions
2022-11-20,FR,165.62,new postings,IT Systems & Solutions
2022-11-20,FR,150.02,total postings,IT Systems & Solutions
2022-11-21,FR,167.07,new postings,IT Systems & Solutions
2022-11-21,FR,149.67,total postings,IT Systems & Solutions
2022-11-22,FR,168.4,new postings,IT Systems & Solutions
2022-11-22,FR,149.35,total postings,IT Systems & Solutions
2022-11-23,FR,169.4,new postings,IT Systems & Solutions
2022-11-23,FR,149.17,total postings,IT Systems & Solutions
2022-11-24,FR,171.47,new postings,IT Systems & Solutions
2022-11-24,FR,149.08,total postings,IT Systems & Solutions
2022-11-25,FR,174.84,new postings,IT Systems & Solutions
2022-11-25,FR,149.03,total postings,IT Systems & Solutions
2022-11-26,FR,176.53,new postings,IT Systems & Solutions
2022-11-26,FR,149.29,total postings,IT Systems & Solutions
2022-11-27,FR,180.1,new postings,IT Systems & Solutions
2022-11-27,FR,149.51,total postings,IT Systems & Solutions
2022-11-28,FR,186.06,new postings,IT Systems & Solutions
2022-11-28,FR,150.05,total postings,IT Systems & Solutions
2022-11-29,FR,191.19,new postings,IT Systems & Solutions
2022-11-29,FR,150.14,total postings,IT Systems & Solutions
2022-11-30,FR,198.7,new postings,IT Systems & Solutions
2022-11-30,FR,150.77,total postings,IT Systems & Solutions
2022-12-01,FR,203.48,new postings,IT Systems & Solutions
2022-12-01,FR,151.07,total postings,IT Systems & Solutions
2022-12-02,FR,208.46,new postings,IT Systems & Solutions
2022-12-02,FR,151.81,total postings,IT Systems & Solutions
2022-12-03,FR,211.5,new postings,IT Systems & Solutions
2022-12-03,FR,152.19,total postings,IT Systems & Solutions
2022-12-04,FR,212.97,new postings,IT Systems & Solutions
2022-12-04,FR,152.66,total postings,IT Systems & Solutions
2022-12-05,FR,209.68,new postings,IT Systems & Solutions
2022-12-05,FR,152.85,total postings,IT Systems & Solutions
2022-12-06,FR,207.9,new postings,IT Systems & Solutions
2022-12-06,FR,153.65,total postings,IT Systems & Solutions
2022-12-07,FR,202.54,new postings,IT Systems & Solutions
2022-12-07,FR,154.05,total postings,IT Systems & Solutions
2022-12-08,FR,199.72,new postings,IT Systems & Solutions
2022-12-08,FR,154.69,total postings,IT Systems & Solutions
2022-12-09,FR,197.46,new postings,IT Systems & Solutions
2022-12-09,FR,154.99,total postings,IT Systems & Solutions
2022-12-10,FR,194.5,new postings,IT Systems & Solutions
2022-12-10,FR,155.4,total postings,IT Systems & Solutions
2022-12-11,FR,190.69,new postings,IT Systems & Solutions
2022-12-11,FR,155.52,total postings,IT Systems & Solutions
2022-12-12,FR,191.6,new postings,IT Systems & Solutions
2022-12-12,FR,156.19,total postings,IT Systems & Solutions
2022-12-13,FR,192.57,new postings,IT Systems & Solutions
2022-12-13,FR,156.77,total postings,IT Systems & Solutions
2022-12-14,FR,194.77,new postings,IT Systems & Solutions
2022-12-14,FR,157.08,total postings,IT Systems & Solutions
2022-12-15,FR,195.37,new postings,IT Systems & Solutions
2022-12-15,FR,157.27,total postings,IT Systems & Solutions
2022-12-16,FR,193.95,new postings,IT Systems & Solutions
2022-12-16,FR,157.31,total postings,IT Systems & Solutions
2022-12-17,FR,193.51,new postings,IT Systems & Solutions
2022-12-17,FR,157.51,total postings,IT Systems & Solutions
2022-12-18,FR,192.54,new postings,IT Systems & Solutions
2022-12-18,FR,157.68,total postings,IT Systems & Solutions
2022-12-19,FR,189.05,new postings,IT Systems & Solutions
2022-12-19,FR,157.53,total postings,IT Systems & Solutions
2022-12-20,FR,183.86,new postings,IT Systems & Solutions
2022-12-20,FR,157.37,total postings,IT Systems & Solutions
2022-12-21,FR,179.51,new postings,IT Systems & Solutions
2022-12-21,FR,157.45,total postings,IT Systems & Solutions
2022-12-22,FR,176.06,new postings,IT Systems & Solutions
2022-12-22,FR,157.67,total postings,IT Systems & Solutions
2022-12-23,FR,173.16,new postings,IT Systems & Solutions
2022-12-23,FR,157.92,total postings,IT Systems & Solutions
2022-12-24,FR,170.06,new postings,IT Systems & Solutions
2022-12-24,FR,158.1,total postings,IT Systems & Solutions
2022-12-25,FR,169.77,new postings,IT Systems & Solutions
2022-12-25,FR,158.54,total postings,IT Systems & Solutions
2022-12-26,FR,172.44,new postings,IT Systems & Solutions
2022-12-26,FR,158.99,total postings,IT Systems & Solutions
2022-12-27,FR,175.84,new postings,IT Systems & Solutions
2022-12-27,FR,159.26,total postings,IT Systems & Solutions
2022-12-28,FR,177.49,new postings,IT Systems & Solutions
2022-12-28,FR,159.54,total postings,IT Systems & Solutions
2022-12-29,FR,178.05,new postings,IT Systems & Solutions
2022-12-29,FR,159.72,total postings,IT Systems & Solutions
2022-12-30,FR,178.44,new postings,IT Systems & Solutions
2022-12-30,FR,159.99,total postings,IT Systems & Solutions
2022-12-31,FR,178.4,new postings,IT Systems & Solutions
2022-12-31,FR,160.17,total postings,IT Systems & Solutions
2023-01-01,FR,177.42,new postings,IT Systems & Solutions
2023-01-01,FR,160.27,total postings,IT Systems & Solutions
2023-01-02,FR,173.07,new postings,IT Systems & Solutions
2023-01-02,FR,160.28,total postings,IT Systems & Solutions
2023-01-03,FR,168.76,new postings,IT Systems & Solutions
2023-01-03,FR,160.55,total postings,IT Systems & Solutions
2023-01-04,FR,166.66,new postings,IT Systems & Solutions
2023-01-04,FR,160.69,total postings,IT Systems & Solutions
2023-01-05,FR,170.16,new postings,IT Systems & Solutions
2023-01-05,FR,160.86,total postings,IT Systems & Solutions
2023-01-06,FR,175.32,new postings,IT Systems & Solutions
2023-01-06,FR,161.07,total postings,IT Systems & Solutions
2023-01-07,FR,182.08,new postings,IT Systems & Solutions
2023-01-07,FR,161.1,total postings,IT Systems & Solutions
2023-01-08,FR,186.55,new postings,IT Systems & Solutions
2023-01-08,FR,161.16,total postings,IT Systems & Solutions
2023-01-09,FR,190.16,new postings,IT Systems & Solutions
2023-01-09,FR,161.15,total postings,IT Systems & Solutions
2023-01-10,FR,193.67,new postings,IT Systems & Solutions
2023-01-10,FR,160.99,total postings,IT Systems & Solutions
2023-01-11,FR,194.83,new postings,IT Systems & Solutions
2023-01-11,FR,160.77,total postings,IT Systems & Solutions
2023-01-12,FR,191.24,new postings,IT Systems & Solutions
2023-01-12,FR,160.84,total postings,IT Systems & Solutions
2023-01-13,FR,187.17,new postings,IT Systems & Solutions
2023-01-13,FR,161.0,total postings,IT Systems & Solutions
2023-01-14,FR,182.08,new postings,IT Systems & Solutions
2023-01-14,FR,161.01,total postings,IT Systems & Solutions
2023-01-15,FR,178.88,new postings,IT Systems & Solutions
2023-01-15,FR,161.13,total postings,IT Systems & Solutions
2023-01-16,FR,178.39,new postings,IT Systems & Solutions
2023-01-16,FR,161.18,total postings,IT Systems & Solutions
2023-01-17,FR,178.43,new postings,IT Systems & Solutions
2023-01-17,FR,161.17,total postings,IT Systems & Solutions
2023-01-18,FR,179.13,new postings,IT Systems & Solutions
2023-01-18,FR,161.43,total postings,IT Systems & Solutions
2023-01-19,FR,180.49,new postings,IT Systems & Solutions
2023-01-19,FR,161.3,total postings,IT Systems & Solutions
2023-01-20,FR,182.5,new postings,IT Systems & Solutions
2023-01-20,FR,161.1,total postings,IT Systems & Solutions
2023-01-21,FR,183.22,new postings,IT Systems & Solutions
2023-01-21,FR,161.2,total postings,IT Systems & Solutions
2023-01-22,FR,184.56,new postings,IT Systems & Solutions
2023-01-22,FR,161.26,total postings,IT Systems & Solutions
2023-01-23,FR,184.06,new postings,IT Systems & Solutions
2023-01-23,FR,161.14,total postings,IT Systems & Solutions
2023-01-24,FR,183.83,new postings,IT Systems & Solutions
2023-01-24,FR,160.71,total postings,IT Systems & Solutions
2023-01-25,FR,184.91,new postings,IT Systems & Solutions
2023-01-25,FR,159.93,total postings,IT Systems & Solutions
2023-01-26,FR,186.24,new postings,IT Systems & Solutions
2023-01-26,FR,158.98,total postings,IT Systems & Solutions
2023-01-27,FR,185.31,new postings,IT Systems & Solutions
2023-01-27,FR,158.11,total postings,IT Systems & Solutions
2023-01-28,FR,184.49,new postings,IT Systems & Solutions
2023-01-28,FR,157.06,total postings,IT Systems & Solutions
2023-01-29,FR,183.26,new postings,IT Systems & Solutions
2023-01-29,FR,156.03,total postings,IT Systems & Solutions
2023-01-30,FR,182.93,new postings,IT Systems & Solutions
2023-01-30,FR,154.99,total postings,IT Systems & Solutions
2023-01-31,FR,181.49,new postings,IT Systems & Solutions
2023-01-31,FR,154.54,total postings,IT Systems & Solutions
2023-02-01,FR,183.45,new postings,IT Systems & Solutions
2023-02-01,FR,154.61,total postings,IT Systems & Solutions
2023-02-02,FR,184.93,new postings,IT Systems & Solutions
2023-02-02,FR,155.0,total postings,IT Systems & Solutions
2023-02-03,FR,186.65,new postings,IT Systems & Solutions
2023-02-03,FR,155.24,total postings,IT Systems & Solutions
2023-02-04,FR,191.15,new postings,IT Systems & Solutions
2023-02-04,FR,155.64,total postings,IT Systems & Solutions
2023-02-05,FR,193.27,new postings,IT Systems & Solutions
2023-02-05,FR,155.82,total postings,IT Systems & Solutions
2023-02-06,FR,196.67,new postings,IT Systems & Solutions
2023-02-06,FR,156.15,total postings,IT Systems & Solutions
2023-02-07,FR,201.81,new postings,IT Systems & Solutions
2023-02-07,FR,156.59,total postings,IT Systems & Solutions
2023-02-08,FR,201.09,new postings,IT Systems & Solutions
2023-02-08,FR,156.25,total postings,IT Systems & Solutions
2023-02-09,FR,200.04,new postings,IT Systems & Solutions
2023-02-09,FR,156.0,total postings,IT Systems & Solutions
2023-02-10,FR,199.57,new postings,IT Systems & Solutions
2023-02-10,FR,155.75,total postings,IT Systems & Solutions
2023-02-11,FR,196.33,new postings,IT Systems & Solutions
2023-02-11,FR,155.51,total postings,IT Systems & Solutions
2023-02-12,FR,194.94,new postings,IT Systems & Solutions
2023-02-12,FR,155.31,total postings,IT Systems & Solutions
2023-02-13,FR,193.53,new postings,IT Systems & Solutions
2023-02-13,FR,155.21,total postings,IT Systems & Solutions
2023-02-14,FR,190.8,new postings,IT Systems & Solutions
2023-02-14,FR,154.93,total postings,IT Systems & Solutions
2023-02-15,FR,190.49,new postings,IT Systems & Solutions
2023-02-15,FR,154.78,total postings,IT Systems & Solutions
2023-02-16,FR,190.8,new postings,IT Systems & Solutions
2023-02-16,FR,154.58,total postings,IT Systems & Solutions
2023-02-17,FR,191.24,new postings,IT Systems & Solutions
2023-02-17,FR,154.32,total postings,IT Systems & Solutions
2023-02-18,FR,193.53,new postings,IT Systems & Solutions
2023-02-18,FR,154.06,total postings,IT Systems & Solutions
2023-02-19,FR,196.57,new postings,IT Systems & Solutions
2023-02-19,FR,154.12,total postings,IT Systems & Solutions
2023-02-20,FR,197.85,new postings,IT Systems & Solutions
2023-02-20,FR,154.12,total postings,IT Systems & Solutions
2023-02-21,FR,197.16,new postings,IT Systems & Solutions
2023-02-21,FR,154.05,total postings,IT Systems & Solutions
2023-02-22,FR,194.46,new postings,IT Systems & Solutions
2023-02-22,FR,154.15,total postings,IT Systems & Solutions
2023-02-23,FR,191.33,new postings,IT Systems & Solutions
2023-02-23,FR,154.32,total postings,IT Systems & Solutions
2023-02-24,FR,187.88,new postings,IT Systems & Solutions
2023-02-24,FR,154.29,total postings,IT Systems & Solutions
2023-02-25,FR,182.15,new postings,IT Systems & Solutions
2023-02-25,FR,154.22,total postings,IT Systems & Solutions
2023-02-26,FR,176.43,new postings,IT Systems & Solutions
2023-02-26,FR,153.94,total postings,IT Systems & Solutions
2023-02-27,FR,170.94,new postings,IT Systems & Solutions
2023-02-27,FR,153.68,total postings,IT Systems & Solutions
2023-02-28,FR,167.85,new postings,IT Systems & Solutions
2023-02-28,FR,153.43,total postings,IT Systems & Solutions
2023-03-01,FR,166.18,new postings,IT Systems & Solutions
2023-03-01,FR,153.27,total postings,IT Systems & Solutions
2023-03-02,FR,165.63,new postings,IT Systems & Solutions
2023-03-02,FR,153.06,total postings,IT Systems & Solutions
2023-03-03,FR,166.56,new postings,IT Systems & Solutions
2023-03-03,FR,153.06,total postings,IT Systems & Solutions
2023-03-04,FR,168.17,new postings,IT Systems & Solutions
2023-03-04,FR,153.05,total postings,IT Systems & Solutions
2023-03-05,FR,168.94,new postings,IT Systems & Solutions
2023-03-05,FR,153.18,total postings,IT Systems & Solutions
2023-03-06,FR,170.03,new postings,IT Systems & Solutions
2023-03-06,FR,153.24,total postings,IT Systems & Solutions
2023-03-07,FR,171.67,new postings,IT Systems & Solutions
2023-03-07,FR,153.3,total postings,IT Systems & Solutions
2023-03-08,FR,173.85,new postings,IT Systems & Solutions
2023-03-08,FR,153.4,total postings,IT Systems & Solutions
2023-03-09,FR,174.98,new postings,IT Systems & Solutions
2023-03-09,FR,153.63,total postings,IT Systems & Solutions
2023-03-10,FR,176.29,new postings,IT Systems & Solutions
2023-03-10,FR,154.17,total postings,IT Systems & Solutions
2023-03-11,FR,178.96,new postings,IT Systems & Solutions
2023-03-11,FR,154.84,total postings,IT Systems & Solutions
2023-03-12,FR,182.38,new postings,IT Systems & Solutions
2023-03-12,FR,155.41,total postings,IT Systems & Solutions
2023-03-13,FR,185.59,new postings,IT Systems & Solutions
2023-03-13,FR,155.99,total postings,IT Systems & Solutions
2023-03-14,FR,186.84,new postings,IT Systems & Solutions
2023-03-14,FR,156.71,total postings,IT Systems & Solutions
2023-03-15,FR,186.86,new postings,IT Systems & Solutions
2023-03-15,FR,157.46,total postings,IT Systems & Solutions
2023-03-16,FR,186.76,new postings,IT Systems & Solutions
2023-03-16,FR,158.0,total postings,IT Systems & Solutions
2023-03-17,FR,187.28,new postings,IT Systems & Solutions
2023-03-17,FR,158.34,total postings,IT Systems & Solutions
2023-03-18,FR,186.51,new postings,IT Systems & Solutions
2023-03-18,FR,158.62,total postings,IT Systems & Solutions
2023-03-19,FR,186.87,new postings,IT Systems & Solutions
2023-03-19,FR,158.95,total postings,IT Systems & Solutions
2023-03-20,FR,187.72,new postings,IT Systems & Solutions
2023-03-20,FR,159.4,total postings,IT Systems & Solutions
2023-03-21,FR,190.93,new postings,IT Systems & Solutions
2023-03-21,FR,159.88,total postings,IT Systems & Solutions
2023-03-22,FR,194.86,new postings,IT Systems & Solutions
2023-03-22,FR,159.13,total postings,IT Systems & Solutions
2023-03-23,FR,198.05,new postings,IT Systems & Solutions
2023-03-23,FR,158.81,total postings,IT Systems & Solutions
2023-03-24,FR,199.68,new postings,IT Systems & Solutions
2023-03-24,FR,158.65,total postings,IT Systems & Solutions
2023-03-25,FR,201.27,new postings,IT Systems & Solutions
2023-03-25,FR,158.58,total postings,IT Systems & Solutions
2023-03-26,FR,201.04,new postings,IT Systems & Solutions
2023-03-26,FR,158.46,total postings,IT Systems & Solutions
2023-03-27,FR,200.91,new postings,IT Systems & Solutions
2023-03-27,FR,158.36,total postings,IT Systems & Solutions
2023-03-28,FR,198.77,new postings,IT Systems & Solutions
2023-03-28,FR,157.68,total postings,IT Systems & Solutions
2023-03-29,FR,197.61,new postings,IT Systems & Solutions
2023-03-29,FR,158.31,total postings,IT Systems & Solutions
2023-03-30,FR,196.3,new postings,IT Systems & Solutions
2023-03-30,FR,158.42,total postings,IT Systems & Solutions
2023-03-31,FR,195.34,new postings,IT Systems & Solutions
2023-03-31,FR,158.33,total postings,IT Systems & Solutions
2023-04-01,FR,193.67,new postings,IT Systems & Solutions
2023-04-01,FR,157.95,total postings,IT Systems & Solutions
2023-04-02,FR,191.45,new postings,IT Systems & Solutions
2023-04-02,FR,157.5,total postings,IT Systems & Solutions
2023-04-03,FR,188.75,new postings,IT Systems & Solutions
2023-04-03,FR,156.99,total postings,IT Systems & Solutions
2023-04-04,FR,186.33,new postings,IT Systems & Solutions
2023-04-04,FR,156.89,total postings,IT Systems & Solutions
2023-04-05,FR,184.53,new postings,IT Systems & Solutions
2023-04-05,FR,156.54,total postings,IT Systems & Solutions
2023-04-06,FR,181.93,new postings,IT Systems & Solutions
2023-04-06,FR,156.31,total postings,IT Systems & Solutions
2023-04-07,FR,180.54,new postings,IT Systems & Solutions
2023-04-07,FR,156.16,total postings,IT Systems & Solutions
2023-04-08,FR,180.57,new postings,IT Systems & Solutions
2023-04-08,FR,156.11,total postings,IT Systems & Solutions
2023-04-09,FR,181.83,new postings,IT Systems & Solutions
2023-04-09,FR,156.07,total postings,IT Systems & Solutions
2023-04-10,FR,184.92,new postings,IT Systems & Solutions
2023-04-10,FR,156.22,total postings,IT Systems & Solutions
2023-04-11,FR,184.83,new postings,IT Systems & Solutions
2023-04-11,FR,156.14,total postings,IT Systems & Solutions
2023-04-12,FR,181.28,new postings,IT Systems & Solutions
2023-04-12,FR,156.23,total postings,IT Systems & Solutions
2023-04-13,FR,179.46,new postings,IT Systems & Solutions
2023-04-13,FR,156.46,total postings,IT Systems & Solutions
2023-04-14,FR,176.06,new postings,IT Systems & Solutions
2023-04-14,FR,156.55,total postings,IT Systems & Solutions
2023-04-15,FR,174.57,new postings,IT Systems & Solutions
2023-04-15,FR,156.64,total postings,IT Systems & Solutions
2023-04-16,FR,172.77,new postings,IT Systems & Solutions
2023-04-16,FR,157.04,total postings,IT Systems & Solutions
2023-04-17,FR,168.76,new postings,IT Systems & Solutions
2023-04-17,FR,156.99,total postings,IT Systems & Solutions
2023-04-18,FR,172.16,new postings,IT Systems & Solutions
2023-04-18,FR,156.85,total postings,IT Systems & Solutions
2023-04-19,FR,176.08,new postings,IT Systems & Solutions
2023-04-19,FR,156.51,total postings,IT Systems & Solutions
2023-04-20,FR,180.25,new postings,IT Systems & Solutions
2023-04-20,FR,156.06,total postings,IT Systems & Solutions
2023-04-21,FR,185.83,new postings,IT Systems & Solutions
2023-04-21,FR,155.61,total postings,IT Systems & Solutions
2023-04-22,FR,188.77,new postings,IT Systems & Solutions
2023-04-22,FR,155.39,total postings,IT Systems & Solutions
2023-04-23,FR,191.36,new postings,IT Systems & Solutions
2023-04-23,FR,154.89,total postings,IT Systems & Solutions
2023-04-24,FR,195.45,new postings,IT Systems & Solutions
2023-04-24,FR,154.73,total postings,IT Systems & Solutions
2023-04-25,FR,193.51,new postings,IT Systems & Solutions
2023-04-25,FR,154.68,total postings,IT Systems & Solutions
2023-04-26,FR,192.23,new postings,IT Systems & Solutions
2023-04-26,FR,154.36,total postings,IT Systems & Solutions
2023-04-27,FR,190.05,new postings,IT Systems & Solutions
2023-04-27,FR,153.94,total postings,IT Systems & Solutions
2023-04-28,FR,186.09,new postings,IT Systems & Solutions
2023-04-28,FR,153.69,total postings,IT Systems & Solutions
2023-04-29,FR,182.88,new postings,IT Systems & Solutions
2023-04-29,FR,153.06,total postings,IT Systems & Solutions
2023-04-30,FR,179.62,new postings,IT Systems & Solutions
2023-04-30,FR,152.34,total postings,IT Systems & Solutions
2023-05-01,FR,176.08,new postings,IT Systems & Solutions
2023-05-01,FR,151.6,total postings,IT Systems & Solutions
2023-05-02,FR,171.73,new postings,IT Systems & Solutions
2023-05-02,FR,150.87,total postings,IT Systems & Solutions
2023-05-03,FR,167.13,new postings,IT Systems & Solutions
2023-05-03,FR,150.69,total postings,IT Systems & Solutions
2023-05-04,FR,163.59,new postings,IT Systems & Solutions
2023-05-04,FR,150.46,total postings,IT Systems & Solutions
2023-05-05,FR,160.71,new postings,IT Systems & Solutions
2023-05-05,FR,150.21,total postings,IT Systems & Solutions
2023-05-06,FR,158.72,new postings,IT Systems & Solutions
2023-05-06,FR,149.94,total postings,IT Systems & Solutions
2023-05-07,FR,155.33,new postings,IT Systems & Solutions
2023-05-07,FR,149.63,total postings,IT Systems & Solutions
2023-05-08,FR,152.95,new postings,IT Systems & Solutions
2023-05-08,FR,149.26,total postings,IT Systems & Solutions
2023-05-09,FR,153.29,new postings,IT Systems & Solutions
2023-05-09,FR,148.88,total postings,IT Systems & Solutions
2023-05-10,FR,155.96,new postings,IT Systems & Solutions
2023-05-10,FR,148.31,total postings,IT Systems & Solutions
2023-05-11,FR,159.11,new postings,IT Systems & Solutions
2023-05-11,FR,148.1,total postings,IT Systems & Solutions
2023-05-12,FR,160.46,new postings,IT Systems & Solutions
2023-05-12,FR,147.7,total postings,IT Systems & Solutions
2023-05-13,FR,161.0,new postings,IT Systems & Solutions
2023-05-13,FR,147.63,total postings,IT Systems & Solutions
2023-05-14,FR,164.07,new postings,IT Systems & Solutions
2023-05-14,FR,147.72,total postings,IT Systems & Solutions
2023-05-15,FR,165.07,new postings,IT Systems & Solutions
2023-05-15,FR,147.65,total postings,IT Systems & Solutions
2023-05-16,FR,174.19,new postings,IT Systems & Solutions
2023-05-16,FR,147.99,total postings,IT Systems & Solutions
2023-05-17,FR,179.19,new postings,IT Systems & Solutions
2023-05-17,FR,148.36,total postings,IT Systems & Solutions
2023-05-18,FR,180.09,new postings,IT Systems & Solutions
2023-05-18,FR,148.67,total postings,IT Systems & Solutions
2023-05-19,FR,180.34,new postings,IT Systems & Solutions
2023-05-19,FR,148.86,total postings,IT Systems & Solutions
2023-05-20,FR,177.34,new postings,IT Systems & Solutions
2023-05-20,FR,148.64,total postings,IT Systems & Solutions
2023-05-21,FR,173.88,new postings,IT Systems & Solutions
2023-05-21,FR,148.68,total postings,IT Systems & Solutions
2023-05-22,FR,170.04,new postings,IT Systems & Solutions
2023-05-22,FR,148.7,total postings,IT Systems & Solutions
2023-05-23,FR,156.8,new postings,IT Systems & Solutions
2023-05-23,FR,148.2,total postings,IT Systems & Solutions
2023-05-24,FR,147.68,new postings,IT Systems & Solutions
2023-05-24,FR,147.79,total postings,IT Systems & Solutions
2023-05-25,FR,142.05,new postings,IT Systems & Solutions
2023-05-25,FR,147.17,total postings,IT Systems & Solutions
2023-05-26,FR,142.38,new postings,IT Systems & Solutions
2023-05-26,FR,146.79,total postings,IT Systems & Solutions
2023-05-27,FR,147.65,new postings,IT Systems & Solutions
2023-05-27,FR,146.81,total postings,IT Systems & Solutions
2023-05-28,FR,151.68,new postings,IT Systems & Solutions
2023-05-28,FR,146.24,total postings,IT Systems & Solutions
2023-05-29,FR,157.46,new postings,IT Systems & Solutions
2023-05-29,FR,145.93,total postings,IT Systems & Solutions
2023-05-30,FR,162.48,new postings,IT Systems & Solutions
2023-05-30,FR,145.76,total postings,IT Systems & Solutions
2023-05-31,FR,166.28,new postings,IT Systems & Solutions
2023-05-31,FR,145.41,total postings,IT Systems & Solutions
2023-06-01,FR,170.18,new postings,IT Systems & Solutions
2023-06-01,FR,145.16,total postings,IT Systems & Solutions
2023-06-02,FR,169.12,new postings,IT Systems & Solutions
2023-06-02,FR,144.71,total postings,IT Systems & Solutions
2023-06-03,FR,167.06,new postings,IT Systems & Solutions
2023-06-03,FR,144.23,total postings,IT Systems & Solutions
2023-06-04,FR,163.32,new postings,IT Systems & Solutions
2023-06-04,FR,144.0,total postings,IT Systems & Solutions
2023-06-05,FR,158.72,new postings,IT Systems & Solutions
2023-06-05,FR,143.64,total postings,IT Systems & Solutions
2023-06-06,FR,162.88,new postings,IT Systems & Solutions
2023-06-06,FR,143.38,total postings,IT Systems & Solutions
2023-06-07,FR,167.17,new postings,IT Systems & Solutions
2023-06-07,FR,143.24,total postings,IT Systems & Solutions
2023-06-08,FR,170.0,new postings,IT Systems & Solutions
2023-06-08,FR,143.13,total postings,IT Systems & Solutions
2023-06-09,FR,174.96,new postings,IT Systems & Solutions
2023-06-09,FR,143.1,total postings,IT Systems & Solutions
2023-06-10,FR,179.02,new postings,IT Systems & Solutions
2023-06-10,FR,142.91,total postings,IT Systems & Solutions
2023-06-11,FR,185.86,new postings,IT Systems & Solutions
2023-06-11,FR,142.74,total postings,IT Systems & Solutions
2023-06-12,FR,192.84,new postings,IT Systems & Solutions
2023-06-12,FR,142.58,total postings,IT Systems & Solutions
2023-06-13,FR,189.88,new postings,IT Systems & Solutions
2023-06-13,FR,142.52,total postings,IT Systems & Solutions
2023-06-14,FR,188.14,new postings,IT Systems & Solutions
2023-06-14,FR,142.45,total postings,IT Systems & Solutions
2023-06-15,FR,188.4,new postings,IT Systems & Solutions
2023-06-15,FR,142.18,total postings,IT Systems & Solutions
2023-06-16,FR,187.3,new postings,IT Systems & Solutions
2023-06-16,FR,141.86,total postings,IT Systems & Solutions
2023-06-17,FR,188.15,new postings,IT Systems & Solutions
2023-06-17,FR,141.74,total postings,IT Systems & Solutions
2023-06-18,FR,187.57,new postings,IT Systems & Solutions
2023-06-18,FR,141.58,total postings,IT Systems & Solutions
2023-06-19,FR,187.14,new postings,IT Systems & Solutions
2023-06-19,FR,141.41,total postings,IT Systems & Solutions
2023-06-20,FR,190.76,new postings,IT Systems & Solutions
2023-06-20,FR,141.17,total postings,IT Systems & Solutions
2023-06-21,FR,194.19,new postings,IT Systems & Solutions
2023-06-21,FR,141.02,total postings,IT Systems & Solutions
2023-06-22,FR,197.12,new postings,IT Systems & Solutions
2023-06-22,FR,141.18,total postings,IT Systems & Solutions
2023-06-23,FR,198.4,new postings,IT Systems & Solutions
2023-06-23,FR,141.39,total postings,IT Systems & Solutions
2023-06-24,FR,194.47,new postings,IT Systems & Solutions
2023-06-24,FR,141.48,total postings,IT Systems & Solutions
2023-06-25,FR,191.89,new postings,IT Systems & Solutions
2023-06-25,FR,141.49,total postings,IT Systems & Solutions
2023-06-26,FR,189.25,new postings,IT Systems & Solutions
2023-06-26,FR,141.53,total postings,IT Systems & Solutions
2023-06-27,FR,185.65,new postings,IT Systems & Solutions
2023-06-27,FR,141.52,total postings,IT Systems & Solutions
2023-06-28,FR,179.73,new postings,IT Systems & Solutions
2023-06-28,FR,141.52,total postings,IT Systems & Solutions
2023-06-29,FR,172.03,new postings,IT Systems & Solutions
2023-06-29,FR,141.3,total postings,IT Systems & Solutions
2023-06-30,FR,166.73,new postings,IT Systems & Solutions
2023-06-30,FR,141.01,total postings,IT Systems & Solutions
2023-07-01,FR,166.15,new postings,IT Systems & Solutions
2023-07-01,FR,140.78,total postings,IT Systems & Solutions
2023-07-02,FR,165.06,new postings,IT Systems & Solutions
2023-07-02,FR,140.65,total postings,IT Systems & Solutions
2023-07-03,FR,163.38,new postings,IT Systems & Solutions
2023-07-03,FR,140.46,total postings,IT Systems & Solutions
2023-07-04,FR,162.32,new postings,IT Systems & Solutions
2023-07-04,FR,140.36,total postings,IT Systems & Solutions
2023-07-05,FR,162.25,new postings,IT Systems & Solutions
2023-07-05,FR,140.41,total postings,IT Systems & Solutions
2023-07-06,FR,163.26,new postings,IT Systems & Solutions
2023-07-06,FR,140.39,total postings,IT Systems & Solutions
2023-07-07,FR,163.78,new postings,IT Systems & Solutions
2023-07-07,FR,140.5,total postings,IT Systems & Solutions
2023-07-08,FR,162.96,new postings,IT Systems & Solutions
2023-07-08,FR,140.42,total postings,IT Systems & Solutions
2023-07-09,FR,162.56,new postings,IT Systems & Solutions
2023-07-09,FR,140.37,total postings,IT Systems & Solutions
2023-07-10,FR,162.86,new postings,IT Systems & Solutions
2023-07-10,FR,140.44,total postings,IT Systems & Solutions
2023-07-11,FR,162.8,new postings,IT Systems & Solutions
2023-07-11,FR,140.35,total postings,IT Systems & Solutions
2023-07-12,FR,162.59,new postings,IT Systems & Solutions
2023-07-12,FR,140.02,total postings,IT Systems & Solutions
2023-07-13,FR,162.72,new postings,IT Systems & Solutions
2023-07-13,FR,139.71,total postings,IT Systems & Solutions
2023-07-14,FR,163.36,new postings,IT Systems & Solutions
2023-07-14,FR,139.39,total postings,IT Systems & Solutions
2023-07-15,FR,163.82,new postings,IT Systems & Solutions
2023-07-15,FR,139.1,total postings,IT Systems & Solutions
2023-07-16,FR,164.77,new postings,IT Systems & Solutions
2023-07-16,FR,138.66,total postings,IT Systems & Solutions
2023-07-17,FR,165.03,new postings,IT Systems & Solutions
2023-07-17,FR,138.25,total postings,IT Systems & Solutions
2023-07-18,FR,165.45,new postings,IT Systems & Solutions
2023-07-18,FR,137.8,total postings,IT Systems & Solutions
2023-07-19,FR,165.84,new postings,IT Systems & Solutions
2023-07-19,FR,137.51,total postings,IT Systems & Solutions
2023-07-20,FR,165.74,new postings,IT Systems & Solutions
2023-07-20,FR,137.27,total postings,IT Systems & Solutions
2023-07-21,FR,164.77,new postings,IT Systems & Solutions
2023-07-21,FR,136.79,total postings,IT Systems & Solutions
2023-07-22,FR,162.71,new postings,IT Systems & Solutions
2023-07-22,FR,136.18,total postings,IT Systems & Solutions
2023-07-23,FR,160.07,new postings,IT Systems & Solutions
2023-07-23,FR,136.05,total postings,IT Systems & Solutions
2023-07-24,FR,157.91,new postings,IT Systems & Solutions
2023-07-24,FR,135.89,total postings,IT Systems & Solutions
2023-07-25,FR,154.57,new postings,IT Systems & Solutions
2023-07-25,FR,135.86,total postings,IT Systems & Solutions
2023-07-26,FR,151.75,new postings,IT Systems & Solutions
2023-07-26,FR,135.81,total postings,IT Systems & Solutions
2023-07-27,FR,149.76,new postings,IT Systems & Solutions
2023-07-27,FR,135.9,total postings,IT Systems & Solutions
2023-07-28,FR,148.73,new postings,IT Systems & Solutions
2023-07-28,FR,136.09,total postings,IT Systems & Solutions
2023-07-29,FR,149.12,new postings,IT Systems & Solutions
2023-07-29,FR,136.62,total postings,IT Systems & Solutions
2023-07-30,FR,149.67,new postings,IT Systems & Solutions
2023-07-30,FR,136.84,total postings,IT Systems & Solutions
2023-07-31,FR,150.15,new postings,IT Systems & Solutions
2023-07-31,FR,137.09,total postings,IT Systems & Solutions
2023-08-01,FR,150.44,new postings,IT Systems & Solutions
2023-08-01,FR,137.33,total postings,IT Systems & Solutions
2023-08-02,FR,149.86,new postings,IT Systems & Solutions
2023-08-02,FR,137.47,total postings,IT Systems & Solutions
2023-08-03,FR,148.78,new postings,IT Systems & Solutions
2023-08-03,FR,137.43,total postings,IT Systems & Solutions
2023-08-04,FR,146.94,new postings,IT Systems & Solutions
2023-08-04,FR,137.53,total postings,IT Systems & Solutions
2023-08-05,FR,143.85,new postings,IT Systems & Solutions
2023-08-05,FR,137.54,total postings,IT Systems & Solutions
2023-08-06,FR,140.75,new postings,IT Systems & Solutions
2023-08-06,FR,137.51,total postings,IT Systems & Solutions
2023-08-07,FR,137.95,new postings,IT Systems & Solutions
2023-08-07,FR,137.52,total postings,IT Systems & Solutions
2023-08-08,FR,137.26,new postings,IT Systems & Solutions
2023-08-08,FR,137.49,total postings,IT Systems & Solutions
2023-08-09,FR,137.19,new postings,IT Systems & Solutions
2023-08-09,FR,137.48,total postings,IT Systems & Solutions
2023-08-10,FR,137.14,new postings,IT Systems & Solutions
2023-08-10,FR,137.5,total postings,IT Systems & Solutions
2023-08-11,FR,137.37,new postings,IT Systems & Solutions
2023-08-11,FR,137.42,total postings,IT Systems & Solutions
2023-08-12,FR,139.18,new postings,IT Systems & Solutions
2023-08-12,FR,137.31,total postings,IT Systems & Solutions
2023-08-13,FR,141.28,new postings,IT Systems & Solutions
2023-08-13,FR,137.34,total postings,IT Systems & Solutions
2023-08-14,FR,143.99,new postings,IT Systems & Solutions
2023-08-14,FR,137.47,total postings,IT Systems & Solutions
2023-08-15,FR,145.71,new postings,IT Systems & Solutions
2023-08-15,FR,137.63,total postings,IT Systems & Solutions
2023-08-16,FR,145.09,new postings,IT Systems & Solutions
2023-08-16,FR,137.75,total postings,IT Systems & Solutions
2023-08-17,FR,144.72,new postings,IT Systems & Solutions
2023-08-17,FR,137.95,total postings,IT Systems & Solutions
2023-08-18,FR,144.0,new postings,IT Systems & Solutions
2023-08-18,FR,138.18,total postings,IT Systems & Solutions
2023-08-19,FR,140.53,new postings,IT Systems & Solutions
2023-08-19,FR,138.5,total postings,IT Systems & Solutions
2023-08-20,FR,136.13,new postings,IT Systems & Solutions
2023-08-20,FR,138.8,total postings,IT Systems & Solutions
2023-08-21,FR,129.68,new postings,IT Systems & Solutions
2023-08-21,FR,138.98,total postings,IT Systems & Solutions
2023-08-22,FR,125.12,new postings,IT Systems & Solutions
2023-08-22,FR,139.04,total postings,IT Systems & Solutions
2023-08-23,FR,125.95,new postings,IT Systems & Solutions
2023-08-23,FR,139.31,total postings,IT Systems & Solutions
2023-08-24,FR,126.56,new postings,IT Systems & Solutions
2023-08-24,FR,139.47,total postings,IT Systems & Solutions
2023-08-25,FR,128.47,new postings,IT Systems & Solutions
2023-08-25,FR,139.62,total postings,IT Systems & Solutions
2023-08-26,FR,133.06,new postings,IT Systems & Solutions
2023-08-26,FR,139.66,total postings,IT Systems & Solutions
2023-08-27,FR,137.17,new postings,IT Systems & Solutions
2023-08-27,FR,139.58,total postings,IT Systems & Solutions
2023-08-28,FR,142.19,new postings,IT Systems & Solutions
2023-08-28,FR,139.37,total postings,IT Systems & Solutions
2023-08-29,FR,145.62,new postings,IT Systems & Solutions
2023-08-29,FR,139.52,total postings,IT Systems & Solutions
2023-08-30,FR,144.97,new postings,IT Systems & Solutions
2023-08-30,FR,139.34,total postings,IT Systems & Solutions
2023-08-31,FR,144.69,new postings,IT Systems & Solutions
2023-08-31,FR,139.26,total postings,IT Systems & Solutions
2023-09-01,FR,143.07,new postings,IT Systems & Solutions
2023-09-01,FR,139.11,total postings,IT Systems & Solutions
2023-09-02,FR,141.94,new postings,IT Systems & Solutions
2023-09-02,FR,139.07,total postings,IT Systems & Solutions
2023-09-03,FR,141.44,new postings,IT Systems & Solutions
2023-09-03,FR,139.1,total postings,IT Systems & Solutions
2023-09-04,FR,140.99,new postings,IT Systems & Solutions
2023-09-04,FR,139.19,total postings,IT Systems & Solutions
2023-09-05,FR,140.99,new postings,IT Systems & Solutions
2023-09-05,FR,139.0,total postings,IT Systems & Solutions
2023-09-06,FR,141.74,new postings,IT Systems & Solutions
2023-09-06,FR,138.78,total postings,IT Systems & Solutions
2023-09-07,FR,143.45,new postings,IT Systems & Solutions
2023-09-07,FR,138.66,total postings,IT Systems & Solutions
2023-09-08,FR,146.76,new postings,IT Systems & Solutions
2023-09-08,FR,138.7,total postings,IT Systems & Solutions
2023-09-09,FR,148.32,new postings,IT Systems & Solutions
2023-09-09,FR,138.51,total postings,IT Systems & Solutions
2023-09-10,FR,150.05,new postings,IT Systems & Solutions
2023-09-10,FR,138.27,total postings,IT Systems & Solutions
2023-09-11,FR,152.12,new postings,IT Systems & Solutions
2023-09-11,FR,137.85,total postings,IT Systems & Solutions
2023-09-12,FR,153.52,new postings,IT Systems & Solutions
2023-09-12,FR,137.4,total postings,IT Systems & Solutions
2023-09-13,FR,155.36,new postings,IT Systems & Solutions
2023-09-13,FR,137.15,total postings,IT Systems & Solutions
2023-09-14,FR,155.59,new postings,IT Systems & Solutions
2023-09-14,FR,136.82,total postings,IT Systems & Solutions
2023-09-15,FR,154.98,new postings,IT Systems & Solutions
2023-09-15,FR,136.45,total postings,IT Systems & Solutions
2023-09-16,FR,155.48,new postings,IT Systems & Solutions
2023-09-16,FR,136.37,total postings,IT Systems & Solutions
2023-09-17,FR,155.96,new postings,IT Systems & Solutions
2023-09-17,FR,136.23,total postings,IT Systems & Solutions
2023-09-18,FR,156.31,new postings,IT Systems & Solutions
2023-09-18,FR,136.19,total postings,IT Systems & Solutions
2023-09-19,FR,157.9,new postings,IT Systems & Solutions
2023-09-19,FR,136.37,total postings,IT Systems & Solutions
2023-09-20,FR,158.5,new postings,IT Systems & Solutions
2023-09-20,FR,136.55,total postings,IT Systems & Solutions
2023-09-21,FR,158.93,new postings,IT Systems & Solutions
2023-09-21,FR,136.93,total postings,IT Systems & Solutions
2023-09-22,FR,158.44,new postings,IT Systems & Solutions
2023-09-22,FR,137.18,total postings,IT Systems & Solutions
2023-09-23,FR,157.61,new postings,IT Systems & Solutions
2023-09-23,FR,137.34,total postings,IT Systems & Solutions
2023-09-24,FR,156.84,new postings,IT Systems & Solutions
2023-09-24,FR,137.51,total postings,IT Systems & Solutions
2023-09-25,FR,156.01,new postings,IT Systems & Solutions
2023-09-25,FR,137.68,total postings,IT Systems & Solutions
2023-09-26,FR,154.89,new postings,IT Systems & Solutions
2023-09-26,FR,137.69,total postings,IT Systems & Solutions
2023-09-27,FR,154.75,new postings,IT Systems & Solutions
2023-09-27,FR,137.66,total postings,IT Systems & Solutions
2023-09-28,FR,154.54,new postings,IT Systems & Solutions
2023-09-28,FR,137.32,total postings,IT Systems & Solutions
2023-09-29,FR,154.91,new postings,IT Systems & Solutions
2023-09-29,FR,137.05,total postings,IT Systems & Solutions
2023-09-30,FR,153.82,new postings,IT Systems & Solutions
2023-09-30,FR,136.71,total postings,IT Systems & Solutions
2023-10-01,FR,152.56,new postings,IT Systems & Solutions
2023-10-01,FR,136.39,total postings,IT Systems & Solutions
2023-10-02,FR,151.32,new postings,IT Systems & Solutions
2023-10-02,FR,136.07,total postings,IT Systems & Solutions
2023-10-03,FR,148.21,new postings,IT Systems & Solutions
2023-10-03,FR,135.71,total postings,IT Systems & Solutions
2023-10-04,FR,144.22,new postings,IT Systems & Solutions
2023-10-04,FR,135.44,total postings,IT Systems & Solutions
2023-10-05,FR,142.08,new postings,IT Systems & Solutions
2023-10-05,FR,135.16,total postings,IT Systems & Solutions
2023-10-06,FR,141.35,new postings,IT Systems & Solutions
2023-10-06,FR,134.85,total postings,IT Systems & Solutions
2023-10-07,FR,142.06,new postings,IT Systems & Solutions
2023-10-07,FR,134.62,total postings,IT Systems & Solutions
2023-10-08,FR,143.49,new postings,IT Systems & Solutions
2023-10-08,FR,134.48,total postings,IT Systems & Solutions
2023-10-09,FR,144.85,new postings,IT Systems & Solutions
2023-10-09,FR,134.28,total postings,IT Systems & Solutions
2023-10-10,FR,147.86,new postings,IT Systems & Solutions
2023-10-10,FR,134.16,total postings,IT Systems & Solutions
2023-10-11,FR,150.93,new postings,IT Systems & Solutions
2023-10-11,FR,134.13,total postings,IT Systems & Solutions
2023-10-12,FR,152.71,new postings,IT Systems & Solutions
2023-10-12,FR,134.2,total postings,IT Systems & Solutions
2023-10-13,FR,153.06,new postings,IT Systems & Solutions
2023-10-13,FR,134.34,total postings,IT Systems & Solutions
2023-10-14,FR,153.54,new postings,IT Systems & Solutions
2023-10-14,FR,134.46,total postings,IT Systems & Solutions
2023-10-15,FR,153.51,new postings,IT Systems & Solutions
2023-10-15,FR,134.53,total postings,IT Systems & Solutions
2023-10-16,FR,153.49,new postings,IT Systems & Solutions
2023-10-16,FR,134.63,total postings,IT Systems & Solutions
2023-10-17,FR,152.65,new postings,IT Systems & Solutions
2023-10-17,FR,134.72,total postings,IT Systems & Solutions
2023-10-18,FR,153.06,new postings,IT Systems & Solutions
2023-10-18,FR,134.76,total postings,IT Systems & Solutions
2023-10-19,FR,153.33,new postings,IT Systems & Solutions
2023-10-19,FR,134.72,total postings,IT Systems & Solutions
2023-10-20,FR,153.07,new postings,IT Systems & Solutions
2023-10-20,FR,134.71,total postings,IT Systems & Solutions
2023-10-21,FR,152.88,new postings,IT Systems & Solutions
2023-10-21,FR,134.55,total postings,IT Systems & Solutions
2023-10-22,FR,153.28,new postings,IT Systems & Solutions
2023-10-22,FR,134.51,total postings,IT Systems & Solutions
2023-10-23,FR,153.74,new postings,IT Systems & Solutions
2023-10-23,FR,134.51,total postings,IT Systems & Solutions
2023-10-24,FR,154.62,new postings,IT Systems & Solutions
2023-10-24,FR,134.6,total postings,IT Systems & Solutions
2023-10-25,FR,153.75,new postings,IT Systems & Solutions
2023-10-25,FR,134.59,total postings,IT Systems & Solutions
2023-10-26,FR,152.68,new postings,IT Systems & Solutions
2023-10-26,FR,134.61,total postings,IT Systems & Solutions
2023-10-27,FR,151.52,new postings,IT Systems & Solutions
2023-10-27,FR,134.45,total postings,IT Systems & Solutions
2023-10-28,FR,149.35,new postings,IT Systems & Solutions
2023-10-28,FR,134.29,total postings,IT Systems & Solutions
2023-10-29,FR,147.28,new postings,IT Systems & Solutions
2023-10-29,FR,133.98,total postings,IT Systems & Solutions
2023-10-30,FR,145.65,new postings,IT Systems & Solutions
2023-10-30,FR,133.77,total postings,IT Systems & Solutions
2023-10-31,FR,143.99,new postings,IT Systems & Solutions
2023-10-31,FR,133.35,total postings,IT Systems & Solutions
2023-11-01,FR,144.49,new postings,IT Systems & Solutions
2023-11-01,FR,133.04,total postings,IT Systems & Solutions
2023-11-02,FR,142.64,new postings,IT Systems & Solutions
2023-11-02,FR,132.58,total postings,IT Systems & Solutions
2023-11-03,FR,141.24,new postings,IT Systems & Solutions
2023-11-03,FR,132.18,total postings,IT Systems & Solutions
2023-11-04,FR,139.49,new postings,IT Systems & Solutions
2023-11-04,FR,131.85,total postings,IT Systems & Solutions
2023-11-05,FR,136.84,new postings,IT Systems & Solutions
2023-11-05,FR,131.47,total postings,IT Systems & Solutions
2023-11-06,FR,132.99,new postings,IT Systems & Solutions
2023-11-06,FR,131.02,total postings,IT Systems & Solutions
2023-11-07,FR,129.69,new postings,IT Systems & Solutions
2023-11-07,FR,130.68,total postings,IT Systems & Solutions
2023-11-08,FR,126.65,new postings,IT Systems & Solutions
2023-11-08,FR,130.28,total postings,IT Systems & Solutions
2023-11-09,FR,127.82,new postings,IT Systems & Solutions
2023-11-09,FR,129.92,total postings,IT Systems & Solutions
2023-11-10,FR,129.5,new postings,IT Systems & Solutions
2023-11-10,FR,129.78,total postings,IT Systems & Solutions
2023-11-11,FR,133.54,new postings,IT Systems & Solutions
2023-11-11,FR,129.81,total postings,IT Systems & Solutions
2023-11-12,FR,139.07,new postings,IT Systems & Solutions
2023-11-12,FR,129.82,total postings,IT Systems & Solutions
2023-11-13,FR,145.97,new postings,IT Systems & Solutions
2023-11-13,FR,129.92,total postings,IT Systems & Solutions
2023-11-14,FR,152.24,new postings,IT Systems & Solutions
2023-11-14,FR,129.79,total postings,IT Systems & Solutions
2023-11-15,FR,157.37,new postings,IT Systems & Solutions
2023-11-15,FR,129.86,total postings,IT Systems & Solutions
2023-11-16,FR,160.99,new postings,IT Systems & Solutions
2023-11-16,FR,130.07,total postings,IT Systems & Solutions
2023-11-17,FR,164.11,new postings,IT Systems & Solutions
2023-11-17,FR,130.1,total postings,IT Systems & Solutions
2023-11-18,FR,165.2,new postings,IT Systems & Solutions
2023-11-18,FR,130.08,total postings,IT Systems & Solutions
2023-11-19,FR,163.37,new postings,IT Systems & Solutions
2023-11-19,FR,130.13,total postings,IT Systems & Solutions
2023-11-20,FR,161.01,new postings,IT Systems & Solutions
2023-11-20,FR,130.2,total postings,IT Systems & Solutions
2023-11-21,FR,158.66,new postings,IT Systems & Solutions
2023-11-21,FR,130.39,total postings,IT Systems & Solutions
2023-11-22,FR,155.5,new postings,IT Systems & Solutions
2023-11-22,FR,130.38,total postings,IT Systems & Solutions
2023-11-23,FR,152.41,new postings,IT Systems & Solutions
2023-11-23,FR,130.37,total postings,IT Systems & Solutions
2023-11-24,FR,149.09,new postings,IT Systems & Solutions
2023-11-24,FR,130.34,total postings,IT Systems & Solutions
2023-11-25,FR,146.64,new postings,IT Systems & Solutions
2023-11-25,FR,130.34,total postings,IT Systems & Solutions
2023-11-26,FR,146.14,new postings,IT Systems & Solutions
2023-11-26,FR,130.3,total postings,IT Systems & Solutions
2023-11-27,FR,145.91,new postings,IT Systems & Solutions
2023-11-27,FR,130.26,total postings,IT Systems & Solutions
2023-11-28,FR,147.34,new postings,IT Systems & Solutions
2023-11-28,FR,130.41,total postings,IT Systems & Solutions
2023-11-29,FR,148.05,new postings,IT Systems & Solutions
2023-11-29,FR,130.38,total postings,IT Systems & Solutions
2023-11-30,FR,149.04,new postings,IT Systems & Solutions
2023-11-30,FR,130.4,total postings,IT Systems & Solutions
2023-12-01,FR,151.03,new postings,IT Systems & Solutions
2023-12-01,FR,130.55,total postings,IT Systems & Solutions
2023-12-02,FR,152.48,new postings,IT Systems & Solutions
2023-12-02,FR,130.65,total postings,IT Systems & Solutions
2023-12-03,FR,153.58,new postings,IT Systems & Solutions
2023-12-03,FR,130.77,total postings,IT Systems & Solutions
2023-12-04,FR,153.72,new postings,IT Systems & Solutions
2023-12-04,FR,130.78,total postings,IT Systems & Solutions
2023-12-05,FR,152.64,new postings,IT Systems & Solutions
2023-12-05,FR,130.76,total postings,IT Systems & Solutions
2023-12-06,FR,153.46,new postings,IT Systems & Solutions
2023-12-06,FR,130.93,total postings,IT Systems & Solutions
2023-12-07,FR,154.29,new postings,IT Systems & Solutions
2023-12-07,FR,131.07,total postings,IT Systems & Solutions
2023-12-08,FR,152.24,new postings,IT Systems & Solutions
2023-12-08,FR,131.61,total postings,IT Systems & Solutions
2023-12-09,FR,151.44,new postings,IT Systems & Solutions
2023-12-09,FR,132.1,total postings,IT Systems & Solutions
2023-12-10,FR,150.89,new postings,IT Systems & Solutions
2023-12-10,FR,132.37,total postings,IT Systems & Solutions
2023-12-11,FR,151.09,new postings,IT Systems & Solutions
2023-12-11,FR,132.79,total postings,IT Systems & Solutions
2023-12-12,FR,150.24,new postings,IT Systems & Solutions
2023-12-12,FR,133.13,total postings,IT Systems & Solutions
2023-12-13,FR,149.4,new postings,IT Systems & Solutions
2023-12-13,FR,133.49,total postings,IT Systems & Solutions
2023-12-14,FR,147.17,new postings,IT Systems & Solutions
2023-12-14,FR,133.8,total postings,IT Systems & Solutions
2023-12-15,FR,145.97,new postings,IT Systems & Solutions
2023-12-15,FR,133.43,total postings,IT Systems & Solutions
2023-12-16,FR,142.35,new postings,IT Systems & Solutions
2023-12-16,FR,132.9,total postings,IT Systems & Solutions
2023-12-17,FR,139.09,new postings,IT Systems & Solutions
2023-12-17,FR,132.95,total postings,IT Systems & Solutions
2023-12-18,FR,135.6,new postings,IT Systems & Solutions
2023-12-18,FR,132.81,total postings,IT Systems & Solutions
2023-12-19,FR,133.13,new postings,IT Systems & Solutions
2023-12-19,FR,132.55,total postings,IT Systems & Solutions
2023-12-20,FR,131.46,new postings,IT Systems & Solutions
2023-12-20,FR,132.57,total postings,IT Systems & Solutions
2023-12-21,FR,130.74,new postings,IT Systems & Solutions
2023-12-21,FR,132.31,total postings,IT Systems & Solutions
2023-12-22,FR,132.38,new postings,IT Systems & Solutions
2023-12-22,FR,132.2,total postings,IT Systems & Solutions
2023-12-23,FR,136.79,new postings,IT Systems & Solutions
2023-12-23,FR,132.32,total postings,IT Systems & Solutions
2023-12-24,FR,141.34,new postings,IT Systems & Solutions
2023-12-24,FR,132.13,total postings,IT Systems & Solutions
2023-12-25,FR,147.64,new postings,IT Systems & Solutions
2023-12-25,FR,132.25,total postings,IT Systems & Solutions
2023-12-26,FR,151.91,new postings,IT Systems & Solutions
2023-12-26,FR,132.41,total postings,IT Systems & Solutions
2023-12-27,FR,153.46,new postings,IT Systems & Solutions
2023-12-27,FR,132.29,total postings,IT Systems & Solutions
2023-12-28,FR,154.19,new postings,IT Systems & Solutions
2023-12-28,FR,132.44,total postings,IT Systems & Solutions
2023-12-29,FR,151.25,new postings,IT Systems & Solutions
2023-12-29,FR,132.63,total postings,IT Systems & Solutions
2023-12-30,FR,144.81,new postings,IT Systems & Solutions
2023-12-30,FR,132.62,total postings,IT Systems & Solutions
2023-12-31,FR,138.48,new postings,IT Systems & Solutions
2023-12-31,FR,132.51,total postings,IT Systems & Solutions
2024-01-01,FR,130.84,new postings,IT Systems & Solutions
2024-01-01,FR,132.29,total postings,IT Systems & Solutions
2024-01-02,FR,122.9,new postings,IT Systems & Solutions
2024-01-02,FR,132.08,total postings,IT Systems & Solutions
2024-01-03,FR,116.73,new postings,IT Systems & Solutions
2024-01-03,FR,131.91,total postings,IT Systems & Solutions
2024-01-04,FR,112.49,new postings,IT Systems & Solutions
2024-01-04,FR,131.72,total postings,IT Systems & Solutions
2024-01-05,FR,114.62,new postings,IT Systems & Solutions
2024-01-05,FR,131.6,total postings,IT Systems & Solutions
2024-01-06,FR,120.65,new postings,IT Systems & Solutions
2024-01-06,FR,131.83,total postings,IT Systems & Solutions
2024-01-07,FR,124.5,new postings,IT Systems & Solutions
2024-01-07,FR,131.96,total postings,IT Systems & Solutions
2024-01-08,FR,125.34,new postings,IT Systems & Solutions
2024-01-08,FR,131.88,total postings,IT Systems & Solutions
2024-01-09,FR,130.58,new postings,IT Systems & Solutions
2024-01-09,FR,131.9,total postings,IT Systems & Solutions
2024-01-10,FR,136.05,new postings,IT Systems & Solutions
2024-01-10,FR,131.86,total postings,IT Systems & Solutions
2024-01-11,FR,140.22,new postings,IT Systems & Solutions
2024-01-11,FR,131.85,total postings,IT Systems & Solutions
2024-01-12,FR,140.04,new postings,IT Systems & Solutions
2024-01-12,FR,131.65,total postings,IT Systems & Solutions
2024-01-13,FR,138.79,new postings,IT Systems & Solutions
2024-01-13,FR,131.27,total postings,IT Systems & Solutions
2024-01-14,FR,138.51,new postings,IT Systems & Solutions
2024-01-14,FR,130.66,total postings,IT Systems & Solutions
2024-01-15,FR,141.17,new postings,IT Systems & Solutions
2024-01-15,FR,130.32,total postings,IT Systems & Solutions
2024-01-16,FR,140.93,new postings,IT Systems & Solutions
2024-01-16,FR,129.88,total postings,IT Systems & Solutions
2024-01-17,FR,139.52,new postings,IT Systems & Solutions
2024-01-17,FR,129.61,total postings,IT Systems & Solutions
2024-01-18,FR,137.53,new postings,IT Systems & Solutions
2024-01-18,FR,129.04,total postings,IT Systems & Solutions
2024-01-19,FR,136.66,new postings,IT Systems & Solutions
2024-01-19,FR,128.74,total postings,IT Systems & Solutions
2024-01-20,FR,135.35,new postings,IT Systems & Solutions
2024-01-20,FR,128.66,total postings,IT Systems & Solutions
2024-01-21,FR,134.01,new postings,IT Systems & Solutions
2024-01-21,FR,128.95,total postings,IT Systems & Solutions
2024-01-22,FR,132.3,new postings,IT Systems & Solutions
2024-01-22,FR,129.13,total postings,IT Systems & Solutions
2024-01-23,FR,131.88,new postings,IT Systems & Solutions
2024-01-23,FR,129.31,total postings,IT Systems & Solutions
2024-01-24,FR,132.67,new postings,IT Systems & Solutions
2024-01-24,FR,129.47,total postings,IT Systems & Solutions
2024-01-25,FR,133.98,new postings,IT Systems & Solutions
2024-01-25,FR,129.89,total postings,IT Systems & Solutions
2024-01-26,FR,133.46,new postings,IT Systems & Solutions
2024-01-26,FR,130.1,total postings,IT Systems & Solutions
2024-01-27,FR,135.58,new postings,IT Systems & Solutions
2024-01-27,FR,130.56,total postings,IT Systems & Solutions
2024-01-28,FR,138.19,new postings,IT Systems & Solutions
2024-01-28,FR,130.88,total postings,IT Systems & Solutions
2024-01-29,FR,140.81,new postings,IT Systems & Solutions
2024-01-29,FR,131.13,total postings,IT Systems & Solutions
2024-01-30,FR,143.42,new postings,IT Systems & Solutions
2024-01-30,FR,131.42,total postings,IT Systems & Solutions
2024-01-31,FR,144.84,new postings,IT Systems & Solutions
2024-01-31,FR,131.37,total postings,IT Systems & Solutions
2024-02-01,FR,146.82,new postings,IT Systems & Solutions
2024-02-01,FR,131.31,total postings,IT Systems & Solutions
2024-02-02,FR,150.78,new postings,IT Systems & Solutions
2024-02-02,FR,131.36,total postings,IT Systems & Solutions
2024-02-03,FR,152.69,new postings,IT Systems & Solutions
2024-02-03,FR,130.83,total postings,IT Systems & Solutions
2024-02-04,FR,155.09,new postings,IT Systems & Solutions
2024-02-04,FR,130.46,total postings,IT Systems & Solutions
2024-02-05,FR,156.11,new postings,IT Systems & Solutions
2024-02-05,FR,129.95,total postings,IT Systems & Solutions
2024-02-06,FR,159.65,new postings,IT Systems & Solutions
2024-02-06,FR,129.72,total postings,IT Systems & Solutions
2024-02-07,FR,162.77,new postings,IT Systems & Solutions
2024-02-07,FR,129.64,total postings,IT Systems & Solutions
2024-02-08,FR,165.86,new postings,IT Systems & Solutions
2024-02-08,FR,129.51,total postings,IT Systems & Solutions
2024-02-09,FR,167.0,new postings,IT Systems & Solutions
2024-02-09,FR,129.48,total postings,IT Systems & Solutions
2024-02-10,FR,164.91,new postings,IT Systems & Solutions
2024-02-10,FR,129.52,total postings,IT Systems & Solutions
2024-02-11,FR,162.33,new postings,IT Systems & Solutions
2024-02-11,FR,129.52,total postings,IT Systems & Solutions
2024-02-12,FR,161.6,new postings,IT Systems & Solutions
2024-02-12,FR,129.69,total postings,IT Systems & Solutions
2024-02-13,FR,153.22,new postings,IT Systems & Solutions
2024-02-13,FR,129.31,total postings,IT Systems & Solutions
2024-02-14,FR,148.34,new postings,IT Systems & Solutions
2024-02-14,FR,129.14,total postings,IT Systems & Solutions
2024-02-15,FR,144.58,new postings,IT Systems & Solutions
2024-02-15,FR,129.22,total postings,IT Systems & Solutions
2024-02-16,FR,141.85,new postings,IT Systems & Solutions
2024-02-16,FR,129.1,total postings,IT Systems & Solutions
2024-02-17,FR,141.63,new postings,IT Systems & Solutions
2024-02-17,FR,128.87,total postings,IT Systems & Solutions
2024-02-18,FR,141.3,new postings,IT Systems & Solutions
2024-02-18,FR,128.87,total postings,IT Systems & Solutions
2024-02-19,FR,141.04,new postings,IT Systems & Solutions
2024-02-19,FR,128.64,total postings,IT Systems & Solutions
2024-02-20,FR,146.06,new postings,IT Systems & Solutions
2024-02-20,FR,128.75,total postings,IT Systems & Solutions
2024-02-21,FR,148.15,new postings,IT Systems & Solutions
2024-02-21,FR,128.43,total postings,IT Systems & Solutions
2024-02-22,FR,148.5,new postings,IT Systems & Solutions
2024-02-22,FR,128.16,total postings,IT Systems & Solutions
2024-02-23,FR,147.34,new postings,IT Systems & Solutions
2024-02-23,FR,127.97,total postings,IT Systems & Solutions
2024-02-24,FR,146.07,new postings,IT Systems & Solutions
2024-02-24,FR,127.94,total postings,IT Systems & Solutions
2024-02-25,FR,145.47,new postings,IT Systems & Solutions
2024-02-25,FR,127.67,total postings,IT Systems & Solutions
2024-02-26,FR,144.68,new postings,IT Systems & Solutions
2024-02-26,FR,127.68,total postings,IT Systems & Solutions
2024-02-27,FR,142.72,new postings,IT Systems & Solutions
2024-02-27,FR,127.59,total postings,IT Systems & Solutions
2024-02-28,FR,141.31,new postings,IT Systems & Solutions
2024-02-28,FR,127.67,total postings,IT Systems & Solutions
2024-02-29,FR,138.86,new postings,IT Systems & Solutions
2024-02-29,FR,127.52,total postings,IT Systems & Solutions
2024-03-01,FR,140.28,new postings,IT Systems & Solutions
2024-03-01,FR,127.28,total postings,IT Systems & Solutions
2024-03-02,FR,141.5,new postings,IT Systems & Solutions
2024-03-02,FR,126.93,total postings,IT Systems & Solutions
2024-03-03,FR,142.63,new postings,IT Systems & Solutions
2024-03-03,FR,126.7,total postings,IT Systems & Solutions
2024-03-04,FR,143.39,new postings,IT Systems & Solutions
2024-03-04,FR,126.43,total postings,IT Systems & Solutions
2024-03-05,FR,144.88,new postings,IT Systems & Solutions
2024-03-05,FR,126.34,total postings,IT Systems & Solutions
2024-03-06,FR,145.62,new postings,IT Systems & Solutions
2024-03-06,FR,126.31,total postings,IT Systems & Solutions
2024-03-07,FR,148.55,new postings,IT Systems & Solutions
2024-03-07,FR,126.19,total postings,IT Systems & Solutions
2024-03-08,FR,148.8,new postings,IT Systems & Solutions
2024-03-08,FR,126.12,total postings,IT Systems & Solutions
2024-03-09,FR,149.18,new postings,IT Systems & Solutions
2024-03-09,FR,126.06,total postings,IT Systems & Solutions
2024-03-10,FR,149.25,new postings,IT Systems & Solutions
2024-03-10,FR,125.82,total postings,IT Systems & Solutions
2024-03-11,FR,149.7,new postings,IT Systems & Solutions
2024-03-11,FR,125.42,total postings,IT Systems & Solutions
2024-03-12,FR,149.41,new postings,IT Systems & Solutions
2024-03-12,FR,125.01,total postings,IT Systems & Solutions
2024-03-13,FR,149.7,new postings,IT Systems & Solutions
2024-03-13,FR,124.56,total postings,IT Systems & Solutions
2024-03-14,FR,148.94,new postings,IT Systems & Solutions
2024-03-14,FR,124.09,total postings,IT Systems & Solutions
2024-03-15,FR,146.12,new postings,IT Systems & Solutions
2024-03-15,FR,123.81,total postings,IT Systems & Solutions
2024-03-16,FR,142.97,new postings,IT Systems & Solutions
2024-03-16,FR,123.49,total postings,IT Systems & Solutions
2024-03-17,FR,141.04,new postings,IT Systems & Solutions
2024-03-17,FR,123.08,total postings,IT Systems & Solutions
2024-03-18,FR,141.33,new postings,IT Systems & Solutions
2024-03-18,FR,123.12,total postings,IT Systems & Solutions
2024-03-19,FR,142.89,new postings,IT Systems & Solutions
2024-03-19,FR,123.12,total postings,IT Systems & Solutions
2024-03-20,FR,144.51,new postings,IT Systems & Solutions
2024-03-20,FR,123.28,total postings,IT Systems & Solutions
2024-03-21,FR,145.82,new postings,IT Systems & Solutions
2024-03-21,FR,123.46,total postings,IT Systems & Solutions
2024-03-22,FR,150.55,new postings,IT Systems & Solutions
2024-03-22,FR,123.41,total postings,IT Systems & Solutions
2024-03-23,FR,154.85,new postings,IT Systems & Solutions
2024-03-23,FR,123.4,total postings,IT Systems & Solutions
2024-03-24,FR,158.95,new postings,IT Systems & Solutions
2024-03-24,FR,123.72,total postings,IT Systems & Solutions
2024-03-25,FR,156.19,new postings,IT Systems & Solutions
2024-03-25,FR,123.74,total postings,IT Systems & Solutions
2024-03-26,FR,152.44,new postings,IT Systems & Solutions
2024-03-26,FR,123.58,total postings,IT Systems & Solutions
2024-03-27,FR,148.24,new postings,IT Systems & Solutions
2024-03-27,FR,123.25,total postings,IT Systems & Solutions
2024-03-28,FR,144.38,new postings,IT Systems & Solutions
2024-03-28,FR,122.99,total postings,IT Systems & Solutions
2024-03-29,FR,139.69,new postings,IT Systems & Solutions
2024-03-29,FR,122.82,total postings,IT Systems & Solutions
2024-03-30,FR,135.78,new postings,IT Systems & Solutions
2024-03-30,FR,122.79,total postings,IT Systems & Solutions
2024-03-31,FR,130.56,new postings,IT Systems & Solutions
2024-03-31,FR,122.63,total postings,IT Systems & Solutions
2024-04-01,FR,129.62,new postings,IT Systems & Solutions
2024-04-01,FR,122.53,total postings,IT Systems & Solutions
2024-04-02,FR,127.12,new postings,IT Systems & Solutions
2024-04-02,FR,122.45,total postings,IT Systems & Solutions
2024-04-03,FR,125.03,new postings,IT Systems & Solutions
2024-04-03,FR,122.48,total postings,IT Systems & Solutions
2024-04-04,FR,122.06,new postings,IT Systems & Solutions
2024-04-04,FR,122.47,total postings,IT Systems & Solutions
2024-04-05,FR,118.95,new postings,IT Systems & Solutions
2024-04-05,FR,122.4,total postings,IT Systems & Solutions
2024-04-06,FR,116.6,new postings,IT Systems & Solutions
2024-04-06,FR,122.29,total postings,IT Systems & Solutions
2024-04-07,FR,114.42,new postings,IT Systems & Solutions
2024-04-07,FR,122.19,total postings,IT Systems & Solutions
2024-04-08,FR,113.24,new postings,IT Systems & Solutions
2024-04-08,FR,122.07,total postings,IT Systems & Solutions
2024-04-09,FR,117.85,new postings,IT Systems & Solutions
2024-04-09,FR,122.03,total postings,IT Systems & Solutions
2024-04-10,FR,122.24,new postings,IT Systems & Solutions
2024-04-10,FR,121.93,total postings,IT Systems & Solutions
2024-04-11,FR,127.05,new postings,IT Systems & Solutions
2024-04-11,FR,121.82,total postings,IT Systems & Solutions
2024-04-12,FR,130.83,new postings,IT Systems & Solutions
2024-04-12,FR,121.74,total postings,IT Systems & Solutions
2024-04-13,FR,132.8,new postings,IT Systems & Solutions
2024-04-13,FR,121.76,total postings,IT Systems & Solutions
2024-04-14,FR,134.7,new postings,IT Systems & Solutions
2024-04-14,FR,121.78,total postings,IT Systems & Solutions
2024-04-15,FR,135.09,new postings,IT Systems & Solutions
2024-04-15,FR,121.75,total postings,IT Systems & Solutions
2024-04-16,FR,130.9,new postings,IT Systems & Solutions
2024-04-16,FR,121.71,total postings,IT Systems & Solutions
2024-04-17,FR,126.92,new postings,IT Systems & Solutions
2024-04-17,FR,121.82,total postings,IT Systems & Solutions
2024-04-18,FR,124.29,new postings,IT Systems & Solutions
2024-04-18,FR,122.09,total postings,IT Systems & Solutions
2024-04-19,FR,123.38,new postings,IT Systems & Solutions
2024-04-19,FR,122.38,total postings,IT Systems & Solutions
2024-04-20,FR,124.4,new postings,IT Systems & Solutions
2024-04-20,FR,122.31,total postings,IT Systems & Solutions
2024-04-21,FR,127.03,new postings,IT Systems & Solutions
2024-04-21,FR,122.43,total postings,IT Systems & Solutions
2024-04-22,FR,130.5,new postings,IT Systems & Solutions
2024-04-22,FR,122.5,total postings,IT Systems & Solutions
2024-04-23,FR,134.46,new postings,IT Systems & Solutions
2024-04-23,FR,122.64,total postings,IT Systems & Solutions
2024-04-24,FR,138.54,new postings,IT Systems & Solutions
2024-04-24,FR,122.35,total postings,IT Systems & Solutions
2024-04-25,FR,140.2,new postings,IT Systems & Solutions
2024-04-25,FR,122.44,total postings,IT Systems & Solutions
2024-04-26,FR,140.04,new postings,IT Systems & Solutions
2024-04-26,FR,122.52,total postings,IT Systems & Solutions
2024-04-27,FR,138.65,new postings,IT Systems & Solutions
2024-04-27,FR,122.92,total postings,IT Systems & Solutions
2024-04-28,FR,135.7,new postings,IT Systems & Solutions
2024-04-28,FR,123.11,total postings,IT Systems & Solutions
2024-04-29,FR,132.9,new postings,IT Systems & Solutions
2024-04-29,FR,123.19,total postings,IT Systems & Solutions
2024-04-30,FR,128.96,new postings,IT Systems & Solutions
2024-04-30,FR,123.08,total postings,IT Systems & Solutions
2024-05-01,FR,125.5,new postings,IT Systems & Solutions
2024-05-01,FR,123.42,total postings,IT Systems & Solutions
2024-05-02,FR,122.83,new postings,IT Systems & Solutions
2024-05-02,FR,123.14,total postings,IT Systems & Solutions
2024-05-03,FR,121.09,new postings,IT Systems & Solutions
2024-05-03,FR,122.85,total postings,IT Systems & Solutions
2024-05-04,FR,120.11,new postings,IT Systems & Solutions
2024-05-04,FR,122.44,total postings,IT Systems & Solutions
2024-05-05,FR,119.56,new postings,IT Systems & Solutions
2024-05-05,FR,122.11,total postings,IT Systems & Solutions
2024-05-06,FR,118.74,new postings,IT Systems & Solutions
2024-05-06,FR,121.9,total postings,IT Systems & Solutions
2024-05-07,FR,119.12,new postings,IT Systems & Solutions
2024-05-07,FR,121.73,total postings,IT Systems & Solutions
2024-05-08,FR,120.07,new postings,IT Systems & Solutions
2024-05-08,FR,121.53,total postings,IT Systems & Solutions
2024-05-09,FR,121.33,new postings,IT Systems & Solutions
2024-05-09,FR,121.46,total postings,IT Systems & Solutions
2024-05-10,FR,120.88,new postings,IT Systems & Solutions
2024-05-10,FR,121.26,total postings,IT Systems & Solutions
2024-05-11,FR,118.07,new postings,IT Systems & Solutions
2024-05-11,FR,121.07,total postings,IT Systems & Solutions
2024-05-12,FR,113.32,new postings,IT Systems & Solutions
2024-05-12,FR,120.8,total postings,IT Systems & Solutions
2024-05-13,FR,107.39,new postings,IT Systems & Solutions
2024-05-13,FR,120.55,total postings,IT Systems & Solutions
2024-05-14,FR,101.33,new postings,IT Systems & Solutions
2024-05-14,FR,120.36,total postings,IT Systems & Solutions
2024-05-15,FR,92.89,new postings,IT Systems & Solutions
2024-05-15,FR,120.06,total postings,IT Systems & Solutions
2024-05-16,FR,89.53,new postings,IT Systems & Solutions
2024-05-16,FR,119.85,total postings,IT Systems & Solutions
2024-05-17,FR,89.74,new postings,IT Systems & Solutions
2024-05-17,FR,119.75,total postings,IT Systems & Solutions
2024-05-18,FR,91.83,new postings,IT Systems & Solutions
2024-05-18,FR,119.46,total postings,IT Systems & Solutions
2024-05-19,FR,96.26,new postings,IT Systems & Solutions
2024-05-19,FR,119.03,total postings,IT Systems & Solutions
2024-05-20,FR,102.66,new postings,IT Systems & Solutions
2024-05-20,FR,118.73,total postings,IT Systems & Solutions
2024-05-21,FR,106.74,new postings,IT Systems & Solutions
2024-05-21,FR,118.3,total postings,IT Systems & Solutions
2024-05-22,FR,112.53,new postings,IT Systems & Solutions
2024-05-22,FR,118.05,total postings,IT Systems & Solutions
2024-05-23,FR,113.71,new postings,IT Systems & Solutions
2024-05-23,FR,117.91,total postings,IT Systems & Solutions
2024-05-24,FR,113.57,new postings,IT Systems & Solutions
2024-05-24,FR,117.78,total postings,IT Systems & Solutions
2024-05-25,FR,113.98,new postings,IT Systems & Solutions
2024-05-25,FR,117.84,total postings,IT Systems & Solutions
2024-05-26,FR,113.59,new postings,IT Systems & Solutions
2024-05-26,FR,118.12,total postings,IT Systems & Solutions
2024-05-27,FR,112.82,new postings,IT Systems & Solutions
2024-05-27,FR,118.01,total postings,IT Systems & Solutions
2024-05-28,FR,116.76,new postings,IT Systems & Solutions
2024-05-28,FR,118.27,total postings,IT Systems & Solutions
2024-05-29,FR,119.85,new postings,IT Systems & Solutions
2024-05-29,FR,118.39,total postings,IT Systems & Solutions
2024-05-30,FR,123.95,new postings,IT Systems & Solutions
2024-05-30,FR,118.13,total postings,IT Systems & Solutions
2024-05-31,FR,126.94,new postings,IT Systems & Solutions
2024-05-31,FR,118.08,total postings,IT Systems & Solutions
2024-06-01,FR,130.91,new postings,IT Systems & Solutions
2024-06-01,FR,117.99,total postings,IT Systems & Solutions
2024-06-02,FR,134.36,new postings,IT Systems & Solutions
2024-06-02,FR,117.87,total postings,IT Systems & Solutions
2024-06-03,FR,137.53,new postings,IT Systems & Solutions
2024-06-03,FR,118.09,total postings,IT Systems & Solutions
2024-06-04,FR,136.17,new postings,IT Systems & Solutions
2024-06-04,FR,118.06,total postings,IT Systems & Solutions
2024-06-05,FR,134.69,new postings,IT Systems & Solutions
2024-06-05,FR,117.89,total postings,IT Systems & Solutions
2024-06-06,FR,131.76,new postings,IT Systems & Solutions
2024-06-06,FR,117.87,total postings,IT Systems & Solutions
2024-06-07,FR,130.08,new postings,IT Systems & Solutions
2024-06-07,FR,117.63,total postings,IT Systems & Solutions
2024-06-08,FR,126.88,new postings,IT Systems & Solutions
2024-06-08,FR,117.49,total postings,IT Systems & Solutions
2024-06-09,FR,124.12,new postings,IT Systems & Solutions
2024-06-09,FR,117.2,total postings,IT Systems & Solutions
2024-06-10,FR,121.52,new postings,IT Systems & Solutions
2024-06-10,FR,116.93,total postings,IT Systems & Solutions
2024-06-11,FR,121.85,new postings,IT Systems & Solutions
2024-06-11,FR,116.71,total postings,IT Systems & Solutions
2024-06-12,FR,122.66,new postings,IT Systems & Solutions
2024-06-12,FR,116.64,total postings,IT Systems & Solutions
2024-06-13,FR,122.78,new postings,IT Systems & Solutions
2024-06-13,FR,116.6,total postings,IT Systems & Solutions
2024-06-14,FR,122.57,new postings,IT Systems & Solutions
2024-06-14,FR,116.56,total postings,IT Systems & Solutions
2024-06-15,FR,122.68,new postings,IT Systems & Solutions
2024-06-15,FR,116.28,total postings,IT Systems & Solutions
2024-06-16,FR,122.56,new postings,IT Systems & Solutions
2024-06-16,FR,116.19,total postings,IT Systems & Solutions
2024-06-17,FR,122.46,new postings,IT Systems & Solutions
2024-06-17,FR,116.1,total postings,IT Systems & Solutions
2024-06-18,FR,120.64,new postings,IT Systems & Solutions
2024-06-18,FR,115.97,total postings,IT Systems & Solutions
2024-06-19,FR,118.04,new postings,IT Systems & Solutions
2024-06-19,FR,115.72,total postings,IT Systems & Solutions
2024-06-20,FR,117.07,new postings,IT Systems & Solutions
2024-06-20,FR,115.43,total postings,IT Systems & Solutions
2024-06-21,FR,115.89,new postings,IT Systems & Solutions
2024-06-21,FR,115.2,total postings,IT Systems & Solutions
2024-06-22,FR,115.41,new postings,IT Systems & Solutions
2024-06-22,FR,115.08,total postings,IT Systems & Solutions
2024-06-23,FR,115.3,new postings,IT Systems & Solutions
2024-06-23,FR,114.95,total postings,IT Systems & Solutions
2024-06-24,FR,114.95,new postings,IT Systems & Solutions
2024-06-24,FR,114.76,total postings,IT Systems & Solutions
2024-06-25,FR,118.01,new postings,IT Systems & Solutions
2024-06-25,FR,114.64,total postings,IT Systems & Solutions
2024-06-26,FR,119.73,new postings,IT Systems & Solutions
2024-06-26,FR,114.54,total postings,IT Systems & Solutions
2024-06-27,FR,122.31,new postings,IT Systems & Solutions
2024-06-27,FR,114.7,total postings,IT Systems & Solutions
2024-06-28,FR,125.58,new postings,IT Systems & Solutions
2024-06-28,FR,114.82,total postings,IT Systems & Solutions
2024-06-29,FR,127.57,new postings,IT Systems & Solutions
2024-06-29,FR,114.93,total postings,IT Systems & Solutions
2024-06-30,FR,129.43,new postings,IT Systems & Solutions
2024-06-30,FR,115.07,total postings,IT Systems & Solutions
2024-07-01,FR,130.99,new postings,IT Systems & Solutions
2024-07-01,FR,115.09,total postings,IT Systems & Solutions
2024-07-02,FR,127.92,new postings,IT Systems & Solutions
2024-07-02,FR,115.05,total postings,IT Systems & Solutions
2024-07-03,FR,127.84,new postings,IT Systems & Solutions
2024-07-03,FR,115.15,total postings,IT Systems & Solutions
2024-07-04,FR,125.64,new postings,IT Systems & Solutions
2024-07-04,FR,114.84,total postings,IT Systems & Solutions
2024-07-05,FR,123.79,new postings,IT Systems & Solutions
2024-07-05,FR,114.54,total postings,IT Systems & Solutions
2024-07-06,FR,123.6,new postings,IT Systems & Solutions
2024-07-06,FR,114.37,total postings,IT Systems & Solutions
2024-07-07,FR,123.59,new postings,IT Systems & Solutions
2024-07-07,FR,114.02,total postings,IT Systems & Solutions
2024-07-08,FR,123.18,new postings,IT Systems & Solutions
2024-07-08,FR,113.87,total postings,IT Systems & Solutions
2024-07-09,FR,125.08,new postings,IT Systems & Solutions
2024-07-09,FR,113.73,total postings,IT Systems & Solutions
2024-07-10,FR,125.35,new postings,IT Systems & Solutions
2024-07-10,FR,113.48,total postings,IT Systems & Solutions
2024-07-11,FR,126.41,new postings,IT Systems & Solutions
2024-07-11,FR,113.42,total postings,IT Systems & Solutions
2024-07-12,FR,126.59,new postings,IT Systems & Solutions
2024-07-12,FR,113.37,total postings,IT Systems & Solutions
2024-07-13,FR,124.63,new postings,IT Systems & Solutions
2024-07-13,FR,113.24,total postings,IT Systems & Solutions
2024-07-14,FR,123.02,new postings,IT Systems & Solutions
2024-07-14,FR,113.27,total postings,IT Systems & Solutions
2024-07-15,FR,125.81,new postings,IT Systems & Solutions
2024-07-15,FR,113.24,total postings,IT Systems & Solutions
2024-07-16,FR,128.82,new postings,IT Systems & Solutions
2024-07-16,FR,113.08,total postings,IT Systems & Solutions
2024-07-17,FR,131.98,new postings,IT Systems & Solutions
2024-07-17,FR,112.99,total postings,IT Systems & Solutions
2024-07-18,FR,134.83,new postings,IT Systems & Solutions
2024-07-18,FR,112.84,total postings,IT Systems & Solutions
2024-07-19,FR,137.51,new postings,IT Systems & Solutions
2024-07-19,FR,112.66,total postings,IT Systems & Solutions
2024-07-20,FR,140.53,new postings,IT Systems & Solutions
2024-07-20,FR,112.49,total postings,IT Systems & Solutions
2024-07-21,FR,143.12,new postings,IT Systems & Solutions
2024-07-21,FR,112.44,total postings,IT Systems & Solutions
2024-07-22,FR,140.61,new postings,IT Systems & Solutions
2024-07-22,FR,112.3,total postings,IT Systems & Solutions
2024-07-23,FR,137.23,new postings,IT Systems & Solutions
2024-07-23,FR,112.33,total postings,IT Systems & Solutions
2024-07-24,FR,134.62,new postings,IT Systems & Solutions
2024-07-24,FR,112.4,total postings,IT Systems & Solutions
2024-07-25,FR,130.91,new postings,IT Systems & Solutions
2024-07-25,FR,112.33,total postings,IT Systems & Solutions
2024-07-26,FR,127.29,new postings,IT Systems & Solutions
2024-07-26,FR,112.22,total postings,IT Systems & Solutions
2024-07-27,FR,123.45,new postings,IT Systems & Solutions
2024-07-27,FR,112.01,total postings,IT Systems & Solutions
2024-07-28,FR,120.01,new postings,IT Systems & Solutions
2024-07-28,FR,111.66,total postings,IT Systems & Solutions
2024-07-29,FR,117.76,new postings,IT Systems & Solutions
2024-07-29,FR,111.28,total postings,IT Systems & Solutions
2024-07-30,FR,116.27,new postings,IT Systems & Solutions
2024-07-30,FR,110.89,total postings,IT Systems & Solutions
2024-07-31,FR,114.36,new postings,IT Systems & Solutions
2024-07-31,FR,110.59,total postings,IT Systems & Solutions
2024-08-01,FR,115.15,new postings,IT Systems & Solutions
2024-08-01,FR,110.44,total postings,IT Systems & Solutions
2024-08-02,FR,117.18,new postings,IT Systems & Solutions
2024-08-02,FR,110.29,total postings,IT Systems & Solutions
2024-08-03,FR,120.69,new postings,IT Systems & Solutions
2024-08-03,FR,110.28,total postings,IT Systems & Solutions
2024-08-04,FR,124.03,new postings,IT Systems & Solutions
2024-08-04,FR,110.35,total postings,IT Systems & Solutions
2024-08-05,FR,127.75,new postings,IT Systems & Solutions
2024-08-05,FR,110.36,total postings,IT Systems & Solutions
2024-08-06,FR,130.84,new postings,IT Systems & Solutions
2024-08-06,FR,110.28,total postings,IT Systems & Solutions
2024-08-07,FR,132.28,new postings,IT Systems & Solutions
2024-08-07,FR,109.99,total postings,IT Systems & Solutions
2024-08-08,FR,132.02,new postings,IT Systems & Solutions
2024-08-08,FR,109.73,total postings,IT Systems & Solutions
2024-08-09,FR,129.95,new postings,IT Systems & Solutions
2024-08-09,FR,109.58,total postings,IT Systems & Solutions
2024-08-10,FR,125.75,new postings,IT Systems & Solutions
2024-08-10,FR,109.31,total postings,IT Systems & Solutions
2024-08-11,FR,121.94,new postings,IT Systems & Solutions
2024-08-11,FR,108.99,total postings,IT Systems & Solutions
2024-08-12,FR,118.31,new postings,IT Systems & Solutions
2024-08-12,FR,108.85,total postings,IT Systems & Solutions
2024-08-13,FR,114.84,new postings,IT Systems & Solutions
2024-08-13,FR,108.79,total postings,IT Systems & Solutions
2024-08-14,FR,113.53,new postings,IT Systems & Solutions
2024-08-14,FR,108.7,total postings,IT Systems & Solutions
2024-08-15,FR,113.09,new postings,IT Systems & Solutions
2024-08-15,FR,108.74,total postings,IT Systems & Solutions
2024-08-16,FR,112.54,new postings,IT Systems & Solutions
2024-08-16,FR,108.72,total postings,IT Systems & Solutions
2024-08-17,FR,112.94,new postings,IT Systems & Solutions
2024-08-17,FR,108.79,total postings,IT Systems & Solutions
2024-08-18,FR,112.67,new postings,IT Systems & Solutions
2024-08-18,FR,108.73,total postings,IT Systems & Solutions
2024-08-19,FR,111.76,new postings,IT Systems & Solutions
2024-08-19,FR,108.84,total postings,IT Systems & Solutions
2024-08-20,FR,110.85,new postings,IT Systems & Solutions
2024-08-20,FR,108.93,total postings,IT Systems & Solutions
2024-08-21,FR,110.1,new postings,IT Systems & Solutions
2024-08-21,FR,109.06,total postings,IT Systems & Solutions
2024-08-22,FR,108.39,new postings,IT Systems & Solutions
2024-08-22,FR,108.99,total postings,IT Systems & Solutions
2024-08-23,FR,107.71,new postings,IT Systems & Solutions
2024-08-23,FR,108.91,total postings,IT Systems & Solutions
2024-08-24,FR,108.32,new postings,IT Systems & Solutions
2024-08-24,FR,108.8,total postings,IT Systems & Solutions
2024-08-25,FR,108.67,new postings,IT Systems & Solutions
2024-08-25,FR,108.65,total postings,IT Systems & Solutions
2024-08-26,FR,108.69,new postings,IT Systems & Solutions
2024-08-26,FR,108.49,total postings,IT Systems & Solutions
2024-08-27,FR,108.93,new postings,IT Systems & Solutions
2024-08-27,FR,108.26,total postings,IT Systems & Solutions
2024-08-28,FR,108.73,new postings,IT Systems & Solutions
2024-08-28,FR,108.06,total postings,IT Systems & Solutions
2024-08-29,FR,108.95,new postings,IT Systems & Solutions
2024-08-29,FR,108.01,total postings,IT Systems & Solutions
2024-08-30,FR,110.49,new postings,IT Systems & Solutions
2024-08-30,FR,107.97,total postings,IT Systems & Solutions
2024-08-31,FR,111.91,new postings,IT Systems & Solutions
2024-08-31,FR,107.93,total postings,IT Systems & Solutions
2024-09-01,FR,113.37,new postings,IT Systems & Solutions
2024-09-01,FR,107.94,total postings,IT Systems & Solutions
2024-09-02,FR,115.73,new postings,IT Systems & Solutions
2024-09-02,FR,107.76,total postings,IT Systems & Solutions
2024-09-03,FR,117.24,new postings,IT Systems & Solutions
2024-09-03,FR,107.68,total postings,IT Systems & Solutions
2024-09-04,FR,118.46,new postings,IT Systems & Solutions
2024-09-04,FR,107.57,total postings,IT Systems & Solutions
2024-09-05,FR,119.18,new postings,IT Systems & Solutions
2024-09-05,FR,107.35,total postings,IT Systems & Solutions
2024-09-06,FR,118.12,new postings,IT Systems & Solutions
2024-09-06,FR,107.2,total postings,IT Systems & Solutions
2024-09-07,FR,116.62,new postings,IT Systems & Solutions
2024-09-07,FR,107.04,total postings,IT Systems & Solutions
2024-09-08,FR,115.05,new postings,IT Systems & Solutions
2024-09-08,FR,106.91,total postings,IT Systems & Solutions
2024-09-09,FR,113.22,new postings,IT Systems & Solutions
2024-09-09,FR,106.84,total postings,IT Systems & Solutions
2024-09-10,FR,112.92,new postings,IT Systems & Solutions
2024-09-10,FR,106.88,total postings,IT Systems & Solutions
2024-09-11,FR,113.17,new postings,IT Systems & Solutions
2024-09-11,FR,106.72,total postings,IT Systems & Solutions
2024-09-12,FR,118.17,new postings,IT Systems & Solutions
2024-09-12,FR,106.98,total postings,IT Systems & Solutions
2024-09-13,FR,123.52,new postings,IT Systems & Solutions
2024-09-13,FR,107.23,total postings,IT Systems & Solutions
2024-09-14,FR,128.08,new postings,IT Systems & Solutions
2024-09-14,FR,107.49,total postings,IT Systems & Solutions
2024-09-15,FR,133.25,new postings,IT Systems & Solutions
2024-09-15,FR,107.75,total postings,IT Systems & Solutions
2024-09-16,FR,138.48,new postings,IT Systems & Solutions
2024-09-16,FR,108.04,total postings,IT Systems & Solutions
2024-09-17,FR,142.43,new postings,IT Systems & Solutions
2024-09-17,FR,108.19,total postings,IT Systems & Solutions
2024-09-18,FR,146.0,new postings,IT Systems & Solutions
2024-09-18,FR,108.51,total postings,IT Systems & Solutions
2024-09-19,FR,141.1,new postings,IT Systems & Solutions
2024-09-19,FR,108.45,total postings,IT Systems & Solutions
2024-09-20,FR,137.28,new postings,IT Systems & Solutions
2024-09-20,FR,108.22,total postings,IT Systems & Solutions
2024-09-21,FR,133.63,new postings,IT Systems & Solutions
2024-09-21,FR,107.98,total postings,IT Systems & Solutions
2024-09-22,FR,129.38,new postings,IT Systems & Solutions
2024-09-22,FR,107.79,total postings,IT Systems & Solutions
2024-09-23,FR,125.1,new postings,IT Systems & Solutions
2024-09-23,FR,107.46,total postings,IT Systems & Solutions
2024-09-24,FR,121.13,new postings,IT Systems & Solutions
2024-09-24,FR,107.06,total postings,IT Systems & Solutions
2024-09-25,FR,116.67,new postings,IT Systems & Solutions
2024-09-25,FR,106.68,total postings,IT Systems & Solutions
2024-09-26,FR,116.73,new postings,IT Systems & Solutions
2024-09-26,FR,106.32,total postings,IT Systems & Solutions
2024-09-27,FR,115.41,new postings,IT Systems & Solutions
2024-09-27,FR,106.02,total postings,IT Systems & Solutions
2024-09-28,FR,113.95,new postings,IT Systems & Solutions
2024-09-28,FR,105.77,total postings,IT Systems & Solutions
2024-09-29,FR,112.54,new postings,IT Systems & Solutions
2024-09-29,FR,105.48,total postings,IT Systems & Solutions
2024-09-30,FR,111.37,new postings,IT Systems & Solutions
2024-09-30,FR,105.26,total postings,IT Systems & Solutions
2024-10-01,FR,111.5,new postings,IT Systems & Solutions
2024-10-01,FR,105.14,total postings,IT Systems & Solutions
2024-10-02,FR,112.6,new postings,IT Systems & Solutions
2024-10-02,FR,105.12,total postings,IT Systems & Solutions
2024-10-03,FR,115.34,new postings,IT Systems & Solutions
2024-10-03,FR,105.13,total postings,IT Systems & Solutions
2024-10-04,FR,117.6,new postings,IT Systems & Solutions
2024-10-04,FR,105.2,total postings,IT Systems & Solutions
2024-10-05,FR,120.47,new postings,IT Systems & Solutions
2024-10-05,FR,105.19,total postings,IT Systems & Solutions
2024-10-06,FR,124.03,new postings,IT Systems & Solutions
2024-10-06,FR,105.17,total postings,IT Systems & Solutions
2024-10-07,FR,126.88,new postings,IT Systems & Solutions
2024-10-07,FR,105.2,total postings,IT Systems & Solutions
2024-10-08,FR,129.29,new postings,IT Systems & Solutions
2024-10-08,FR,105.17,total postings,IT Systems & Solutions
2024-10-09,FR,131.02,new postings,IT Systems & Solutions
2024-10-09,FR,105.04,total postings,IT Systems & Solutions
2024-10-10,FR,128.41,new postings,IT Systems & Solutions
2024-10-10,FR,104.9,total postings,IT Systems & Solutions
2024-10-11,FR,126.48,new postings,IT Systems & Solutions
2024-10-11,FR,104.65,total postings,IT Systems & Solutions
2024-10-12,FR,124.32,new postings,IT Systems & Solutions
2024-10-12,FR,104.45,total postings,IT Systems & Solutions
2024-10-13,FR,121.81,new postings,IT Systems & Solutions
2024-10-13,FR,104.3,total postings,IT Systems & Solutions
2024-10-14,FR,119.73,new postings,IT Systems & Solutions
2024-10-14,FR,104.11,total postings,IT Systems & Solutions
2024-10-15,FR,117.27,new postings,IT Systems & Solutions
2024-10-15,FR,103.87,total postings,IT Systems & Solutions
2024-10-16,FR,114.15,new postings,IT Systems & Solutions
2024-10-16,FR,103.68,total postings,IT Systems & Solutions
2024-10-17,FR,113.18,new postings,IT Systems & Solutions
2024-10-17,FR,103.18,total postings,IT Systems & Solutions
2024-10-18,FR,112.1,new postings,IT Systems & Solutions
2024-10-18,FR,102.87,total postings,IT Systems & Solutions
2024-10-19,FR,109.94,new postings,IT Systems & Solutions
2024-10-19,FR,102.65,total postings,IT Systems & Solutions
2024-10-20,FR,108.35,new postings,IT Systems & Solutions
2024-10-20,FR,102.35,total postings,IT Systems & Solutions
2024-10-21,FR,106.69,new postings,IT Systems & Solutions
2024-10-21,FR,101.89,total postings,IT Systems & Solutions
2024-10-22,FR,104.51,new postings,IT Systems & Solutions
2024-10-22,FR,101.55,total postings,IT Systems & Solutions
2024-10-23,FR,102.94,new postings,IT Systems & Solutions
2024-10-23,FR,101.12,total postings,IT Systems & Solutions
2024-10-24,FR,102.19,new postings,IT Systems & Solutions
2024-10-24,FR,101.07,total postings,IT Systems & Solutions
2024-10-25,FR,102.09,new postings,IT Systems & Solutions
2024-10-25,FR,101.09,total postings,IT Systems & Solutions
2024-10-26,FR,103.65,new postings,IT Systems & Solutions
2024-10-26,FR,101.05,total postings,IT Systems & Solutions
2024-10-27,FR,104.76,new postings,IT Systems & Solutions
2024-10-27,FR,100.98,total postings,IT Systems & Solutions
2024-10-28,FR,106.5,new postings,IT Systems & Solutions
2024-10-28,FR,101.2,total postings,IT Systems & Solutions
2024-10-29,FR,109.03,new postings,IT Systems & Solutions
2024-10-29,FR,101.24,total postings,IT Systems & Solutions
2024-10-30,FR,110.99,new postings,IT Systems & Solutions
2024-10-30,FR,101.39,total postings,IT Systems & Solutions
2024-10-31,FR,113.07,new postings,IT Systems & Solutions
2024-10-31,FR,101.56,total postings,IT Systems & Solutions
2024-11-01,FR,117.84,new postings,IT Systems & Solutions
2024-11-01,FR,101.69,total postings,IT Systems & Solutions
2024-11-02,FR,119.24,new postings,IT Systems & Solutions
2024-11-02,FR,101.76,total postings,IT Systems & Solutions
2024-11-03,FR,121.18,new postings,IT Systems & Solutions
2024-11-03,FR,101.9,total postings,IT Systems & Solutions
2024-11-04,FR,122.21,new postings,IT Systems & Solutions
2024-11-04,FR,101.96,total postings,IT Systems & Solutions
2024-11-05,FR,121.06,new postings,IT Systems & Solutions
2024-11-05,FR,102.06,total postings,IT Systems & Solutions
2024-11-06,FR,120.48,new postings,IT Systems & Solutions
2024-11-06,FR,102.21,total postings,IT Systems & Solutions
2024-11-07,FR,118.69,new postings,IT Systems & Solutions
2024-11-07,FR,102.25,total postings,IT Systems & Solutions
2024-11-08,FR,113.49,new postings,IT Systems & Solutions
2024-11-08,FR,102.2,total postings,IT Systems & Solutions
2024-11-09,FR,111.51,new postings,IT Systems & Solutions
2024-11-09,FR,101.94,total postings,IT Systems & Solutions
2024-11-10,FR,108.24,new postings,IT Systems & Solutions
2024-11-10,FR,101.6,total postings,IT Systems & Solutions
2024-11-11,FR,106.1,new postings,IT Systems & Solutions
2024-11-11,FR,101.27,total postings,IT Systems & Solutions
2024-11-12,FR,104.87,new postings,IT Systems & Solutions
2024-11-12,FR,101.02,total postings,IT Systems & Solutions
2024-11-13,FR,103.95,new postings,IT Systems & Solutions
2024-11-13,FR,100.76,total postings,IT Systems & Solutions
2024-11-14,FR,103.45,new postings,IT Systems & Solutions
2024-11-14,FR,100.36,total postings,IT Systems & Solutions
2024-11-15,FR,103.24,new postings,IT Systems & Solutions
2024-11-15,FR,99.97,total postings,IT Systems & Solutions
2024-11-16,FR,102.76,new postings,IT Systems & Solutions
2024-11-16,FR,99.8,total postings,IT Systems & Solutions
2024-11-17,FR,102.55,new postings,IT Systems & Solutions
2024-11-17,FR,99.67,total postings,IT Systems & Solutions
2024-11-18,FR,101.54,new postings,IT Systems & Solutions
2024-11-18,FR,99.48,total postings,IT Systems & Solutions
2024-11-19,FR,102.22,new postings,IT Systems & Solutions
2024-11-19,FR,99.35,total postings,IT Systems & Solutions
2024-11-20,FR,101.54,new postings,IT Systems & Solutions
2024-11-20,FR,99.19,total postings,IT Systems & Solutions
2024-11-21,FR,101.31,new postings,IT Systems & Solutions
2024-11-21,FR,99.21,total postings,IT Systems & Solutions
2024-11-22,FR,101.24,new postings,IT Systems & Solutions
2024-11-22,FR,99.17,total postings,IT Systems & Solutions
2024-11-23,FR,100.07,new postings,IT Systems & Solutions
2024-11-23,FR,99.09,total postings,IT Systems & Solutions
2024-11-24,FR,99.24,new postings,IT Systems & Solutions
2024-11-24,FR,99.0,total postings,IT Systems & Solutions
2024-11-25,FR,98.34,new postings,IT Systems & Solutions
2024-11-25,FR,98.85,total postings,IT Systems & Solutions
2024-11-26,FR,97.49,new postings,IT Systems & Solutions
2024-11-26,FR,98.65,total postings,IT Systems & Solutions
2024-11-27,FR,98.24,new postings,IT Systems & Solutions
2024-11-27,FR,98.42,total postings,IT Systems & Solutions
2024-11-28,FR,98.22,new postings,IT Systems & Solutions
2024-11-28,FR,98.18,total postings,IT Systems & Solutions
2024-11-29,FR,98.6,new postings,IT Systems & Solutions
2024-11-29,FR,97.94,total postings,IT Systems & Solutions
2024-11-30,FR,99.65,new postings,IT Systems & Solutions
2024-11-30,FR,97.75,total postings,IT Systems & Solutions
2024-12-01,FR,99.94,new postings,IT Systems & Solutions
2024-12-01,FR,97.45,total postings,IT Systems & Solutions
2024-12-02,FR,100.06,new postings,IT Systems & Solutions
2024-12-02,FR,97.33,total postings,IT Systems & Solutions
2024-12-03,FR,98.69,new postings,IT Systems & Solutions
2024-12-03,FR,97.17,total postings,IT Systems & Solutions
2024-12-04,FR,97.07,new postings,IT Systems & Solutions
2024-12-04,FR,97.07,total postings,IT Systems & Solutions
2024-12-05,FR,95.5,new postings,IT Systems & Solutions
2024-12-05,FR,96.89,total postings,IT Systems & Solutions
2024-12-06,FR,94.3,new postings,IT Systems & Solutions
2024-12-06,FR,96.84,total postings,IT Systems & Solutions
2024-12-07,FR,92.93,new postings,IT Systems & Solutions
2024-12-07,FR,96.8,total postings,IT Systems & Solutions
2024-12-08,FR,92.8,new postings,IT Systems & Solutions
2024-12-08,FR,96.96,total postings,IT Systems & Solutions
2024-12-09,FR,93.48,new postings,IT Systems & Solutions
2024-12-09,FR,96.99,total postings,IT Systems & Solutions
2024-12-10,FR,94.24,new postings,IT Systems & Solutions
2024-12-10,FR,96.89,total postings,IT Systems & Solutions
2024-12-11,FR,95.23,new postings,IT Systems & Solutions
2024-12-11,FR,96.79,total postings,IT Systems & Solutions
2024-12-12,FR,97.04,new postings,IT Systems & Solutions
2024-12-12,FR,96.66,total postings,IT Systems & Solutions
2024-12-13,FR,98.24,new postings,IT Systems & Solutions
2024-12-13,FR,96.55,total postings,IT Systems & Solutions
2024-12-14,FR,99.89,new postings,IT Systems & Solutions
2024-12-14,FR,96.34,total postings,IT Systems & Solutions
2024-12-15,FR,100.4,new postings,IT Systems & Solutions
2024-12-15,FR,96.06,total postings,IT Systems & Solutions
2024-12-16,FR,100.13,new postings,IT Systems & Solutions
2024-12-16,FR,95.76,total postings,IT Systems & Solutions
2024-12-17,FR,101.03,new postings,IT Systems & Solutions
2024-12-17,FR,95.79,total postings,IT Systems & Solutions
2024-12-18,FR,101.59,new postings,IT Systems & Solutions
2024-12-18,FR,95.77,total postings,IT Systems & Solutions
2024-12-19,FR,101.54,new postings,IT Systems & Solutions
2024-12-19,FR,95.78,total postings,IT Systems & Solutions
2024-12-20,FR,101.59,new postings,IT Systems & Solutions
2024-12-20,FR,95.76,total postings,IT Systems & Solutions
2024-12-21,FR,102.26,new postings,IT Systems & Solutions
2024-12-21,FR,95.72,total postings,IT Systems & Solutions
2024-12-22,FR,103.31,new postings,IT Systems & Solutions
2024-12-22,FR,95.71,total postings,IT Systems & Solutions
2024-12-23,FR,104.73,new postings,IT Systems & Solutions
2024-12-23,FR,95.67,total postings,IT Systems & Solutions
2024-12-24,FR,104.83,new postings,IT Systems & Solutions
2024-12-24,FR,95.47,total postings,IT Systems & Solutions
2024-12-25,FR,104.07,new postings,IT Systems & Solutions
2024-12-25,FR,95.35,total postings,IT Systems & Solutions
2024-12-26,FR,103.73,new postings,IT Systems & Solutions
2024-12-26,FR,95.29,total postings,IT Systems & Solutions
2024-12-27,FR,103.3,new postings,IT Systems & Solutions
2024-12-27,FR,95.03,total postings,IT Systems & Solutions
2024-12-28,FR,100.12,new postings,IT Systems & Solutions
2024-12-28,FR,95.02,total postings,IT Systems & Solutions
2024-12-29,FR,97.47,new postings,IT Systems & Solutions
2024-12-29,FR,94.93,total postings,IT Systems & Solutions
2024-12-30,FR,95.54,new postings,IT Systems & Solutions
2024-12-30,FR,94.96,total postings,IT Systems & Solutions
2024-12-31,FR,94.78,new postings,IT Systems & Solutions
2024-12-31,FR,95.01,total postings,IT Systems & Solutions
2025-01-01,FR,95.17,new postings,IT Systems & Solutions
2025-01-01,FR,95.08,total postings,IT Systems & Solutions
2025-01-02,FR,93.93,new postings,IT Systems & Solutions
2025-01-02,FR,95.07,total postings,IT Systems & Solutions
2025-01-03,FR,92.49,new postings,IT Systems & Solutions
2025-01-03,FR,95.27,total postings,IT Systems & Solutions
2025-01-04,FR,93.23,new postings,IT Systems & Solutions
2025-01-04,FR,95.33,total postings,IT Systems & Solutions
2025-01-05,FR,94.58,new postings,IT Systems & Solutions
2025-01-05,FR,95.37,total postings,IT Systems & Solutions
2025-01-06,FR,93.25,new postings,IT Systems & Solutions
2025-01-06,FR,95.47,total postings,IT Systems & Solutions
2025-01-07,FR,91.23,new postings,IT Systems & Solutions
2025-01-07,FR,95.45,total postings,IT Systems & Solutions
2025-01-08,FR,88.96,new postings,IT Systems & Solutions
2025-01-08,FR,95.26,total postings,IT Systems & Solutions
2025-01-09,FR,89.82,new postings,IT Systems & Solutions
2025-01-09,FR,95.25,total postings,IT Systems & Solutions
2025-01-10,FR,90.93,new postings,IT Systems & Solutions
2025-01-10,FR,95.17,total postings,IT Systems & Solutions
2025-01-11,FR,92.19,new postings,IT Systems & Solutions
2025-01-11,FR,95.11,total postings,IT Systems & Solutions
2025-01-12,FR,92.51,new postings,IT Systems & Solutions
2025-01-12,FR,95.07,total postings,IT Systems & Solutions
2025-01-13,FR,94.88,new postings,IT Systems & Solutions
2025-01-13,FR,94.9,total postings,IT Systems & Solutions
2025-01-14,FR,97.8,new postings,IT Systems & Solutions
2025-01-14,FR,94.74,total postings,IT Systems & Solutions
2025-01-15,FR,99.46,new postings,IT Systems & Solutions
2025-01-15,FR,94.62,total postings,IT Systems & Solutions
2025-01-16,FR,99.03,new postings,IT Systems & Solutions
2025-01-16,FR,94.42,total postings,IT Systems & Solutions
2025-01-17,FR,97.76,new postings,IT Systems & Solutions
2025-01-17,FR,94.18,total postings,IT Systems & Solutions
2025-01-18,FR,95.48,new postings,IT Systems & Solutions
2025-01-18,FR,93.86,total postings,IT Systems & Solutions
2025-01-19,FR,93.12,new postings,IT Systems & Solutions
2025-01-19,FR,93.62,total postings,IT Systems & Solutions
2025-01-20,FR,90.93,new postings,IT Systems & Solutions
2025-01-20,FR,93.39,total postings,IT Systems & Solutions
2025-01-21,FR,87.29,new postings,IT Systems & Solutions
2025-01-21,FR,93.25,total postings,IT Systems & Solutions
2025-01-22,FR,85.42,new postings,IT Systems & Solutions
2025-01-22,FR,93.32,total postings,IT Systems & Solutions
2025-01-23,FR,83.89,new postings,IT Systems & Solutions
2025-01-23,FR,93.07,total postings,IT Systems & Solutions
2025-01-24,FR,84.28,new postings,IT Systems & Solutions
2025-01-24,FR,92.94,total postings,IT Systems & Solutions
2025-01-25,FR,86.04,new postings,IT Systems & Solutions
2025-01-25,FR,92.96,total postings,IT Systems & Solutions
2025-01-26,FR,88.07,new postings,IT Systems & Solutions
2025-01-26,FR,92.94,total postings,IT Systems & Solutions
2025-01-27,FR,89.11,new postings,IT Systems & Solutions
2025-01-27,FR,92.87,total postings,IT Systems & Solutions
2025-01-28,FR,98.52,new postings,IT Systems & Solutions
2025-01-28,FR,93.19,total postings,IT Systems & Solutions
2025-01-29,FR,100.73,new postings,IT Systems & Solutions
2025-01-29,FR,93.0,total postings,IT Systems & Solutions
2025-01-30,FR,103.29,new postings,IT Systems & Solutions
2025-01-30,FR,93.14,total postings,IT Systems & Solutions
2025-01-31,FR,104.85,new postings,IT Systems & Solutions
2025-01-31,FR,93.22,total postings,IT Systems & Solutions
2025-02-01,FR,105.79,new postings,IT Systems & Solutions
2025-02-01,FR,93.26,total postings,IT Systems & Solutions
2025-02-02,FR,106.49,new postings,IT Systems & Solutions
2025-02-02,FR,93.31,total postings,IT Systems & Solutions
2025-02-03,FR,107.4,new postings,IT Systems & Solutions
2025-02-03,FR,93.4,total postings,IT Systems & Solutions
2025-02-04,FR,100.59,new postings,IT Systems & Solutions
2025-02-04,FR,93.11,total postings,IT Systems & Solutions
2025-02-05,FR,100.81,new postings,IT Systems & Solutions
2025-02-05,FR,93.32,total postings,IT Systems & Solutions
2025-02-06,FR,100.59,new postings,IT Systems & Solutions
2025-02-06,FR,93.48,total postings,IT Systems & Solutions
2025-02-07,FR,98.91,new postings,IT Systems & Solutions
2025-02-07,FR,93.52,total postings,IT Systems & Solutions
2025-02-08,FR,98.64,new postings,IT Systems & Solutions
2025-02-08,FR,93.63,total postings,IT Systems & Solutions
2025-02-09,FR,98.16,new postings,IT Systems & Solutions
2025-02-09,FR,93.7,total postings,IT Systems & Solutions
2025-02-10,FR,98.47,new postings,IT Systems & Solutions
2025-02-10,FR,93.74,total postings,IT Systems & Solutions
2025-02-11,FR,98.66,new postings,IT Systems & Solutions
2025-02-11,FR,93.71,total postings,IT Systems & Solutions
2025-02-12,FR,98.01,new postings,IT Systems & Solutions
2025-02-12,FR,93.51,total postings,IT Systems & Solutions
2025-02-13,FR,98.17,new postings,IT Systems & Solutions
2025-02-13,FR,93.33,total postings,IT Systems & Solutions
2025-02-14,FR,100.87,new postings,IT Systems & Solutions
2025-02-14,FR,93.49,total postings,IT Systems & Solutions
2025-02-15,FR,99.88,new postings,IT Systems & Solutions
2025-02-15,FR,93.27,total postings,IT Systems & Solutions
2025-02-16,FR,99.53,new postings,IT Systems & Solutions
2025-02-16,FR,93.19,total postings,IT Systems & Solutions
2025-02-17,FR,99.27,new postings,IT Systems & Solutions
2025-02-17,FR,93.19,total postings,IT Systems & Solutions
2025-02-18,FR,99.49,new postings,IT Systems & Solutions
2025-02-18,FR,93.18,total postings,IT Systems & Solutions
2025-02-19,FR,99.59,new postings,IT Systems & Solutions
2025-02-19,FR,93.23,total postings,IT Systems & Solutions
2025-02-20,FR,98.15,new postings,IT Systems & Solutions
2025-02-20,FR,93.22,total postings,IT Systems & Solutions
2025-02-21,FR,94.91,new postings,IT Systems & Solutions
2025-02-21,FR,93.02,total postings,IT Systems & Solutions
2025-02-22,FR,94.57,new postings,IT Systems & Solutions
2025-02-22,FR,93.23,total postings,IT Systems & Solutions
2025-02-23,FR,94.31,new postings,IT Systems & Solutions
2025-02-23,FR,93.28,total postings,IT Systems & Solutions
2025-02-24,FR,94.65,new postings,IT Systems & Solutions
2025-02-24,FR,93.39,total postings,IT Systems & Solutions
2025-02-25,FR,94.91,new postings,IT Systems & Solutions
2025-02-25,FR,93.48,total postings,IT Systems & Solutions
2025-02-26,FR,95.76,new postings,IT Systems & Solutions
2025-02-26,FR,93.56,total postings,IT Systems & Solutions
2025-02-27,FR,98.61,new postings,IT Systems & Solutions
2025-02-27,FR,93.88,total postings,IT Systems & Solutions
2025-02-28,FR,101.47,new postings,IT Systems & Solutions
2025-02-28,FR,94.17,total postings,IT Systems & Solutions
2025-03-01,FR,102.59,new postings,IT Systems & Solutions
2025-03-01,FR,94.33,total postings,IT Systems & Solutions
2025-03-02,FR,103.2,new postings,IT Systems & Solutions
2025-03-02,FR,94.56,total postings,IT Systems & Solutions
2025-03-03,FR,102.31,new postings,IT Systems & Solutions
2025-03-03,FR,94.63,total postings,IT Systems & Solutions
2025-03-04,FR,100.93,new postings,IT Systems & Solutions
2025-03-04,FR,94.64,total postings,IT Systems & Solutions
2025-03-05,FR,99.31,new postings,IT Systems & Solutions
2025-03-05,FR,94.41,total postings,IT Systems & Solutions
2025-03-06,FR,97.35,new postings,IT Systems & Solutions
2025-03-06,FR,94.29,total postings,IT Systems & Solutions
2025-03-07,FR,94.85,new postings,IT Systems & Solutions
2025-03-07,FR,93.89,total postings,IT Systems & Solutions
2025-03-08,FR,93.05,new postings,IT Systems & Solutions
2025-03-08,FR,93.45,total postings,IT Systems & Solutions
2025-03-09,FR,91.96,new postings,IT Systems & Solutions
2025-03-09,FR,92.88,total postings,IT Systems & Solutions
2025-03-10,FR,92.14,new postings,IT Systems & Solutions
2025-03-10,FR,92.35,total postings,IT Systems & Solutions
2025-03-11,FR,93.29,new postings,IT Systems & Solutions
2025-03-11,FR,92.1,total postings,IT Systems & Solutions
2025-03-12,FR,94.06,new postings,IT Systems & Solutions
2025-03-12,FR,92.05,total postings,IT Systems & Solutions
2025-03-13,FR,93.74,new postings,IT Systems & Solutions
2025-03-13,FR,91.55,total postings,IT Systems & Solutions
2025-03-14,FR,94.22,new postings,IT Systems & Solutions
2025-03-14,FR,91.34,total postings,IT Systems & Solutions
2025-03-15,FR,95.1,new postings,IT Systems & Solutions
2025-03-15,FR,91.05,total postings,IT Systems & Solutions
2025-03-16,FR,96.45,new postings,IT Systems & Solutions
2025-03-16,FR,90.91,total postings,IT Systems & Solutions
2025-03-17,FR,97.8,new postings,IT Systems & Solutions
2025-03-17,FR,90.83,total postings,IT Systems & Solutions
2025-03-18,FR,98.38,new postings,IT Systems & Solutions
2025-03-18,FR,90.52,total postings,IT Systems & Solutions
2025-03-19,FR,99.6,new postings,IT Systems & Solutions
2025-03-19,FR,90.37,total postings,IT Systems & Solutions
2025-03-20,FR,101.54,new postings,IT Systems & Solutions
2025-03-20,FR,90.43,total postings,IT Systems & Solutions
2025-03-21,FR,103.78,new postings,IT Systems & Solutions
2025-03-21,FR,90.33,total postings,IT Systems & Solutions
2025-03-22,FR,106.42,new postings,IT Systems & Solutions
2025-03-22,FR,90.29,total postings,IT Systems & Solutions
2025-03-23,FR,107.28,new postings,IT Systems & Solutions
2025-03-23,FR,90.26,total postings,IT Systems & Solutions
2025-03-24,FR,107.15,new postings,IT Systems & Solutions
2025-03-24,FR,90.22,total postings,IT Systems & Solutions
2025-03-25,FR,105.08,new postings,IT Systems & Solutions
2025-03-25,FR,90.1,total postings,IT Systems & Solutions
2025-03-26,FR,103.25,new postings,IT Systems & Solutions
2025-03-26,FR,89.88,total postings,IT Systems & Solutions
2025-03-27,FR,101.67,new postings,IT Systems & Solutions
2025-03-27,FR,89.65,total postings,IT Systems & Solutions
2025-03-28,FR,99.96,new postings,IT Systems & Solutions
2025-03-28,FR,89.4,total postings,IT Systems & Solutions
2025-03-29,FR,97.15,new postings,IT Systems & Solutions
2025-03-29,FR,89.26,total postings,IT Systems & Solutions
2025-03-30,FR,95.26,new postings,IT Systems & Solutions
2025-03-30,FR,89.09,total postings,IT Systems & Solutions
2025-03-31,FR,94.23,new postings,IT Systems & Solutions
2025-03-31,FR,88.94,total postings,IT Systems & Solutions
2025-04-01,FR,95.15,new postings,IT Systems & Solutions
2025-04-01,FR,88.95,total postings,IT Systems & Solutions
2025-04-02,FR,95.88,new postings,IT Systems & Solutions
2025-04-02,FR,88.95,total postings,IT Systems & Solutions
2025-04-03,FR,95.88,new postings,IT Systems & Solutions
2025-04-03,FR,88.94,total postings,IT Systems & Solutions
2025-04-04,FR,96.49,new postings,IT Systems & Solutions
2025-04-04,FR,89.09,total postings,IT Systems & Solutions
2025-04-05,FR,97.96,new postings,IT Systems & Solutions
2025-04-05,FR,89.2,total postings,IT Systems & Solutions
2025-04-06,FR,99.29,new postings,IT Systems & Solutions
2025-04-06,FR,89.32,total postings,IT Systems & Solutions
2025-04-07,FR,100.2,new postings,IT Systems & Solutions
2025-04-07,FR,89.4,total postings,IT Systems & Solutions
2025-04-08,FR,101.61,new postings,IT Systems & Solutions
2025-04-08,FR,89.57,total postings,IT Systems & Solutions
2025-04-09,FR,102.24,new postings,IT Systems & Solutions
2025-04-09,FR,89.63,total postings,IT Systems & Solutions
2025-04-10,FR,101.62,new postings,IT Systems & Solutions
2025-04-10,FR,89.61,total postings,IT Systems & Solutions
2025-04-11,FR,100.14,new postings,IT Systems & Solutions
2025-04-11,FR,89.41,total postings,IT Systems & Solutions
2025-04-12,FR,98.05,new postings,IT Systems & Solutions
2025-04-12,FR,89.14,total postings,IT Systems & Solutions
2025-04-13,FR,95.52,new postings,IT Systems & Solutions
2025-04-13,FR,88.83,total postings,IT Systems & Solutions
2025-04-14,FR,93.07,new postings,IT Systems & Solutions
2025-04-14,FR,88.5,total postings,IT Systems & Solutions
2025-04-15,FR,89.72,new postings,IT Systems & Solutions
2025-04-15,FR,88.0,total postings,IT Systems & Solutions
2025-04-16,FR,88.13,new postings,IT Systems & Solutions
2025-04-16,FR,87.73,total postings,IT Systems & Solutions
2025-04-17,FR,88.23,new postings,IT Systems & Solutions
2025-04-17,FR,87.47,total postings,IT Systems & Solutions
2025-04-18,FR,89.54,new postings,IT Systems & Solutions
2025-04-18,FR,87.26,total postings,IT Systems & Solutions
2025-04-19,FR,90.08,new postings,IT Systems & Solutions
2025-04-19,FR,87.06,total postings,IT Systems & Solutions
2025-04-20,FR,91.1,new postings,IT Systems & Solutions
2025-04-20,FR,87.0,total postings,IT Systems & Solutions
2025-04-21,FR,93.19,new postings,IT Systems & Solutions
2025-04-21,FR,86.96,total postings,IT Systems & Solutions
2025-04-22,FR,94.91,new postings,IT Systems & Solutions
2025-04-22,FR,87.0,total postings,IT Systems & Solutions
2025-04-23,FR,95.04,new postings,IT Systems & Solutions
2025-04-23,FR,86.89,total postings,IT Systems & Solutions
2025-04-24,FR,94.09,new postings,IT Systems & Solutions
2025-04-24,FR,86.82,total postings,IT Systems & Solutions
2025-04-25,FR,90.12,new postings,IT Systems & Solutions
2025-04-25,FR,86.69,total postings,IT Systems & Solutions
2025-04-26,FR,86.0,new postings,IT Systems & Solutions
2025-04-26,FR,86.55,total postings,IT Systems & Solutions
2025-04-27,FR,81.57,new postings,IT Systems & Solutions
2025-04-27,FR,86.41,total postings,IT Systems & Solutions
2025-04-28,FR,75.89,new postings,IT Systems & Solutions
2025-04-28,FR,86.22,total postings,IT Systems & Solutions
2025-04-29,FR,73.08,new postings,IT Systems & Solutions
2025-04-29,FR,86.08,total postings,IT Systems & Solutions
2025-04-30,FR,71.93,new postings,IT Systems & Solutions
2025-04-30,FR,85.98,total postings,IT Systems & Solutions
2025-05-01,FR,71.66,new postings,IT Systems & Solutions
2025-05-01,FR,85.88,total postings,IT Systems & Solutions
2025-05-02,FR,73.76,new postings,IT Systems & Solutions
2025-05-02,FR,85.86,total postings,IT Systems & Solutions
2025-05-03,FR,75.44,new postings,IT Systems & Solutions
2025-05-03,FR,85.84,total postings,IT Systems & Solutions
2025-05-04,FR,78.12,new postings,IT Systems & Solutions
2025-05-04,FR,85.72,total postings,IT Systems & Solutions
2025-05-05,FR,80.65,new postings,IT Systems & Solutions
2025-05-05,FR,85.67,total postings,IT Systems & Solutions
2025-05-06,FR,82.36,new postings,IT Systems & Solutions
2025-05-06,FR,85.5,total postings,IT Systems & Solutions
2025-05-07,FR,81.51,new postings,IT Systems & Solutions
2025-05-07,FR,85.27,total postings,IT Systems & Solutions
2025-05-08,FR,81.17,new postings,IT Systems & Solutions
2025-05-08,FR,85.03,total postings,IT Systems & Solutions
2025-05-09,FR,80.02,new postings,IT Systems & Solutions
2025-05-09,FR,84.78,total postings,IT Systems & Solutions
2025-05-10,FR,81.98,new postings,IT Systems & Solutions
2025-05-10,FR,84.6,total postings,IT Systems & Solutions
2025-05-11,FR,83.24,new postings,IT Systems & Solutions
2025-05-11,FR,84.44,total postings,IT Systems & Solutions
2025-05-12,FR,83.38,new postings,IT Systems & Solutions
2025-05-12,FR,84.24,total postings,IT Systems & Solutions
2025-05-13,FR,80.84,new postings,IT Systems & Solutions
2025-05-13,FR,84.16,total postings,IT Systems & Solutions
2025-05-14,FR,81.06,new postings,IT Systems & Solutions
2025-05-14,FR,84.08,total postings,IT Systems & Solutions
2025-05-15,FR,80.55,new postings,IT Systems & Solutions
2025-05-15,FR,83.99,total postings,IT Systems & Solutions
2025-05-16,FR,85.3,new postings,IT Systems & Solutions
2025-05-16,FR,84.08,total postings,IT Systems & Solutions
2025-05-17,FR,87.89,new postings,IT Systems & Solutions
2025-05-17,FR,84.04,total postings,IT Systems & Solutions
2025-05-18,FR,88.62,new postings,IT Systems & Solutions
2025-05-18,FR,84.26,total postings,IT Systems & Solutions
2025-05-19,FR,91.48,new postings,IT Systems & Solutions
2025-05-19,FR,84.6,total postings,IT Systems & Solutions
2025-05-20,FR,96.15,new postings,IT Systems & Solutions
2025-05-20,FR,84.71,total postings,IT Systems & Solutions
2025-05-21,FR,99.52,new postings,IT Systems & Solutions
2025-05-21,FR,84.86,total postings,IT Systems & Solutions
2025-05-22,FR,101.76,new postings,IT Systems & Solutions
2025-05-22,FR,85.09,total postings,IT Systems & Solutions
2025-05-23,FR,98.6,new postings,IT Systems & Solutions
2025-05-23,FR,85.07,total postings,IT Systems & Solutions
2025-05-24,FR,96.19,new postings,IT Systems & Solutions
2025-05-24,FR,85.18,total postings,IT Systems & Solutions
2025-05-25,FR,95.81,new postings,IT Systems & Solutions
2025-05-25,FR,84.99,total postings,IT Systems & Solutions
2025-05-26,FR,94.37,new postings,IT Systems & Solutions
2025-05-26,FR,84.77,total postings,IT Systems & Solutions
2025-05-27,FR,92.45,new postings,IT Systems & Solutions
2025-05-27,FR,84.74,total postings,IT Systems & Solutions
2025-05-28,FR,90.4,new postings,IT Systems & Solutions
2025-05-28,FR,84.5,total postings,IT Systems & Solutions
2025-05-29,FR,90.23,new postings,IT Systems & Solutions
2025-05-29,FR,84.09,total postings,IT Systems & Solutions
2025-05-30,FR,90.16,new postings,IT Systems & Solutions
2025-05-30,FR,83.85,total postings,IT Systems & Solutions
2025-05-31,FR,89.64,new postings,IT Systems & Solutions
2025-05-31,FR,83.31,total postings,IT Systems & Solutions
2025-06-01,FR,89.73,new postings,IT Systems & Solutions
2025-06-01,FR,82.78,total postings,IT Systems & Solutions
2025-06-02,FR,89.26,new postings,IT Systems & Solutions
2025-06-02,FR,82.18,total postings,IT Systems & Solutions
2025-06-03,FR,89.39,new postings,IT Systems & Solutions
2025-06-03,FR,81.62,total postings,IT Systems & Solutions
2025-06-04,FR,86.37,new postings,IT Systems & Solutions
2025-06-04,FR,80.94,total postings,IT Systems & Solutions
2025-06-05,FR,83.05,new postings,IT Systems & Solutions
2025-06-05,FR,80.45,total postings,IT Systems & Solutions
2025-06-06,FR,81.52,new postings,IT Systems & Solutions
2025-06-06,FR,79.92,total postings,IT Systems & Solutions
2025-06-07,FR,81.86,new postings,IT Systems & Solutions
2025-06-07,FR,79.71,total postings,IT Systems & Solutions
2025-06-08,FR,81.1,new postings,IT Systems & Solutions
2025-06-08,FR,79.51,total postings,IT Systems & Solutions
2025-06-09,FR,81.23,new postings,IT Systems & Solutions
2025-06-09,FR,79.35,total postings,IT Systems & Solutions
2025-06-10,FR,79.68,new postings,IT Systems & Solutions
2025-06-10,FR,78.91,total postings,IT Systems & Solutions
2025-06-11,FR,81.11,new postings,IT Systems & Solutions
2025-06-11,FR,78.74,total postings,IT Systems & Solutions
2025-06-12,FR,82.17,new postings,IT Systems & Solutions
2025-06-12,FR,78.56,total postings,IT Systems & Solutions
2025-06-13,FR,81.86,new postings,IT Systems & Solutions
2025-06-13,FR,78.54,total postings,IT Systems & Solutions
2025-06-14,FR,80.03,new postings,IT Systems & Solutions
2025-06-14,FR,78.41,total postings,IT Systems & Solutions
2025-06-15,FR,78.78,new postings,IT Systems & Solutions
2025-06-15,FR,78.32,total postings,IT Systems & Solutions
2025-06-16,FR,77.47,new postings,IT Systems & Solutions
2025-06-16,FR,78.12,total postings,IT Systems & Solutions
2025-06-17,FR,78.68,new postings,IT Systems & Solutions
2025-06-17,FR,78.17,total postings,IT Systems & Solutions
2025-06-18,FR,78.86,new postings,IT Systems & Solutions
2025-06-18,FR,78.24,total postings,IT Systems & Solutions
2025-06-19,FR,79.66,new postings,IT Systems & Solutions
2025-06-19,FR,78.28,total postings,IT Systems & Solutions
2025-06-20,FR,79.51,new postings,IT Systems & Solutions
2025-06-20,FR,78.08,total postings,IT Systems & Solutions
2025-06-21,FR,79.32,new postings,IT Systems & Solutions
2025-06-21,FR,77.86,total postings,IT Systems & Solutions
2025-06-22,FR,78.86,new postings,IT Systems & Solutions
2025-06-22,FR,77.6,total postings,IT Systems & Solutions
2025-06-23,FR,78.39,new postings,IT Systems & Solutions
2025-06-23,FR,77.37,total postings,IT Systems & Solutions
2025-06-24,FR,76.71,new postings,IT Systems & Solutions
2025-06-24,FR,77.03,total postings,IT Systems & Solutions
2025-06-25,FR,75.91,new postings,IT Systems & Solutions
2025-06-25,FR,76.54,total postings,IT Systems & Solutions
2025-06-26,FR,74.79,new postings,IT Systems & Solutions
2025-06-26,FR,76.25,total postings,IT Systems & Solutions
2025-06-27,FR,75.44,new postings,IT Systems & Solutions
2025-06-27,FR,76.19,total postings,IT Systems & Solutions
2025-06-28,FR,77.08,new postings,IT Systems & Solutions
2025-06-28,FR,76.24,total postings,IT Systems & Solutions
2025-06-29,FR,79.21,new postings,IT Systems & Solutions
2025-06-29,FR,76.34,total postings,IT Systems & Solutions
2025-06-30,FR,81.11,new postings,IT Systems & Solutions
2025-06-30,FR,76.55,total postings,IT Systems & Solutions
2025-07-01,FR,83.14,new postings,IT Systems & Solutions
2025-07-01,FR,76.83,total postings,IT Systems & Solutions
2025-07-02,FR,86.59,new postings,IT Systems & Solutions
2025-07-02,FR,77.34,total postings,IT Systems & Solutions
2025-07-03,FR,89.93,new postings,IT Systems & Solutions
2025-07-03,FR,77.66,total postings,IT Systems & Solutions
2025-07-04,FR,92.1,new postings,IT Systems & Solutions
2025-07-04,FR,77.88,total postings,IT Systems & Solutions
2025-07-05,FR,93.11,new postings,IT Systems & Solutions
2025-07-05,FR,78.08,total postings,IT Systems & Solutions
2025-07-06,FR,93.29,new postings,IT Systems & Solutions
2025-07-06,FR,78.12,total postings,IT Systems & Solutions
2025-07-07,FR,93.67,new postings,IT Systems & Solutions
2025-07-07,FR,78.18,total postings,IT Systems & Solutions
2025-07-08,FR,93.5,new postings,IT Systems & Solutions
2025-07-08,FR,78.08,total postings,IT Systems & Solutions
2025-07-09,FR,91.69,new postings,IT Systems & Solutions
2025-07-09,FR,77.96,total postings,IT Systems & Solutions
2025-07-10,FR,89.62,new postings,IT Systems & Solutions
2025-07-10,FR,77.73,total postings,IT Systems & Solutions
2025-07-11,FR,87.8,new postings,IT Systems & Solutions
2025-07-11,FR,77.48,total postings,IT Systems & Solutions
2025-07-12,FR,85.95,new postings,IT Systems & Solutions
2025-07-12,FR,77.26,total postings,IT Systems & Solutions
2025-07-13,FR,84.16,new postings,IT Systems & Solutions
2025-07-13,FR,77.18,total postings,IT Systems & Solutions
2025-07-14,FR,82.29,new postings,IT Systems & Solutions
2025-07-14,FR,77.0,total postings,IT Systems & Solutions
2025-07-15,FR,81.3,new postings,IT Systems & Solutions
2025-07-15,FR,76.71,total postings,IT Systems & Solutions
2025-07-16,FR,81.26,new postings,IT Systems & Solutions
2025-07-16,FR,76.15,total postings,IT Systems & Solutions
2025-07-17,FR,80.67,new postings,IT Systems & Solutions
2025-07-17,FR,75.65,total postings,IT Systems & Solutions
2025-07-18,FR,80.72,new postings,IT Systems & Solutions
2025-07-18,FR,75.19,total postings,IT Systems & Solutions
2025-07-19,FR,81.8,new postings,IT Systems & Solutions
2025-07-19,FR,74.75,total postings,IT Systems & Solutions
2025-07-20,FR,83.09,new postings,IT Systems & Solutions
2025-07-20,FR,74.54,total postings,IT Systems & Solutions
2025-07-21,FR,84.31,new postings,IT Systems & Solutions
2025-07-21,FR,74.29,total postings,IT Systems & Solutions
2025-07-22,FR,86.51,new postings,IT Systems & Solutions
2025-07-22,FR,74.29,total postings,IT Systems & Solutions
2025-07-23,FR,88.04,new postings,IT Systems & Solutions
2025-07-23,FR,74.49,total postings,IT Systems & Solutions
2025-07-24,FR,90.59,new postings,IT Systems & Solutions
2025-07-24,FR,74.66,total postings,IT Systems & Solutions
2025-07-25,FR,92.57,new postings,IT Systems & Solutions
2025-07-25,FR,74.77,total postings,IT Systems & Solutions
2025-07-26,FR,93.72,new postings,IT Systems & Solutions
2025-07-26,FR,74.91,total postings,IT Systems & Solutions
2025-07-27,FR,95.52,new postings,IT Systems & Solutions
2025-07-27,FR,74.84,total postings,IT Systems & Solutions
2025-07-28,FR,97.39,new postings,IT Systems & Solutions
2025-07-28,FR,74.74,total postings,IT Systems & Solutions
2025-07-29,FR,97.15,new postings,IT Systems & Solutions
2025-07-29,FR,74.59,total postings,IT Systems & Solutions
2025-07-30,FR,98.1,new postings,IT Systems & Solutions
2025-07-30,FR,74.49,total postings,IT Systems & Solutions
2025-07-31,FR,98.44,new postings,IT Systems & Solutions
2025-07-31,FR,74.44,total postings,IT Systems & Solutions
2025-08-01,FR,98.29,new postings,IT Systems & Solutions
2025-08-01,FR,74.31,total postings,IT Systems & Solutions
2025-08-02,FR,98.48,new postings,IT Systems & Solutions
2025-08-02,FR,74.05,total postings,IT Systems & Solutions
2025-08-03,FR,98.03,new postings,IT Systems & Solutions
2025-08-03,FR,73.71,total postings,IT Systems & Solutions
2025-08-04,FR,97.79,new postings,IT Systems & Solutions
2025-08-04,FR,73.52,total postings,IT Systems & Solutions
2025-08-05,FR,98.47,new postings,IT Systems & Solutions
2025-08-05,FR,73.43,total postings,IT Systems & Solutions
2025-08-06,FR,97.18,new postings,IT Systems & Solutions
2025-08-06,FR,73.33,total postings,IT Systems & Solutions
2025-08-07,FR,95.78,new postings,IT Systems & Solutions
2025-08-07,FR,73.16,total postings,IT Systems & Solutions
2025-08-08,FR,94.26,new postings,IT Systems & Solutions
2025-08-08,FR,72.93,total postings,IT Systems & Solutions
2025-08-09,FR,93.02,new postings,IT Systems & Solutions
2025-08-09,FR,72.73,total postings,IT Systems & Solutions
2025-08-10,FR,92.49,new postings,IT Systems & Solutions
2025-08-10,FR,72.69,total postings,IT Systems & Solutions
2025-08-11,FR,91.77,new postings,IT Systems & Solutions
2025-08-11,FR,72.68,total postings,IT Systems & Solutions
2025-08-12,FR,91.01,new postings,IT Systems & Solutions
2025-08-12,FR,72.58,total postings,IT Systems & Solutions
2025-08-13,FR,91.24,new postings,IT Systems & Solutions
2025-08-13,FR,72.46,total postings,IT Systems & Solutions
2025-08-14,FR,91.78,new postings,IT Systems & Solutions
2025-08-14,FR,72.37,total postings,IT Systems & Solutions
2025-08-15,FR,94.21,new postings,IT Systems & Solutions
2025-08-15,FR,72.53,total postings,IT Systems & Solutions
2025-08-16,FR,94.56,new postings,IT Systems & Solutions
2025-08-16,FR,72.68,total postings,IT Systems & Solutions
2025-08-17,FR,94.84,new postings,IT Systems & Solutions
2025-08-17,FR,72.81,total postings,IT Systems & Solutions
2025-08-18,FR,94.53,new postings,IT Systems & Solutions
2025-08-18,FR,72.81,total postings,IT Systems & Solutions
2025-08-19,FR,94.29,new postings,IT Systems & Solutions
2025-08-19,FR,72.96,total postings,IT Systems & Solutions
2025-08-20,FR,94.07,new postings,IT Systems & Solutions
2025-08-20,FR,73.26,total postings,IT Systems & Solutions
2025-08-21,FR,93.32,new postings,IT Systems & Solutions
2025-08-21,FR,73.58,total postings,IT Systems & Solutions
2025-08-22,FR,92.38,new postings,IT Systems & Solutions
2025-08-22,FR,73.85,total postings,IT Systems & Solutions
2025-08-23,FR,92.8,new postings,IT Systems & Solutions
2025-08-23,FR,74.19,total postings,IT Systems & Solutions
2025-08-24,FR,93.44,new postings,IT Systems & Solutions
2025-08-24,FR,74.44,total postings,IT Systems & Solutions
2025-08-25,FR,93.33,new postings,IT Systems & Solutions
2025-08-25,FR,74.82,total postings,IT Systems & Solutions
2025-08-26,FR,95.02,new postings,IT Systems & Solutions
2025-08-26,FR,75.2,total postings,IT Systems & Solutions
2025-08-27,FR,97.1,new postings,IT Systems & Solutions
2025-08-27,FR,75.58,total postings,IT Systems & Solutions
2025-08-28,FR,100.32,new postings,IT Systems & Solutions
2025-08-28,FR,75.96,total postings,IT Systems & Solutions
2025-08-29,FR,102.11,new postings,IT Systems & Solutions
2025-08-29,FR,76.11,total postings,IT Systems & Solutions
2025-08-30,FR,103.66,new postings,IT Systems & Solutions
2025-08-30,FR,76.34,total postings,IT Systems & Solutions
2025-08-31,FR,103.27,new postings,IT Systems & Solutions
2025-08-31,FR,76.43,total postings,IT Systems & Solutions
2025-09-01,FR,103.83,new postings,IT Systems & Solutions
2025-09-01,FR,76.4,total postings,IT Systems & Solutions
2025-09-02,FR,101.79,new postings,IT Systems & Solutions
2025-09-02,FR,76.34,total postings,IT Systems & Solutions
2025-09-03,FR,99.13,new postings,IT Systems & Solutions
2025-09-03,FR,76.27,total postings,IT Systems & Solutions
2025-09-04,FR,96.05,new postings,IT Systems & Solutions
2025-09-04,FR,76.27,total postings,IT Systems & Solutions
2025-09-05,FR,93.99,new postings,IT Systems & Solutions
2025-09-05,FR,76.41,total postings,IT Systems & Solutions
2025-09-06,FR,93.04,new postings,IT Systems & Solutions
2025-09-06,FR,76.52,total postings,IT Systems & Solutions
2025-09-07,FR,93.01,new postings,IT Systems & Solutions
2025-09-07,FR,76.78,total postings,IT Systems & Solutions
2025-09-08,FR,92.69,new postings,IT Systems & Solutions
2025-09-08,FR,77.03,total postings,IT Systems & Solutions
2025-09-09,FR,93.46,new postings,IT Systems & Solutions
2025-09-09,FR,77.23,total postings,IT Systems & Solutions
2025-09-10,FR,94.5,new postings,IT Systems & Solutions
2025-09-10,FR,77.38,total postings,IT Systems & Solutions
2025-09-11,FR,95.17,new postings,IT Systems & Solutions
2025-09-11,FR,77.26,total postings,IT Systems & Solutions
2025-09-12,FR,95.28,new postings,IT Systems & Solutions
2025-09-12,FR,76.91,total postings,IT Systems & Solutions
2025-09-13,FR,94.66,new postings,IT Systems & Solutions
2025-09-13,FR,76.73,total postings,IT Systems & Solutions
2025-09-14,FR,93.76,new postings,IT Systems & Solutions
2025-09-14,FR,76.48,total postings,IT Systems & Solutions
2025-09-15,FR,93.11,new postings,IT Systems & Solutions
2025-09-15,FR,76.27,total postings,IT Systems & Solutions
2025-09-16,FR,91.36,new postings,IT Systems & Solutions
2025-09-16,FR,76.11,total postings,IT Systems & Solutions
2025-09-17,FR,89.98,new postings,IT Systems & Solutions
2025-09-17,FR,75.89,total postings,IT Systems & Solutions
2025-09-18,FR,88.52,new postings,IT Systems & Solutions
2025-09-18,FR,75.82,total postings,IT Systems & Solutions
2025-09-19,FR,86.41,new postings,IT Systems & Solutions
2025-09-19,FR,75.95,total postings,IT Systems & Solutions
2025-09-20,FR,84.55,new postings,IT Systems & Solutions
2025-09-20,FR,76.06,total postings,IT Systems & Solutions
2025-09-21,FR,83.27,new postings,IT Systems & Solutions
2025-09-21,FR,76.12,total postings,IT Systems & Solutions
2025-09-22,FR,82.5,new postings,IT Systems & Solutions
2025-09-22,FR,76.21,total postings,IT Systems & Solutions
2025-09-23,FR,82.92,new postings,IT Systems & Solutions
2025-09-23,FR,76.16,total postings,IT Systems & Solutions
2025-09-24,FR,83.15,new postings,IT Systems & Solutions
2025-09-24,FR,76.18,total postings,IT Systems & Solutions
2025-09-25,FR,83.35,new postings,IT Systems & Solutions
2025-09-25,FR,76.24,total postings,IT Systems & Solutions
2025-09-26,FR,83.94,new postings,IT Systems & Solutions
2025-09-26,FR,76.21,total postings,IT Systems & Solutions
2025-09-27,FR,84.1,new postings,IT Systems & Solutions
2025-09-27,FR,75.97,total postings,IT Systems & Solutions
2025-09-28,FR,83.92,new postings,IT Systems & Solutions
2025-09-28,FR,75.81,total postings,IT Systems & Solutions
2025-09-29,FR,83.41,new postings,IT Systems & Solutions
2025-09-29,FR,75.56,total postings,IT Systems & Solutions
2025-09-30,FR,82.46,new postings,IT Systems & Solutions
2025-09-30,FR,75.42,total postings,IT Systems & Solutions
2025-10-01,FR,81.23,new postings,IT Systems & Solutions
2025-10-01,FR,75.26,total postings,IT Systems & Solutions
2025-10-02,FR,79.97,new postings,IT Systems & Solutions
2025-10-02,FR,75.1,total postings,IT Systems & Solutions
2025-10-03,FR,79.66,new postings,IT Systems & Solutions
2025-10-03,FR,75.08,total postings,IT Systems & Solutions
2025-10-04,FR,79.89,new postings,IT Systems & Solutions
2025-10-04,FR,75.13,total postings,IT Systems & Solutions
2025-10-05,FR,80.41,new postings,IT Systems & Solutions
2025-10-05,FR,75.1,total postings,IT Systems & Solutions
2025-10-06,FR,81.47,new postings,IT Systems & Solutions
2025-10-06,FR,75.16,total postings,IT Systems & Solutions
2025-10-07,FR,81.75,new postings,IT Systems & Solutions
2025-10-07,FR,75.11,total postings,IT Systems & Solutions
2025-10-08,FR,82.25,new postings,IT Systems & Solutions
2025-10-08,FR,75.0,total postings,IT Systems & Solutions
2025-10-09,FR,83.22,new postings,IT Systems & Solutions
2025-10-09,FR,74.93,total postings,IT Systems & Solutions
2025-10-10,FR,82.95,new postings,IT Systems & Solutions
2025-10-10,FR,74.69,total postings,IT Systems & Solutions
2025-10-11,FR,81.59,new postings,IT Systems & Solutions
2025-10-11,FR,74.3,total postings,IT Systems & Solutions
2025-10-12,FR,80.23,new postings,IT Systems & Solutions
2025-10-12,FR,73.92,total postings,IT Systems & Solutions
2025-10-13,FR,78.89,new postings,IT Systems & Solutions
2025-10-13,FR,73.5,total postings,IT Systems & Solutions
2025-10-14,FR,78.49,new postings,IT Systems & Solutions
2025-10-14,FR,73.22,total postings,IT Systems & Solutions
2025-10-15,FR,78.72,new postings,IT Systems & Solutions
2025-10-15,FR,73.06,total postings,IT Systems & Solutions
2025-10-16,FR,78.12,new postings,IT Systems & Solutions
2025-10-16,FR,72.76,total postings,IT Systems & Solutions
2025-10-17,FR,77.9,new postings,IT Systems & Solutions
2025-10-17,FR,72.72,total postings,IT Systems & Solutions
2025-10-18,FR,78.3,new postings,IT Systems & Solutions
2025-10-18,FR,72.67,total postings,IT Systems & Solutions
2025-10-19,FR,78.69,new postings,IT Systems & Solutions
2025-10-19,FR,72.69,total postings,IT Systems & Solutions
2025-10-20,FR,78.7,new postings,IT Systems & Solutions
2025-10-20,FR,72.68,total postings,IT Systems & Solutions
2025-10-21,FR,78.18,new postings,IT Systems & Solutions
2025-10-21,FR,72.6,total postings,IT Systems & Solutions
2025-10-22,FR,76.24,new postings,IT Systems & Solutions
2025-10-22,FR,72.57,total postings,IT Systems & Solutions
2025-10-23,FR,75.28,new postings,IT Systems & Solutions
2025-10-23,FR,72.53,total postings,IT Systems & Solutions
2025-10-24,FR,74.42,new postings,IT Systems & Solutions
2025-10-24,FR,72.35,total postings,IT Systems & Solutions
2025-10-25,FR,73.78,new postings,IT Systems & Solutions
2025-10-25,FR,72.24,total postings,IT Systems & Solutions
2025-10-26,FR,73.08,new postings,IT Systems & Solutions
2025-10-26,FR,72.16,total postings,IT Systems & Solutions
2025-10-27,FR,72.56,new postings,IT Systems & Solutions
2025-10-27,FR,72.07,total postings,IT Systems & Solutions
2025-10-28,FR,72.21,new postings,IT Systems & Solutions
2025-10-28,FR,71.93,total postings,IT Systems & Solutions
2025-10-29,FR,72.53,new postings,IT Systems & Solutions
2025-10-29,FR,71.67,total postings,IT Systems & Solutions
2025-10-30,FR,72.77,new postings,IT Systems & Solutions
2025-10-30,FR,71.52,total postings,IT Systems & Solutions
2025-10-31,FR,72.79,new postings,IT Systems & Solutions
2025-10-31,FR,71.42,total postings,IT Systems & Solutions
2025-11-01,FR,72.9,new postings,IT Systems & Solutions
2025-11-01,FR,71.12,total postings,IT Systems & Solutions
2025-11-02,FR,74.62,new postings,IT Systems & Solutions
2025-11-02,FR,70.96,total postings,IT Systems & Solutions
2025-11-03,FR,76.24,new postings,IT Systems & Solutions
2025-11-03,FR,70.81,total postings,IT Systems & Solutions
2025-11-04,FR,78.17,new postings,IT Systems & Solutions
2025-11-04,FR,70.71,total postings,IT Systems & Solutions
2025-11-05,FR,81.19,new postings,IT Systems & Solutions
2025-11-05,FR,70.7,total postings,IT Systems & Solutions
2025-11-06,FR,83.58,new postings,IT Systems & Solutions
2025-11-06,FR,70.6,total postings,IT Systems & Solutions
2025-11-07,FR,87.09,new postings,IT Systems & Solutions
2025-11-07,FR,70.5,total postings,IT Systems & Solutions
2025-11-08,FR,92.15,new postings,IT Systems & Solutions
2025-11-08,FR,70.63,total postings,IT Systems & Solutions
2025-11-09,FR,93.41,new postings,IT Systems & Solutions
2025-11-09,FR,70.69,total postings,IT Systems & Solutions
2025-11-10,FR,94.29,new postings,IT Systems & Solutions
2025-11-10,FR,70.79,total postings,IT Systems & Solutions
2025-11-11,FR,93.53,new postings,IT Systems & Solutions
2025-11-11,FR,70.8,total postings,IT Systems & Solutions
2025-11-12,FR,90.9,new postings,IT Systems & Solutions
2025-11-12,FR,70.75,total postings,IT Systems & Solutions
2025-11-13,FR,88.32,new postings,IT Systems & Solutions
2025-11-13,FR,70.77,total postings,IT Systems & Solutions
2025-11-14,FR,84.53,new postings,IT Systems & Solutions
2025-11-14,FR,70.9,total postings,IT Systems & Solutions
2025-11-15,FR,79.56,new postings,IT Systems & Solutions
2025-11-15,FR,71.09,total postings,IT Systems & Solutions
2025-11-16,FR,76.5,new postings,IT Systems & Solutions
2025-11-16,FR,71.06,total postings,IT Systems & Solutions
2025-11-17,FR,73.47,new postings,IT Systems & Solutions
2025-11-17,FR,71.13,total postings,IT Systems & Solutions
2025-11-18,FR,72.72,new postings,IT Systems & Solutions
2025-11-18,FR,71.29,total postings,IT Systems & Solutions
2025-11-19,FR,72.46,new postings,IT Systems & Solutions
2025-11-19,FR,71.24,total postings,IT Systems & Solutions
2025-11-20,FR,72.71,new postings,IT Systems & Solutions
2025-11-20,FR,71.29,total postings,IT Systems & Solutions
2025-11-21,FR,72.9,new postings,IT Systems & Solutions
2025-11-21,FR,71.14,total postings,IT Systems & Solutions
2025-11-22,FR,71.87,new postings,IT Systems & Solutions
2025-11-22,FR,70.95,total postings,IT Systems & Solutions
2025-11-23,FR,70.84,new postings,IT Systems & Solutions
2025-11-23,FR,70.75,total postings,IT Systems & Solutions
2025-11-24,FR,70.44,new postings,IT Systems & Solutions
2025-11-24,FR,70.52,total postings,IT Systems & Solutions
2025-11-25,FR,69.02,new postings,IT Systems & Solutions
2025-11-25,FR,70.21,total postings,IT Systems & Solutions
2025-11-26,FR,68.48,new postings,IT Systems & Solutions
2025-11-26,FR,70.23,total postings,IT Systems & Solutions
2025-11-27,FR,67.45,new postings,IT Systems & Solutions
2025-11-27,FR,70.18,total postings,IT Systems & Solutions
2025-11-28,FR,67.04,new postings,IT Systems & Solutions
2025-11-28,FR,70.29,total postings,IT Systems & Solutions
2025-11-29,FR,67.84,new postings,IT Systems & Solutions
2025-11-29,FR,70.29,total postings,IT Systems & Solutions
2025-11-30,FR,68.97,new postings,IT Systems & Solutions
2025-11-30,FR,70.33,total postings,IT Systems & Solutions
2025-12-01,FR,69.4,new postings,IT Systems & Solutions
2025-12-01,FR,70.23,total postings,IT Systems & Solutions
2025-12-02,FR,70.46,new postings,IT Systems & Solutions
2025-12-02,FR,70.31,total postings,IT Systems & Solutions
2025-12-03,FR,71.14,new postings,IT Systems & Solutions
2025-12-03,FR,70.27,total postings,IT Systems & Solutions
2025-12-04,FR,72.36,new postings,IT Systems & Solutions
2025-12-04,FR,70.21,total postings,IT Systems & Solutions
2025-12-05,FR,73.43,new postings,IT Systems & Solutions
2025-12-05,FR,70.08,total postings,IT Systems & Solutions
2025-12-06,FR,74.52,new postings,IT Systems & Solutions
2025-12-06,FR,70.1,total postings,IT Systems & Solutions
2025-12-07,FR,75.67,new postings,IT Systems & Solutions
2025-12-07,FR,70.09,total postings,IT Systems & Solutions
2025-12-08,FR,78.12,new postings,IT Systems & Solutions
2025-12-08,FR,70.28,total postings,IT Systems & Solutions
2025-12-09,FR,79.92,new postings,IT Systems & Solutions
2025-12-09,FR,70.39,total postings,IT Systems & Solutions
2025-12-10,FR,80.96,new postings,IT Systems & Solutions
2025-12-10,FR,70.41,total postings,IT Systems & Solutions
2025-12-11,FR,81.6,new postings,IT Systems & Solutions
2025-12-11,FR,70.42,total postings,IT Systems & Solutions
2025-12-12,FR,81.92,new postings,IT Systems & Solutions
2025-12-12,FR,70.36,total postings,IT Systems & Solutions
2025-12-13,FR,82.36,new postings,IT Systems & Solutions
2025-12-13,FR,70.34,total postings,IT Systems & Solutions
2025-12-14,FR,82.56,new postings,IT Systems & Solutions
2025-12-14,FR,70.41,total postings,IT Systems & Solutions
2025-12-15,FR,81.38,new postings,IT Systems & Solutions
2025-12-15,FR,70.43,total postings,IT Systems & Solutions
2025-12-16,FR,79.86,new postings,IT Systems & Solutions
2025-12-16,FR,70.32,total postings,IT Systems & Solutions
2025-12-17,FR,79.93,new postings,IT Systems & Solutions
2025-12-17,FR,70.44,total postings,IT Systems & Solutions
2025-12-18,FR,79.76,new postings,IT Systems & Solutions
2025-12-18,FR,70.43,total postings,IT Systems & Solutions
2025-12-19,FR,79.48,new postings,IT Systems & Solutions
2025-12-19,FR,70.43,total postings,IT Systems & Solutions
2025-12-20,FR,78.43,new postings,IT Systems & Solutions
2025-12-20,FR,70.43,total postings,IT Systems & Solutions
2025-12-21,FR,77.42,new postings,IT Systems & Solutions
2025-12-21,FR,70.3,total postings,IT Systems & Solutions
2025-12-22,FR,76.67,new postings,IT Systems & Solutions
2025-12-22,FR,70.23,total postings,IT Systems & Solutions
2025-12-23,FR,75.6,new postings,IT Systems & Solutions
2025-12-23,FR,70.17,total postings,IT Systems & Solutions
2025-12-24,FR,73.73,new postings,IT Systems & Solutions
2025-12-24,FR,69.94,total postings,IT Systems & Solutions
2025-12-25,FR,72.81,new postings,IT Systems & Solutions
2025-12-25,FR,69.86,total postings,IT Systems & Solutions
2025-12-26,FR,72.57,new postings,IT Systems & Solutions
2025-12-26,FR,69.85,total postings,IT Systems & Solutions
2025-12-27,FR,72.61,new postings,IT Systems & Solutions
2025-12-27,FR,69.77,total postings,IT Systems & Solutions
2025-12-28,FR,73.67,new postings,IT Systems & Solutions
2025-12-28,FR,69.83,total postings,IT Systems & Solutions
2025-12-29,FR,74.5,new postings,IT Systems & Solutions
2025-12-29,FR,69.85,total postings,IT Systems & Solutions
2025-12-30,FR,76.42,new postings,IT Systems & Solutions
2025-12-30,FR,69.86,total postings,IT Systems & Solutions
2025-12-31,FR,78.19,new postings,IT Systems & Solutions
2025-12-31,FR,69.94,total postings,IT Systems & Solutions
2026-01-01,FR,75.28,new postings,IT Systems & Solutions
2026-01-01,FR,69.81,total postings,IT Systems & Solutions
2026-01-02,FR,71.9,new postings,IT Systems & Solutions
2026-01-02,FR,69.64,total postings,IT Systems & Solutions
2026-01-03,FR,67.36,new postings,IT Systems & Solutions
2026-01-03,FR,69.36,total postings,IT Systems & Solutions
2026-01-04,FR,60.96,new postings,IT Systems & Solutions
2026-01-04,FR,69.04,total postings,IT Systems & Solutions
2026-01-05,FR,56.31,new postings,IT Systems & Solutions
2026-01-05,FR,68.79,total postings,IT Systems & Solutions
2026-01-06,FR,53.51,new postings,IT Systems & Solutions
2026-01-06,FR,68.71,total postings,IT Systems & Solutions
2026-01-07,FR,52.14,new postings,IT Systems & Solutions
2026-01-07,FR,68.62,total postings,IT Systems & Solutions
2026-01-08,FR,55.24,new postings,IT Systems & Solutions
2026-01-08,FR,68.69,total postings,IT Systems & Solutions
2026-01-09,FR,59.18,new postings,IT Systems & Solutions
2026-01-09,FR,68.86,total postings,IT Systems & Solutions
2026-01-10,FR,64.8,new postings,IT Systems & Solutions
2026-01-10,FR,69.09,total postings,IT Systems & Solutions
2026-01-11,FR,71.04,new postings,IT Systems & Solutions
2026-01-11,FR,69.33,total postings,IT Systems & Solutions
2026-01-12,FR,76.63,new postings,IT Systems & Solutions
2026-01-12,FR,69.45,total postings,IT Systems & Solutions
2026-01-13,FR,79.64,new postings,IT Systems & Solutions
2026-01-13,FR,69.4,total postings,IT Systems & Solutions
2026-01-14,FR,80.3,new postings,IT Systems & Solutions
2026-01-14,FR,69.36,total postings,IT Systems & Solutions
2026-01-15,FR,80.87,new postings,IT Systems & Solutions
2026-01-15,FR,69.43,total postings,IT Systems & Solutions
2026-01-16,FR,81.07,new postings,IT Systems & Solutions
2026-01-16,FR,69.44,total postings,IT Systems & Solutions
2026-01-17,FR,80.03,new postings,IT Systems & Solutions
2026-01-17,FR,69.52,total postings,IT Systems & Solutions
2026-01-18,FR,79.39,new postings,IT Systems & Solutions
2026-01-18,FR,69.58,total postings,IT Systems & Solutions
2026-01-19,FR,78.77,new postings,IT Systems & Solutions
2026-01-19,FR,69.67,total postings,IT Systems & Solutions
2026-01-20,FR,79.3,new postings,IT Systems & Solutions
2026-01-20,FR,69.99,total postings,IT Systems & Solutions
2026-01-21,FR,79.78,new postings,IT Systems & Solutions
2026-01-21,FR,70.2,total postings,IT Systems & Solutions
2026-01-22,FR,80.34,new postings,IT Systems & Solutions
2026-01-22,FR,70.37,total postings,IT Systems & Solutions
2026-01-23,FR,80.49,new postings,IT Systems & Solutions
2026-01-23,FR,70.56,total postings,IT Systems & Solutions
2026-01-24,FR,80.44,new postings,IT Systems & Solutions
2026-01-24,FR,70.67,total postings,IT Systems & Solutions
2026-01-25,FR,80.58,new postings,IT Systems & Solutions
2026-01-25,FR,70.77,total postings,IT Systems & Solutions
2026-01-26,FR,80.72,new postings,IT Systems & Solutions
2026-01-26,FR,70.79,total postings,IT Systems & Solutions
2026-01-27,FR,79.51,new postings,IT Systems & Solutions
2026-01-27,FR,70.59,total postings,IT Systems & Solutions
2026-01-28,FR,79.9,new postings,IT Systems & Solutions
2026-01-28,FR,70.6,total postings,IT Systems & Solutions
2026-01-29,FR,79.75,new postings,IT Systems & Solutions
2026-01-29,FR,70.64,total postings,IT Systems & Solutions
2026-01-30,FR,79.75,new postings,IT Systems & Solutions
2026-01-30,FR,70.69,total postings,IT Systems & Solutions
2026-01-31,FR,80.44,new postings,IT Systems & Solutions
2026-01-31,FR,70.74,total postings,IT Systems & Solutions
2026-02-01,FR,80.93,new postings,IT Systems & Solutions
2026-02-01,FR,70.75,total postings,IT Systems & Solutions
2026-02-02,FR,81.03,new postings,IT Systems & Solutions
2026-02-02,FR,70.76,total postings,IT Systems & Solutions
2026-02-03,FR,81.6,new postings,IT Systems & Solutions
2026-02-03,FR,70.89,total postings,IT Systems & Solutions
2026-02-04,FR,81.1,new postings,IT Systems & Solutions
2026-02-04,FR,70.69,total postings,IT Systems & Solutions
2026-02-05,FR,80.86,new postings,IT Systems & Solutions
2026-02-05,FR,70.58,total postings,IT Systems & Solutions
2026-02-06,FR,80.96,new postings,IT Systems & Solutions
2026-02-06,FR,70.47,total postings,IT Systems & Solutions
2026-02-07,FR,80.49,new postings,IT Systems & Solutions
2026-02-07,FR,70.35,total postings,IT Systems & Solutions
2026-02-08,FR,79.75,new postings,IT Systems & Solutions
2026-02-08,FR,70.22,total postings,IT Systems & Solutions
2026-02-09,FR,79.38,new postings,IT Systems & Solutions
2026-02-09,FR,70.19,total postings,IT Systems & Solutions
2026-02-10,FR,79.06,new postings,IT Systems & Solutions
2026-02-10,FR,70.06,total postings,IT Systems & Solutions
2026-02-11,FR,78.79,new postings,IT Systems & Solutions
2026-02-11,FR,70.24,total postings,IT Systems & Solutions
2026-02-12,FR,78.45,new postings,IT Systems & Solutions
2026-02-12,FR,70.25,total postings,IT Systems & Solutions
2026-02-13,FR,78.34,new postings,IT Systems & Solutions
2026-02-13,FR,70.3,total postings,IT Systems & Solutions
2026-02-14,FR,77.85,new postings,IT Systems & Solutions
2026-02-14,FR,70.38,total postings,IT Systems & Solutions
2026-02-15,FR,77.48,new postings,IT Systems & Solutions
2026-02-15,FR,70.47,total postings,IT Systems & Solutions
2026-02-16,FR,77.0,new postings,IT Systems & Solutions
2026-02-16,FR,70.53,total postings,IT Systems & Solutions
2026-02-17,FR,77.12,new postings,IT Systems & Solutions
2026-02-17,FR,70.69,total postings,IT Systems & Solutions
2026-02-18,FR,77.47,new postings,IT Systems & Solutions
2026-02-18,FR,70.82,total postings,IT Systems & Solutions
2026-02-19,FR,78.57,new postings,IT Systems & Solutions
2026-02-19,FR,71.06,total postings,IT Systems & Solutions
2026-02-20,FR,78.59,new postings,IT Systems & Solutions
2026-02-20,FR,71.27,total postings,IT Systems & Solutions
2026-02-21,FR,79.22,new postings,IT Systems & Solutions
2026-02-21,FR,71.44,total postings,IT Systems & Solutions
2026-02-22,FR,80.18,new postings,IT Systems & Solutions
2026-02-22,FR,71.63,total postings,IT Systems & Solutions
2026-02-23,FR,81.37,new postings,IT Systems & Solutions
2026-02-23,FR,71.8,total postings,IT Systems & Solutions
2026-02-24,FR,81.76,new postings,IT Systems & Solutions
2026-02-24,FR,71.9,total postings,IT Systems & Solutions
2026-02-25,FR,82.05,new postings,IT Systems & Solutions
2026-02-25,FR,71.91,total postings,IT Systems & Solutions
2026-02-26,FR,81.35,new postings,IT Systems & Solutions
2026-02-26,FR,71.79,total postings,IT Systems & Solutions
2026-02-27,FR,80.88,new postings,IT Systems & Solutions
2026-02-27,FR,71.67,total postings,IT Systems & Solutions
2026-02-28,FR,80.3,new postings,IT Systems & Solutions
2026-02-28,FR,71.54,total postings,IT Systems & Solutions
2026-03-01,FR,79.13,new postings,IT Systems & Solutions
2026-03-01,FR,71.42,total postings,IT Systems & Solutions
2026-03-02,FR,77.82,new postings,IT Systems & Solutions
2026-03-02,FR,71.33,total postings,IT Systems & Solutions
2026-03-03,FR,77.36,new postings,IT Systems & Solutions
2026-03-03,FR,71.26,total postings,IT Systems & Solutions
2026-03-04,FR,76.52,new postings,IT Systems & Solutions
2026-03-04,FR,71.2,total postings,IT Systems & Solutions
2026-03-05,FR,76.08,new postings,IT Systems & Solutions
2026-03-05,FR,71.23,total postings,IT Systems & Solutions
2026-03-06,FR,75.91,new postings,IT Systems & Solutions
2026-03-06,FR,71.16,total postings,IT Systems & Solutions
2026-03-07,FR,75.58,new postings,IT Systems & Solutions
2026-03-07,FR,71.14,total postings,IT Systems & Solutions
2026-03-08,FR,75.8,new postings,IT Systems & Solutions
2026-03-08,FR,71.02,total postings,IT Systems & Solutions
2026-03-09,FR,76.26,new postings,IT Systems & Solutions
2026-03-09,FR,70.99,total postings,IT Systems & Solutions
2026-03-10,FR,75.93,new postings,IT Systems & Solutions
2026-03-10,FR,70.87,total postings,IT Systems & Solutions
2026-03-11,FR,76.15,new postings,IT Systems & Solutions
2026-03-11,FR,70.67,total postings,IT Systems & Solutions
2026-03-12,FR,76.94,new postings,IT Systems & Solutions
2026-03-12,FR,70.53,total postings,IT Systems & Solutions
2026-03-13,FR,77.93,new postings,IT Systems & Solutions
2026-03-13,FR,70.51,total postings,IT Systems & Solutions
2026-03-14,FR,78.5,new postings,IT Systems & Solutions
2026-03-14,FR,70.46,total postings,IT Systems & Solutions
2026-03-15,FR,78.66,new postings,IT Systems & Solutions
2026-03-15,FR,70.48,total postings,IT Systems & Solutions
2026-03-16,FR,78.73,new postings,IT Systems & Solutions
2026-03-16,FR,70.35,total postings,IT Systems & Solutions
2026-03-17,FR,79.8,new postings,IT Systems & Solutions
2026-03-17,FR,70.29,total postings,IT Systems & Solutions
2026-03-18,FR,80.01,new postings,IT Systems & Solutions
2026-03-18,FR,70.33,total postings,IT Systems & Solutions
2026-03-19,FR,79.64,new postings,IT Systems & Solutions
2026-03-19,FR,70.24,total postings,IT Systems & Solutions
2026-03-20,FR,80.35,new postings,IT Systems & Solutions
2026-03-20,FR,70.21,total postings,IT Systems & Solutions
2026-03-21,FR,82.28,new postings,IT Systems & Solutions
2026-03-21,FR,70.23,total postings,IT Systems & Solutions
2026-03-22,FR,84.79,new postings,IT Systems & Solutions
2026-03-22,FR,70.27,total postings,IT Systems & Solutions
2026-03-23,FR,87.24,new postings,IT Systems & Solutions
2026-03-23,FR,70.61,total postings,IT Systems & Solutions
2026-03-24,FR,88.82,new postings,IT Systems & Solutions
2026-03-24,FR,70.95,total postings,IT Systems & Solutions
2026-03-25,FR,91.08,new postings,IT Systems & Solutions
2026-03-25,FR,71.34,total postings,IT Systems & Solutions
2026-03-26,FR,93.67,new postings,IT Systems & Solutions
2026-03-26,FR,71.74,total postings,IT Systems & Solutions
2026-03-27,FR,94.21,new postings,IT Systems & Solutions
2026-03-27,FR,72.07,total postings,IT Systems & Solutions
2026-03-28,FR,94.59,new postings,IT Systems & Solutions
2026-03-28,FR,72.43,total postings,IT Systems & Solutions
2026-03-29,FR,94.52,new postings,IT Systems & Solutions
2026-03-29,FR,72.8,total postings,IT Systems & Solutions
2026-03-30,FR,94.59,new postings,IT Systems & Solutions
2026-03-30,FR,72.93,total postings,IT Systems & Solutions
2026-03-31,FR,94.22,new postings,IT Systems & Solutions
2026-03-31,FR,73.05,total postings,IT Systems & Solutions
2026-04-01,FR,92.84,new postings,IT Systems & Solutions
2026-04-01,FR,73.1,total postings,IT Systems & Solutions
2026-04-02,FR,91.96,new postings,IT Systems & Solutions
2026-04-02,FR,73.23,total postings,IT Systems & Solutions
2026-04-03,FR,91.96,new postings,IT Systems & Solutions
2026-04-03,FR,73.34,total postings,IT Systems & Solutions
2026-04-04,FR,90.48,new postings,IT Systems & Solutions
2026-04-04,FR,73.46,total postings,IT Systems & Solutions
2026-04-05,FR,89.0,new postings,IT Systems & Solutions
2026-04-05,FR,73.58,total postings,IT Systems & Solutions
2026-04-06,FR,87.25,new postings,IT Systems & Solutions
2026-04-06,FR,73.62,total postings,IT Systems & Solutions
2026-04-07,FR,84.29,new postings,IT Systems & Solutions
2026-04-07,FR,73.53,total postings,IT Systems & Solutions
2026-04-08,FR,82.85,new postings,IT Systems & Solutions
2026-04-08,FR,73.55,total postings,IT Systems & Solutions
2026-04-09,FR,81.07,new postings,IT Systems & Solutions
2026-04-09,FR,73.6,total postings,IT Systems & Solutions
2026-04-10,FR,79.16,new postings,IT Systems & Solutions
2026-04-10,FR,73.65,total postings,IT Systems & Solutions
2026-04-11,FR,78.55,new postings,IT Systems & Solutions
2026-04-11,FR,73.58,total postings,IT Systems & Solutions
2026-04-12,FR,78.18,new postings,IT Systems & Solutions
2026-04-12,FR,73.57,total postings,IT Systems & Solutions
2026-04-13,FR,77.67,new postings,IT Systems & Solutions
2026-04-13,FR,73.65,total postings,IT Systems & Solutions
2026-04-14,FR,80.49,new postings,IT Systems & Solutions
2026-04-14,FR,73.92,total postings,IT Systems & Solutions
2026-04-15,FR,82.23,new postings,IT Systems & Solutions
2026-04-15,FR,74.09,total postings,IT Systems & Solutions
2026-04-16,FR,83.52,new postings,IT Systems & Solutions
2026-04-16,FR,74.25,total postings,IT Systems & Solutions
2026-04-17,FR,84.58,new postings,IT Systems & Solutions
2026-04-17,FR,74.27,total postings,IT Systems & Solutions
2020-02-01,FR,100.0,new postings,Software Development
2020-02-01,FR,100.0,total postings,Software Development
2020-02-02,FR,97.57,new postings,Software Development
2020-02-02,FR,99.98,total postings,Software Development
2020-02-03,FR,95.68,new postings,Software Development
2020-02-03,FR,99.97,total postings,Software Development
2020-02-04,FR,95.26,new postings,Software Development
2020-02-04,FR,99.9,total postings,Software Development
2020-02-05,FR,96.52,new postings,Software Development
2020-02-05,FR,100.02,total postings,Software Development
2020-02-06,FR,96.91,new postings,Software Development
2020-02-06,FR,99.98,total postings,Software Development
2020-02-07,FR,97.95,new postings,Software Development
2020-02-07,FR,99.94,total postings,Software Development
2020-02-08,FR,98.61,new postings,Software Development
2020-02-08,FR,99.85,total postings,Software Development
2020-02-09,FR,98.72,new postings,Software Development
2020-02-09,FR,99.74,total postings,Software Development
2020-02-10,FR,98.81,new postings,Software Development
2020-02-10,FR,99.65,total postings,Software Development
2020-02-11,FR,98.29,new postings,Software Development
2020-02-11,FR,99.4,total postings,Software Development
2020-02-12,FR,97.22,new postings,Software Development
2020-02-12,FR,99.23,total postings,Software Development
2020-02-13,FR,96.92,new postings,Software Development
2020-02-13,FR,99.09,total postings,Software Development
2020-02-14,FR,95.78,new postings,Software Development
2020-02-14,FR,98.99,total postings,Software Development
2020-02-15,FR,94.71,new postings,Software Development
2020-02-15,FR,98.89,total postings,Software Development
2020-02-16,FR,94.8,new postings,Software Development
2020-02-16,FR,98.8,total postings,Software Development
2020-02-17,FR,95.08,new postings,Software Development
2020-02-17,FR,98.71,total postings,Software Development
2020-02-18,FR,94.91,new postings,Software Development
2020-02-18,FR,98.48,total postings,Software Development
2020-02-19,FR,95.47,new postings,Software Development
2020-02-19,FR,98.13,total postings,Software Development
2020-02-20,FR,95.47,new postings,Software Development
2020-02-20,FR,97.85,total postings,Software Development
2020-02-21,FR,95.75,new postings,Software Development
2020-02-21,FR,97.54,total postings,Software Development
2020-02-22,FR,96.0,new postings,Software Development
2020-02-22,FR,97.18,total postings,Software Development
2020-02-23,FR,95.42,new postings,Software Development
2020-02-23,FR,96.78,total postings,Software Development
2020-02-24,FR,95.27,new postings,Software Development
2020-02-24,FR,96.48,total postings,Software Development
2020-02-25,FR,94.61,new postings,Software Development
2020-02-25,FR,96.37,total postings,Software Development
2020-02-26,FR,93.06,new postings,Software Development
2020-02-26,FR,96.3,total postings,Software Development
2020-02-27,FR,92.5,new postings,Software Development
2020-02-27,FR,96.2,total postings,Software Development
2020-02-28,FR,91.89,new postings,Software Development
2020-02-28,FR,96.02,total postings,Software Development
2020-02-29,FR,91.12,new postings,Software Development
2020-02-29,FR,95.93,total postings,Software Development
2020-03-01,FR,90.49,new postings,Software Development
2020-03-01,FR,95.87,total postings,Software Development
2020-03-02,FR,89.44,new postings,Software Development
2020-03-02,FR,95.67,total postings,Software Development
2020-03-03,FR,89.9,new postings,Software Development
2020-03-03,FR,95.6,total postings,Software Development
2020-03-04,FR,90.04,new postings,Software Development
2020-03-04,FR,95.48,total postings,Software Development
2020-03-05,FR,89.34,new postings,Software Development
2020-03-05,FR,95.29,total postings,Software Development
2020-03-06,FR,88.55,new postings,Software Development
2020-03-06,FR,95.13,total postings,Software Development
2020-03-07,FR,88.75,new postings,Software Development
2020-03-07,FR,95.04,total postings,Software Development
2020-03-08,FR,88.63,new postings,Software Development
2020-03-08,FR,94.89,total postings,Software Development
2020-03-09,FR,89.1,new postings,Software Development
2020-03-09,FR,94.86,total postings,Software Development
2020-03-10,FR,88.48,new postings,Software Development
2020-03-10,FR,94.73,total postings,Software Development
2020-03-11,FR,88.34,new postings,Software Development
2020-03-11,FR,94.56,total postings,Software Development
2020-03-12,FR,88.36,new postings,Software Development
2020-03-12,FR,94.42,total postings,Software Development
2020-03-13,FR,89.04,new postings,Software Development
2020-03-13,FR,94.37,total postings,Software Development
2020-03-14,FR,88.76,new postings,Software Development
2020-03-14,FR,94.31,total postings,Software Development
2020-03-15,FR,88.9,new postings,Software Development
2020-03-15,FR,94.19,total postings,Software Development
2020-03-16,FR,88.69,new postings,Software Development
2020-03-16,FR,93.96,total postings,Software Development
2020-03-17,FR,87.55,new postings,Software Development
2020-03-17,FR,93.59,total postings,Software Development
2020-03-18,FR,84.93,new postings,Software Development
2020-03-18,FR,93.25,total postings,Software Development
2020-03-19,FR,80.77,new postings,Software Development
2020-03-19,FR,92.84,total postings,Software Development
2020-03-20,FR,75.22,new postings,Software Development
2020-03-20,FR,92.32,total postings,Software Development
2020-03-21,FR,69.53,new postings,Software Development
2020-03-21,FR,91.58,total postings,Software Development
2020-03-22,FR,64.13,new postings,Software Development
2020-03-22,FR,90.82,total postings,Software Development
2020-03-23,FR,59.08,new postings,Software Development
2020-03-23,FR,90.07,total postings,Software Development
2020-03-24,FR,55.05,new postings,Software Development
2020-03-24,FR,89.11,total postings,Software Development
2020-03-25,FR,53.18,new postings,Software Development
2020-03-25,FR,88.12,total postings,Software Development
2020-03-26,FR,52.89,new postings,Software Development
2020-03-26,FR,87.14,total postings,Software Development
2020-03-27,FR,54.08,new postings,Software Development
2020-03-27,FR,86.28,total postings,Software Development
2020-03-28,FR,56.3,new postings,Software Development
2020-03-28,FR,85.46,total postings,Software Development
2020-03-29,FR,58.07,new postings,Software Development
2020-03-29,FR,84.69,total postings,Software Development
2020-03-30,FR,59.59,new postings,Software Development
2020-03-30,FR,83.96,total postings,Software Development
2020-03-31,FR,61.97,new postings,Software Development
2020-03-31,FR,83.51,total postings,Software Development
2020-04-01,FR,63.66,new postings,Software Development
2020-04-01,FR,83.18,total postings,Software Development
2020-04-02,FR,64.64,new postings,Software Development
2020-04-02,FR,82.91,total postings,Software Development
2020-04-03,FR,65.09,new postings,Software Development
2020-04-03,FR,82.48,total postings,Software Development
2020-04-04,FR,65.15,new postings,Software Development
2020-04-04,FR,82.15,total postings,Software Development
2020-04-05,FR,65.51,new postings,Software Development
2020-04-05,FR,81.93,total postings,Software Development
2020-04-06,FR,65.34,new postings,Software Development
2020-04-06,FR,81.72,total postings,Software Development
2020-04-07,FR,63.25,new postings,Software Development
2020-04-07,FR,81.37,total postings,Software Development
2020-04-08,FR,61.23,new postings,Software Development
2020-04-08,FR,80.94,total postings,Software Development
2020-04-09,FR,58.32,new postings,Software Development
2020-04-09,FR,80.52,total postings,Software Development
2020-04-10,FR,54.58,new postings,Software Development
2020-04-10,FR,80.04,total postings,Software Development
2020-04-11,FR,50.0,new postings,Software Development
2020-04-11,FR,79.42,total postings,Software Development
2020-04-12,FR,45.17,new postings,Software Development
2020-04-12,FR,78.79,total postings,Software Development
2020-04-13,FR,40.81,new postings,Software Development
2020-04-13,FR,78.26,total postings,Software Development
2020-04-14,FR,38.41,new postings,Software Development
2020-04-14,FR,77.85,total postings,Software Development
2020-04-15,FR,36.6,new postings,Software Development
2020-04-15,FR,77.51,total postings,Software Development
2020-04-16,FR,36.08,new postings,Software Development
2020-04-16,FR,77.04,total postings,Software Development
2020-04-17,FR,35.66,new postings,Software Development
2020-04-17,FR,76.67,total postings,Software Development
2020-04-18,FR,35.95,new postings,Software Development
2020-04-18,FR,76.44,total postings,Software Development
2020-04-19,FR,36.92,new postings,Software Development
2020-04-19,FR,76.16,total postings,Software Development
2020-04-20,FR,38.42,new postings,Software Development
2020-04-20,FR,75.96,total postings,Software Development
2020-04-21,FR,40.68,new postings,Software Development
2020-04-21,FR,75.75,total postings,Software Development
2020-04-22,FR,42.32,new postings,Software Development
2020-04-22,FR,75.52,total postings,Software Development
2020-04-23,FR,44.46,new postings,Software Development
2020-04-23,FR,75.32,total postings,Software Development
2020-04-24,FR,48.35,new postings,Software Development
2020-04-24,FR,75.22,total postings,Software Development
2020-04-25,FR,52.18,new postings,Software Development
2020-04-25,FR,74.92,total postings,Software Development
2020-04-26,FR,54.54,new postings,Software Development
2020-04-26,FR,74.6,total postings,Software Development
2020-04-27,FR,56.9,new postings,Software Development
2020-04-27,FR,74.31,total postings,Software Development
2020-04-28,FR,57.89,new postings,Software Development
2020-04-28,FR,73.95,total postings,Software Development
2020-04-29,FR,59.37,new postings,Software Development
2020-04-29,FR,73.65,total postings,Software Development
2020-04-30,FR,59.59,new postings,Software Development
2020-04-30,FR,73.43,total postings,Software Development
2020-05-01,FR,58.39,new postings,Software Development
2020-05-01,FR,73.19,total postings,Software Development
2020-05-02,FR,58.34,new postings,Software Development
2020-05-02,FR,73.22,total postings,Software Development
2020-05-03,FR,57.77,new postings,Software Development
2020-05-03,FR,73.11,total postings,Software Development
2020-05-04,FR,56.64,new postings,Software Development
2020-05-04,FR,72.79,total postings,Software Development
2020-05-05,FR,55.6,new postings,Software Development
2020-05-05,FR,72.4,total postings,Software Development
2020-05-06,FR,55.23,new postings,Software Development
2020-05-06,FR,72.0,total postings,Software Development
2020-05-07,FR,54.3,new postings,Software Development
2020-05-07,FR,71.54,total postings,Software Development
2020-05-08,FR,53.88,new postings,Software Development
2020-05-08,FR,71.09,total postings,Software Development
2020-05-09,FR,52.63,new postings,Software Development
2020-05-09,FR,70.61,total postings,Software Development
2020-05-10,FR,52.27,new postings,Software Development
2020-05-10,FR,70.32,total postings,Software Development
2020-05-11,FR,51.46,new postings,Software Development
2020-05-11,FR,70.09,total postings,Software Development
2020-05-12,FR,50.08,new postings,Software Development
2020-05-12,FR,70.0,total postings,Software Development
2020-05-13,FR,47.78,new postings,Software Development
2020-05-13,FR,69.89,total postings,Software Development
2020-05-14,FR,48.3,new postings,Software Development
2020-05-14,FR,69.79,total postings,Software Development
2020-05-15,FR,49.12,new postings,Software Development
2020-05-15,FR,69.72,total postings,Software Development
2020-05-16,FR,54.01,new postings,Software Development
2020-05-16,FR,69.45,total postings,Software Development
2020-05-17,FR,58.97,new postings,Software Development
2020-05-17,FR,69.19,total postings,Software Development
2020-05-18,FR,62.96,new postings,Software Development
2020-05-18,FR,69.01,total postings,Software Development
2020-05-19,FR,65.04,new postings,Software Development
2020-05-19,FR,68.88,total postings,Software Development
2020-05-20,FR,67.69,new postings,Software Development
2020-05-20,FR,68.79,total postings,Software Development
2020-05-21,FR,69.31,new postings,Software Development
2020-05-21,FR,68.86,total postings,Software Development
2020-05-22,FR,69.24,new postings,Software Development
2020-05-22,FR,68.97,total postings,Software Development
2020-05-23,FR,64.4,new postings,Software Development
2020-05-23,FR,69.3,total postings,Software Development
2020-05-24,FR,59.87,new postings,Software Development
2020-05-24,FR,69.48,total postings,Software Development
2020-05-25,FR,57.45,new postings,Software Development
2020-05-25,FR,69.63,total postings,Software Development
2020-05-26,FR,56.73,new postings,Software Development
2020-05-26,FR,69.72,total postings,Software Development
2020-05-27,FR,56.16,new postings,Software Development
2020-05-27,FR,69.74,total postings,Software Development
2020-05-28,FR,54.87,new postings,Software Development
2020-05-28,FR,69.61,total postings,Software Development
2020-05-29,FR,55.66,new postings,Software Development
2020-05-29,FR,69.44,total postings,Software Development
2020-05-30,FR,55.8,new postings,Software Development
2020-05-30,FR,69.31,total postings,Software Development
2020-05-31,FR,58.3,new postings,Software Development
2020-05-31,FR,69.12,total postings,Software Development
2020-06-01,FR,61.08,new postings,Software Development
2020-06-01,FR,68.92,total postings,Software Development
2020-06-02,FR,61.32,new postings,Software Development
2020-06-02,FR,68.65,total postings,Software Development
2020-06-03,FR,60.44,new postings,Software Development
2020-06-03,FR,68.57,total postings,Software Development
2020-06-04,FR,58.93,new postings,Software Development
2020-06-04,FR,68.43,total postings,Software Development
2020-06-05,FR,57.82,new postings,Software Development
2020-06-05,FR,68.32,total postings,Software Development
2020-06-06,FR,59.16,new postings,Software Development
2020-06-06,FR,68.15,total postings,Software Development
2020-06-07,FR,58.94,new postings,Software Development
2020-06-07,FR,68.08,total postings,Software Development
2020-06-08,FR,57.48,new postings,Software Development
2020-06-08,FR,68.06,total postings,Software Development
2020-06-09,FR,60.02,new postings,Software Development
2020-06-09,FR,68.12,total postings,Software Development
2020-06-10,FR,63.28,new postings,Software Development
2020-06-10,FR,67.99,total postings,Software Development
2020-06-11,FR,67.32,new postings,Software Development
2020-06-11,FR,67.87,total postings,Software Development
2020-06-12,FR,70.18,new postings,Software Development
2020-06-12,FR,67.79,total postings,Software Development
2020-06-13,FR,71.62,new postings,Software Development
2020-06-13,FR,67.57,total postings,Software Development
2020-06-14,FR,70.53,new postings,Software Development
2020-06-14,FR,67.42,total postings,Software Development
2020-06-15,FR,70.1,new postings,Software Development
2020-06-15,FR,67.18,total postings,Software Development
2020-06-16,FR,70.67,new postings,Software Development
2020-06-16,FR,66.97,total postings,Software Development
2020-06-17,FR,71.25,new postings,Software Development
2020-06-17,FR,66.83,total postings,Software Development
2020-06-18,FR,72.15,new postings,Software Development
2020-06-18,FR,66.77,total postings,Software Development
2020-06-19,FR,72.75,new postings,Software Development
2020-06-19,FR,66.56,total postings,Software Development
2020-06-20,FR,73.63,new postings,Software Development
2020-06-20,FR,66.51,total postings,Software Development
2020-06-21,FR,76.38,new postings,Software Development
2020-06-21,FR,66.42,total postings,Software Development
2020-06-22,FR,79.67,new postings,Software Development
2020-06-22,FR,66.49,total postings,Software Development
2020-06-23,FR,79.11,new postings,Software Development
2020-06-23,FR,66.44,total postings,Software Development
2020-06-24,FR,78.51,new postings,Software Development
2020-06-24,FR,66.45,total postings,Software Development
2020-06-25,FR,78.01,new postings,Software Development
2020-06-25,FR,66.36,total postings,Software Development
2020-06-26,FR,77.43,new postings,Software Development
2020-06-26,FR,66.24,total postings,Software Development
2020-06-27,FR,77.38,new postings,Software Development
2020-06-27,FR,66.29,total postings,Software Development
2020-06-28,FR,77.46,new postings,Software Development
2020-06-28,FR,66.42,total postings,Software Development
2020-06-29,FR,76.44,new postings,Software Development
2020-06-29,FR,66.42,total postings,Software Development
2020-06-30,FR,78.14,new postings,Software Development
2020-06-30,FR,66.61,total postings,Software Development
2020-07-01,FR,79.84,new postings,Software Development
2020-07-01,FR,66.73,total postings,Software Development
2020-07-02,FR,81.33,new postings,Software Development
2020-07-02,FR,66.91,total postings,Software Development
2020-07-03,FR,82.9,new postings,Software Development
2020-07-03,FR,67.22,total postings,Software Development
2020-07-04,FR,83.35,new postings,Software Development
2020-07-04,FR,67.4,total postings,Software Development
2020-07-05,FR,83.81,new postings,Software Development
2020-07-05,FR,67.6,total postings,Software Development
2020-07-06,FR,84.25,new postings,Software Development
2020-07-06,FR,67.86,total postings,Software Development
2020-07-07,FR,83.37,new postings,Software Development
2020-07-07,FR,68.03,total postings,Software Development
2020-07-08,FR,81.79,new postings,Software Development
2020-07-08,FR,68.32,total postings,Software Development
2020-07-09,FR,79.89,new postings,Software Development
2020-07-09,FR,68.6,total postings,Software Development
2020-07-10,FR,77.95,new postings,Software Development
2020-07-10,FR,68.78,total postings,Software Development
2020-07-11,FR,75.95,new postings,Software Development
2020-07-11,FR,68.9,total postings,Software Development
2020-07-12,FR,74.48,new postings,Software Development
2020-07-12,FR,68.94,total postings,Software Development
2020-07-13,FR,73.12,new postings,Software Development
2020-07-13,FR,68.93,total postings,Software Development
2020-07-14,FR,71.54,new postings,Software Development
2020-07-14,FR,68.8,total postings,Software Development
2020-07-15,FR,70.05,new postings,Software Development
2020-07-15,FR,68.56,total postings,Software Development
2020-07-16,FR,69.05,new postings,Software Development
2020-07-16,FR,68.39,total postings,Software Development
2020-07-17,FR,68.56,new postings,Software Development
2020-07-17,FR,68.39,total postings,Software Development
2020-07-18,FR,68.39,new postings,Software Development
2020-07-18,FR,68.37,total postings,Software Development
2020-07-19,FR,67.41,new postings,Software Development
2020-07-19,FR,68.36,total postings,Software Development
2020-07-20,FR,67.0,new postings,Software Development
2020-07-20,FR,68.41,total postings,Software Development
2020-07-21,FR,67.83,new postings,Software Development
2020-07-21,FR,68.54,total postings,Software Development
2020-07-22,FR,69.64,new postings,Software Development
2020-07-22,FR,68.64,total postings,Software Development
2020-07-23,FR,70.96,new postings,Software Development
2020-07-23,FR,68.7,total postings,Software Development
2020-07-24,FR,71.61,new postings,Software Development
2020-07-24,FR,68.66,total postings,Software Development
2020-07-25,FR,73.12,new postings,Software Development
2020-07-25,FR,68.76,total postings,Software Development
2020-07-26,FR,74.94,new postings,Software Development
2020-07-26,FR,68.85,total postings,Software Development
2020-07-27,FR,76.91,new postings,Software Development
2020-07-27,FR,68.96,total postings,Software Development
2020-07-28,FR,78.59,new postings,Software Development
2020-07-28,FR,69.12,total postings,Software Development
2020-07-29,FR,79.59,new postings,Software Development
2020-07-29,FR,69.29,total postings,Software Development
2020-07-30,FR,80.27,new postings,Software Development
2020-07-30,FR,69.37,total postings,Software Development
2020-07-31,FR,81.11,new postings,Software Development
2020-07-31,FR,69.41,total postings,Software Development
2020-08-01,FR,81.8,new postings,Software Development
2020-08-01,FR,69.37,total postings,Software Development
2020-08-02,FR,82.84,new postings,Software Development
2020-08-02,FR,69.21,total postings,Software Development
2020-08-03,FR,83.09,new postings,Software Development
2020-08-03,FR,69.0,total postings,Software Development
2020-08-04,FR,82.96,new postings,Software Development
2020-08-04,FR,68.98,total postings,Software Development
2020-08-05,FR,83.51,new postings,Software Development
2020-08-05,FR,69.58,total postings,Software Development
2020-08-06,FR,84.85,new postings,Software Development
2020-08-06,FR,70.24,total postings,Software Development
2020-08-07,FR,86.84,new postings,Software Development
2020-08-07,FR,70.98,total postings,Software Development
2020-08-08,FR,87.83,new postings,Software Development
2020-08-08,FR,71.74,total postings,Software Development
2020-08-09,FR,88.53,new postings,Software Development
2020-08-09,FR,72.58,total postings,Software Development
2020-08-10,FR,89.62,new postings,Software Development
2020-08-10,FR,73.41,total postings,Software Development
2020-08-11,FR,90.54,new postings,Software Development
2020-08-11,FR,74.16,total postings,Software Development
2020-08-12,FR,90.18,new postings,Software Development
2020-08-12,FR,74.21,total postings,Software Development
2020-08-13,FR,89.99,new postings,Software Development
2020-08-13,FR,74.41,total postings,Software Development
2020-08-14,FR,89.26,new postings,Software Development
2020-08-14,FR,74.5,total postings,Software Development
2020-08-15,FR,88.64,new postings,Software Development
2020-08-15,FR,74.51,total postings,Software Development
2020-08-16,FR,88.48,new postings,Software Development
2020-08-16,FR,74.66,total postings,Software Development
2020-08-17,FR,88.26,new postings,Software Development
2020-08-17,FR,74.95,total postings,Software Development
2020-08-18,FR,88.11,new postings,Software Development
2020-08-18,FR,75.12,total postings,Software Development
2020-08-19,FR,88.83,new postings,Software Development
2020-08-19,FR,75.35,total postings,Software Development
2020-08-20,FR,89.46,new postings,Software Development
2020-08-20,FR,75.55,total postings,Software Development
2020-08-21,FR,90.19,new postings,Software Development
2020-08-21,FR,75.77,total postings,Software Development
2020-08-22,FR,91.41,new postings,Software Development
2020-08-22,FR,76.05,total postings,Software Development
2020-08-23,FR,91.26,new postings,Software Development
2020-08-23,FR,76.12,total postings,Software Development
2020-08-24,FR,90.0,new postings,Software Development
2020-08-24,FR,76.03,total postings,Software Development
2020-08-25,FR,89.05,new postings,Software Development
2020-08-25,FR,75.99,total postings,Software Development
2020-08-26,FR,88.03,new postings,Software Development
2020-08-26,FR,76.03,total postings,Software Development
2020-08-27,FR,86.99,new postings,Software Development
2020-08-27,FR,75.98,total postings,Software Development
2020-08-28,FR,86.3,new postings,Software Development
2020-08-28,FR,75.9,total postings,Software Development
2020-08-29,FR,86.32,new postings,Software Development
2020-08-29,FR,75.96,total postings,Software Development
2020-08-30,FR,86.76,new postings,Software Development
2020-08-30,FR,76.11,total postings,Software Development
2020-08-31,FR,88.42,new postings,Software Development
2020-08-31,FR,76.31,total postings,Software Development
2020-09-01,FR,90.01,new postings,Software Development
2020-09-01,FR,76.55,total postings,Software Development
2020-09-02,FR,90.75,new postings,Software Development
2020-09-02,FR,76.75,total postings,Software Development
2020-09-03,FR,90.68,new postings,Software Development
2020-09-03,FR,76.87,total postings,Software Development
2020-09-04,FR,90.96,new postings,Software Development
2020-09-04,FR,77.11,total postings,Software Development
2020-09-05,FR,90.68,new postings,Software Development
2020-09-05,FR,77.28,total postings,Software Development
2020-09-06,FR,89.91,new postings,Software Development
2020-09-06,FR,77.4,total postings,Software Development
2020-09-07,FR,88.85,new postings,Software Development
2020-09-07,FR,77.49,total postings,Software Development
2020-09-08,FR,87.36,new postings,Software Development
2020-09-08,FR,77.51,total postings,Software Development
2020-09-09,FR,87.21,new postings,Software Development
2020-09-09,FR,77.46,total postings,Software Development
2020-09-10,FR,87.44,new postings,Software Development
2020-09-10,FR,77.45,total postings,Software Development
2020-09-11,FR,86.69,new postings,Software Development
2020-09-11,FR,77.53,total postings,Software Development
2020-09-12,FR,85.31,new postings,Software Development
2020-09-12,FR,77.5,total postings,Software Development
2020-09-13,FR,85.02,new postings,Software Development
2020-09-13,FR,77.53,total postings,Software Development
2020-09-14,FR,84.61,new postings,Software Development
2020-09-14,FR,77.47,total postings,Software Development
2020-09-15,FR,84.68,new postings,Software Development
2020-09-15,FR,77.52,total postings,Software Development
2020-09-16,FR,83.61,new postings,Software Development
2020-09-16,FR,77.52,total postings,Software Development
2020-09-17,FR,83.02,new postings,Software Development
2020-09-17,FR,77.59,total postings,Software Development
2020-09-18,FR,83.45,new postings,Software Development
2020-09-18,FR,77.69,total postings,Software Development
2020-09-19,FR,83.86,new postings,Software Development
2020-09-19,FR,77.76,total postings,Software Development
2020-09-20,FR,83.65,new postings,Software Development
2020-09-20,FR,77.79,total postings,Software Development
2020-09-21,FR,83.41,new postings,Software Development
2020-09-21,FR,77.77,total postings,Software Development
2020-09-22,FR,83.03,new postings,Software Development
2020-09-22,FR,77.69,total postings,Software Development
2020-09-23,FR,83.39,new postings,Software Development
2020-09-23,FR,77.75,total postings,Software Development
2020-09-24,FR,83.95,new postings,Software Development
2020-09-24,FR,77.7,total postings,Software Development
2020-09-25,FR,84.13,new postings,Software Development
2020-09-25,FR,77.7,total postings,Software Development
2020-09-26,FR,84.72,new postings,Software Development
2020-09-26,FR,77.69,total postings,Software Development
2020-09-27,FR,85.59,new postings,Software Development
2020-09-27,FR,77.61,total postings,Software Development
2020-09-28,FR,86.52,new postings,Software Development
2020-09-28,FR,77.64,total postings,Software Development
2020-09-29,FR,86.85,new postings,Software Development
2020-09-29,FR,77.65,total postings,Software Development
2020-09-30,FR,86.93,new postings,Software Development
2020-09-30,FR,77.65,total postings,Software Development
2020-10-01,FR,86.23,new postings,Software Development
2020-10-01,FR,77.7,total postings,Software Development
2020-10-02,FR,85.49,new postings,Software Development
2020-10-02,FR,77.61,total postings,Software Development
2020-10-03,FR,84.55,new postings,Software Development
2020-10-03,FR,77.48,total postings,Software Development
2020-10-04,FR,83.71,new postings,Software Development
2020-10-04,FR,77.41,total postings,Software Development
2020-10-05,FR,83.42,new postings,Software Development
2020-10-05,FR,77.41,total postings,Software Development
2020-10-06,FR,84.2,new postings,Software Development
2020-10-06,FR,77.43,total postings,Software Development
2020-10-07,FR,84.9,new postings,Software Development
2020-10-07,FR,77.52,total postings,Software Development
2020-10-08,FR,85.83,new postings,Software Development
2020-10-08,FR,77.56,total postings,Software Development
2020-10-09,FR,86.52,new postings,Software Development
2020-10-09,FR,77.68,total postings,Software Development
2020-10-10,FR,87.47,new postings,Software Development
2020-10-10,FR,77.89,total postings,Software Development
2020-10-11,FR,88.46,new postings,Software Development
2020-10-11,FR,78.16,total postings,Software Development
2020-10-12,FR,88.68,new postings,Software Development
2020-10-12,FR,78.2,total postings,Software Development
2020-10-13,FR,87.73,new postings,Software Development
2020-10-13,FR,78.14,total postings,Software Development
2020-10-14,FR,88.38,new postings,Software Development
2020-10-14,FR,77.92,total postings,Software Development
2020-10-15,FR,89.15,new postings,Software Development
2020-10-15,FR,77.78,total postings,Software Development
2020-10-16,FR,89.89,new postings,Software Development
2020-10-16,FR,77.53,total postings,Software Development
2020-10-17,FR,90.28,new postings,Software Development
2020-10-17,FR,77.33,total postings,Software Development
2020-10-18,FR,90.51,new postings,Software Development
2020-10-18,FR,77.11,total postings,Software Development
2020-10-19,FR,91.38,new postings,Software Development
2020-10-19,FR,77.16,total postings,Software Development
2020-10-20,FR,93.48,new postings,Software Development
2020-10-20,FR,77.15,total postings,Software Development
2020-10-21,FR,93.54,new postings,Software Development
2020-10-21,FR,77.61,total postings,Software Development
2020-10-22,FR,93.93,new postings,Software Development
2020-10-22,FR,78.0,total postings,Software Development
2020-10-23,FR,94.44,new postings,Software Development
2020-10-23,FR,78.17,total postings,Software Development
2020-10-24,FR,94.92,new postings,Software Development
2020-10-24,FR,78.31,total postings,Software Development
2020-10-25,FR,95.28,new postings,Software Development
2020-10-25,FR,78.64,total postings,Software Development
2020-10-26,FR,95.07,new postings,Software Development
2020-10-26,FR,78.71,total postings,Software Development
2020-10-27,FR,94.25,new postings,Software Development
2020-10-27,FR,79.15,total postings,Software Development
2020-10-28,FR,93.91,new postings,Software Development
2020-10-28,FR,78.97,total postings,Software Development
2020-10-29,FR,92.67,new postings,Software Development
2020-10-29,FR,78.75,total postings,Software Development
2020-10-30,FR,90.91,new postings,Software Development
2020-10-30,FR,78.79,total postings,Software Development
2020-10-31,FR,88.79,new postings,Software Development
2020-10-31,FR,78.82,total postings,Software Development
2020-11-01,FR,87.77,new postings,Software Development
2020-11-01,FR,78.68,total postings,Software Development
2020-11-02,FR,88.74,new postings,Software Development
2020-11-02,FR,78.8,total postings,Software Development
2020-11-03,FR,89.5,new postings,Software Development
2020-11-03,FR,78.68,total postings,Software Development
2020-11-04,FR,90.09,new postings,Software Development
2020-11-04,FR,78.69,total postings,Software Development
2020-11-05,FR,91.32,new postings,Software Development
2020-11-05,FR,78.85,total postings,Software Development
2020-11-06,FR,92.51,new postings,Software Development
2020-11-06,FR,78.85,total postings,Software Development
2020-11-07,FR,95.62,new postings,Software Development
2020-11-07,FR,78.84,total postings,Software Development
2020-11-08,FR,97.46,new postings,Software Development
2020-11-08,FR,78.87,total postings,Software Development
2020-11-09,FR,95.76,new postings,Software Development
2020-11-09,FR,78.93,total postings,Software Development
2020-11-10,FR,95.06,new postings,Software Development
2020-11-10,FR,78.93,total postings,Software Development
2020-11-11,FR,95.38,new postings,Software Development
2020-11-11,FR,79.08,total postings,Software Development
2020-11-12,FR,95.17,new postings,Software Development
2020-11-12,FR,79.18,total postings,Software Development
2020-11-13,FR,95.39,new postings,Software Development
2020-11-13,FR,79.39,total postings,Software Development
2020-11-14,FR,94.91,new postings,Software Development
2020-11-14,FR,79.51,total postings,Software Development
2020-11-15,FR,94.87,new postings,Software Development
2020-11-15,FR,79.7,total postings,Software Development
2020-11-16,FR,96.45,new postings,Software Development
2020-11-16,FR,79.8,total postings,Software Development
2020-11-17,FR,97.2,new postings,Software Development
2020-11-17,FR,80.03,total postings,Software Development
2020-11-18,FR,96.5,new postings,Software Development
2020-11-18,FR,80.25,total postings,Software Development
2020-11-19,FR,98.39,new postings,Software Development
2020-11-19,FR,80.51,total postings,Software Development
2020-11-20,FR,99.74,new postings,Software Development
2020-11-20,FR,80.84,total postings,Software Development
2020-11-21,FR,100.09,new postings,Software Development
2020-11-21,FR,81.14,total postings,Software Development
2020-11-22,FR,100.43,new postings,Software Development
2020-11-22,FR,81.36,total postings,Software Development
2020-11-23,FR,101.13,new postings,Software Development
2020-11-23,FR,81.61,total postings,Software Development
2020-11-24,FR,101.17,new postings,Software Development
2020-11-24,FR,81.62,total postings,Software Development
2020-11-25,FR,102.2,new postings,Software Development
2020-11-25,FR,81.57,total postings,Software Development
2020-11-26,FR,100.14,new postings,Software Development
2020-11-26,FR,81.57,total postings,Software Development
2020-11-27,FR,98.85,new postings,Software Development
2020-11-27,FR,81.5,total postings,Software Development
2020-11-28,FR,98.58,new postings,Software Development
2020-11-28,FR,81.67,total postings,Software Development
2020-11-29,FR,97.8,new postings,Software Development
2020-11-29,FR,81.73,total postings,Software Development
2020-11-30,FR,97.01,new postings,Software Development
2020-11-30,FR,81.72,total postings,Software Development
2020-12-01,FR,97.0,new postings,Software Development
2020-12-01,FR,81.88,total postings,Software Development
2020-12-02,FR,96.03,new postings,Software Development
2020-12-02,FR,82.06,total postings,Software Development
2020-12-03,FR,96.06,new postings,Software Development
2020-12-03,FR,82.15,total postings,Software Development
2020-12-04,FR,95.57,new postings,Software Development
2020-12-04,FR,82.25,total postings,Software Development
2020-12-05,FR,94.72,new postings,Software Development
2020-12-05,FR,82.22,total postings,Software Development
2020-12-06,FR,94.31,new postings,Software Development
2020-12-06,FR,82.3,total postings,Software Development
2020-12-07,FR,93.74,new postings,Software Development
2020-12-07,FR,82.46,total postings,Software Development
2020-12-08,FR,93.27,new postings,Software Development
2020-12-08,FR,82.56,total postings,Software Development
2020-12-09,FR,94.1,new postings,Software Development
2020-12-09,FR,82.7,total postings,Software Development
2020-12-10,FR,95.33,new postings,Software Development
2020-12-10,FR,82.9,total postings,Software Development
2020-12-11,FR,96.53,new postings,Software Development
2020-12-11,FR,83.14,total postings,Software Development
2020-12-12,FR,97.31,new postings,Software Development
2020-12-12,FR,83.26,total postings,Software Development
2020-12-13,FR,98.1,new postings,Software Development
2020-12-13,FR,83.39,total postings,Software Development
2020-12-14,FR,99.65,new postings,Software Development
2020-12-14,FR,83.58,total postings,Software Development
2020-12-15,FR,101.54,new postings,Software Development
2020-12-15,FR,83.74,total postings,Software Development
2020-12-16,FR,101.99,new postings,Software Development
2020-12-16,FR,83.87,total postings,Software Development
2020-12-17,FR,102.13,new postings,Software Development
2020-12-17,FR,83.83,total postings,Software Development
2020-12-18,FR,102.12,new postings,Software Development
2020-12-18,FR,83.73,total postings,Software Development
2020-12-19,FR,101.95,new postings,Software Development
2020-12-19,FR,83.74,total postings,Software Development
2020-12-20,FR,102.05,new postings,Software Development
2020-12-20,FR,83.77,total postings,Software Development
2020-12-21,FR,100.95,new postings,Software Development
2020-12-21,FR,83.66,total postings,Software Development
2020-12-22,FR,98.56,new postings,Software Development
2020-12-22,FR,83.49,total postings,Software Development
2020-12-23,FR,95.88,new postings,Software Development
2020-12-23,FR,83.25,total postings,Software Development
2020-12-24,FR,93.57,new postings,Software Development
2020-12-24,FR,83.11,total postings,Software Development
2020-12-25,FR,92.48,new postings,Software Development
2020-12-25,FR,83.05,total postings,Software Development
2020-12-26,FR,91.35,new postings,Software Development
2020-12-26,FR,82.94,total postings,Software Development
2020-12-27,FR,90.96,new postings,Software Development
2020-12-27,FR,82.8,total postings,Software Development
2020-12-28,FR,91.86,new postings,Software Development
2020-12-28,FR,82.74,total postings,Software Development
2020-12-29,FR,92.99,new postings,Software Development
2020-12-29,FR,82.79,total postings,Software Development
2020-12-30,FR,95.03,new postings,Software Development
2020-12-30,FR,82.91,total postings,Software Development
2020-12-31,FR,95.97,new postings,Software Development
2020-12-31,FR,83.02,total postings,Software Development
2021-01-01,FR,96.4,new postings,Software Development
2021-01-01,FR,83.25,total postings,Software Development
2021-01-02,FR,96.53,new postings,Software Development
2021-01-02,FR,83.41,total postings,Software Development
2021-01-03,FR,93.9,new postings,Software Development
2021-01-03,FR,83.52,total postings,Software Development
2021-01-04,FR,87.6,new postings,Software Development
2021-01-04,FR,83.56,total postings,Software Development
2021-01-05,FR,83.33,new postings,Software Development
2021-01-05,FR,83.6,total postings,Software Development
2021-01-06,FR,80.93,new postings,Software Development
2021-01-06,FR,83.7,total postings,Software Development
2021-01-07,FR,80.17,new postings,Software Development
2021-01-07,FR,83.74,total postings,Software Development
2021-01-08,FR,79.21,new postings,Software Development
2021-01-08,FR,83.65,total postings,Software Development
2021-01-09,FR,79.28,new postings,Software Development
2021-01-09,FR,83.7,total postings,Software Development
2021-01-10,FR,80.63,new postings,Software Development
2021-01-10,FR,83.74,total postings,Software Development
2021-01-11,FR,84.23,new postings,Software Development
2021-01-11,FR,83.8,total postings,Software Development
2021-01-12,FR,86.99,new postings,Software Development
2021-01-12,FR,83.86,total postings,Software Development
2021-01-13,FR,88.68,new postings,Software Development
2021-01-13,FR,83.88,total postings,Software Development
2021-01-14,FR,89.76,new postings,Software Development
2021-01-14,FR,84.03,total postings,Software Development
2021-01-15,FR,90.82,new postings,Software Development
2021-01-15,FR,84.16,total postings,Software Development
2021-01-16,FR,91.31,new postings,Software Development
2021-01-16,FR,84.21,total postings,Software Development
2021-01-17,FR,92.18,new postings,Software Development
2021-01-17,FR,84.28,total postings,Software Development
2021-01-18,FR,93.24,new postings,Software Development
2021-01-18,FR,84.25,total postings,Software Development
2021-01-19,FR,93.78,new postings,Software Development
2021-01-19,FR,84.32,total postings,Software Development
2021-01-20,FR,93.61,new postings,Software Development
2021-01-20,FR,84.35,total postings,Software Development
2021-01-21,FR,92.87,new postings,Software Development
2021-01-21,FR,84.24,total postings,Software Development
2021-01-22,FR,92.04,new postings,Software Development
2021-01-22,FR,84.14,total postings,Software Development
2021-01-23,FR,91.42,new postings,Software Development
2021-01-23,FR,84.14,total postings,Software Development
2021-01-24,FR,91.2,new postings,Software Development
2021-01-24,FR,84.19,total postings,Software Development
2021-01-25,FR,92.02,new postings,Software Development
2021-01-25,FR,84.36,total postings,Software Development
2021-01-26,FR,91.78,new postings,Software Development
2021-01-26,FR,84.26,total postings,Software Development
2021-01-27,FR,91.13,new postings,Software Development
2021-01-27,FR,84.18,total postings,Software Development
2021-01-28,FR,90.45,new postings,Software Development
2021-01-28,FR,84.15,total postings,Software Development
2021-01-29,FR,90.32,new postings,Software Development
2021-01-29,FR,84.12,total postings,Software Development
2021-01-30,FR,90.35,new postings,Software Development
2021-01-30,FR,84.02,total postings,Software Development
2021-01-31,FR,90.01,new postings,Software Development
2021-01-31,FR,83.96,total postings,Software Development
2021-02-01,FR,89.69,new postings,Software Development
2021-02-01,FR,83.97,total postings,Software Development
2021-02-02,FR,90.1,new postings,Software Development
2021-02-02,FR,84.19,total postings,Software Development
2021-02-03,FR,91.23,new postings,Software Development
2021-02-03,FR,84.37,total postings,Software Development
2021-02-04,FR,93.06,new postings,Software Development
2021-02-04,FR,84.57,total postings,Software Development
2021-02-05,FR,94.58,new postings,Software Development
2021-02-05,FR,84.75,total postings,Software Development
2021-02-06,FR,96.1,new postings,Software Development
2021-02-06,FR,84.92,total postings,Software Development
2021-02-07,FR,97.79,new postings,Software Development
2021-02-07,FR,85.09,total postings,Software Development
2021-02-08,FR,98.61,new postings,Software Development
2021-02-08,FR,85.1,total postings,Software Development
2021-02-09,FR,99.69,new postings,Software Development
2021-02-09,FR,85.08,total postings,Software Development
2021-02-10,FR,100.62,new postings,Software Development
2021-02-10,FR,85.12,total postings,Software Development
2021-02-11,FR,100.37,new postings,Software Development
2021-02-11,FR,85.16,total postings,Software Development
2021-02-12,FR,99.67,new postings,Software Development
2021-02-12,FR,85.29,total postings,Software Development
2021-02-13,FR,98.68,new postings,Software Development
2021-02-13,FR,85.48,total postings,Software Development
2021-02-14,FR,97.84,new postings,Software Development
2021-02-14,FR,85.59,total postings,Software Development
2021-02-15,FR,97.73,new postings,Software Development
2021-02-15,FR,85.73,total postings,Software Development
2021-02-16,FR,97.37,new postings,Software Development
2021-02-16,FR,85.86,total postings,Software Development
2021-02-17,FR,96.41,new postings,Software Development
2021-02-17,FR,85.91,total postings,Software Development
2021-02-18,FR,95.11,new postings,Software Development
2021-02-18,FR,85.92,total postings,Software Development
2021-02-19,FR,94.94,new postings,Software Development
2021-02-19,FR,85.85,total postings,Software Development
2021-02-20,FR,94.9,new postings,Software Development
2021-02-20,FR,85.56,total postings,Software Development
2021-02-21,FR,94.97,new postings,Software Development
2021-02-21,FR,85.39,total postings,Software Development
2021-02-22,FR,94.67,new postings,Software Development
2021-02-22,FR,85.21,total postings,Software Development
2021-02-23,FR,93.92,new postings,Software Development
2021-02-23,FR,85.1,total postings,Software Development
2021-02-24,FR,94.34,new postings,Software Development
2021-02-24,FR,85.06,total postings,Software Development
2021-02-25,FR,96.35,new postings,Software Development
2021-02-25,FR,85.06,total postings,Software Development
2021-02-26,FR,98.21,new postings,Software Development
2021-02-26,FR,85.07,total postings,Software Development
2021-02-27,FR,100.07,new postings,Software Development
2021-02-27,FR,85.19,total postings,Software Development
2021-02-28,FR,101.48,new postings,Software Development
2021-02-28,FR,85.23,total postings,Software Development
2021-03-01,FR,102.26,new postings,Software Development
2021-03-01,FR,85.3,total postings,Software Development
2021-03-02,FR,105.12,new postings,Software Development
2021-03-02,FR,85.43,total postings,Software Development
2021-03-03,FR,106.35,new postings,Software Development
2021-03-03,FR,85.46,total postings,Software Development
2021-03-04,FR,108.07,new postings,Software Development
2021-03-04,FR,85.54,total postings,Software Development
2021-03-05,FR,108.91,new postings,Software Development
2021-03-05,FR,85.68,total postings,Software Development
2021-03-06,FR,110.33,new postings,Software Development
2021-03-06,FR,85.87,total postings,Software Development
2021-03-07,FR,112.04,new postings,Software Development
2021-03-07,FR,86.1,total postings,Software Development
2021-03-08,FR,114.06,new postings,Software Development
2021-03-08,FR,86.32,total postings,Software Development
2021-03-09,FR,114.26,new postings,Software Development
2021-03-09,FR,86.47,total postings,Software Development
2021-03-10,FR,115.12,new postings,Software Development
2021-03-10,FR,86.74,total postings,Software Development
2021-03-11,FR,118.74,new postings,Software Development
2021-03-11,FR,87.24,total postings,Software Development
2021-03-12,FR,118.31,new postings,Software Development
2021-03-12,FR,87.44,total postings,Software Development
2021-03-13,FR,117.06,new postings,Software Development
2021-03-13,FR,87.67,total postings,Software Development
2021-03-14,FR,115.46,new postings,Software Development
2021-03-14,FR,87.8,total postings,Software Development
2021-03-15,FR,113.64,new postings,Software Development
2021-03-15,FR,87.84,total postings,Software Development
2021-03-16,FR,112.35,new postings,Software Development
2021-03-16,FR,88.34,total postings,Software Development
2021-03-17,FR,111.92,new postings,Software Development
2021-03-17,FR,88.76,total postings,Software Development
2021-03-18,FR,107.02,new postings,Software Development
2021-03-18,FR,88.91,total postings,Software Development
2021-03-19,FR,106.04,new postings,Software Development
2021-03-19,FR,89.18,total postings,Software Development
2021-03-20,FR,105.83,new postings,Software Development
2021-03-20,FR,89.47,total postings,Software Development
2021-03-21,FR,105.84,new postings,Software Development
2021-03-21,FR,89.72,total postings,Software Development
2021-03-22,FR,106.66,new postings,Software Development
2021-03-22,FR,89.99,total postings,Software Development
2021-03-23,FR,107.26,new postings,Software Development
2021-03-23,FR,89.64,total postings,Software Development
2021-03-24,FR,107.58,new postings,Software Development
2021-03-24,FR,89.14,total postings,Software Development
2021-03-25,FR,108.01,new postings,Software Development
2021-03-25,FR,88.7,total postings,Software Development
2021-03-26,FR,109.21,new postings,Software Development
2021-03-26,FR,88.48,total postings,Software Development
2021-03-27,FR,110.16,new postings,Software Development
2021-03-27,FR,88.33,total postings,Software Development
2021-03-28,FR,111.25,new postings,Software Development
2021-03-28,FR,88.17,total postings,Software Development
2021-03-29,FR,111.72,new postings,Software Development
2021-03-29,FR,88.06,total postings,Software Development
2021-03-30,FR,111.69,new postings,Software Development
2021-03-30,FR,88.05,total postings,Software Development
2021-03-31,FR,111.66,new postings,Software Development
2021-03-31,FR,88.24,total postings,Software Development
2021-04-01,FR,111.43,new postings,Software Development
2021-04-01,FR,88.32,total postings,Software Development
2021-04-02,FR,110.94,new postings,Software Development
2021-04-02,FR,88.28,total postings,Software Development
2021-04-03,FR,109.91,new postings,Software Development
2021-04-03,FR,88.17,total postings,Software Development
2021-04-04,FR,108.3,new postings,Software Development
2021-04-04,FR,88.17,total postings,Software Development
2021-04-05,FR,107.07,new postings,Software Development
2021-04-05,FR,88.18,total postings,Software Development
2021-04-06,FR,105.58,new postings,Software Development
2021-04-06,FR,88.15,total postings,Software Development
2021-04-07,FR,103.79,new postings,Software Development
2021-04-07,FR,87.97,total postings,Software Development
2021-04-08,FR,102.39,new postings,Software Development
2021-04-08,FR,87.77,total postings,Software Development
2021-04-09,FR,100.39,new postings,Software Development
2021-04-09,FR,87.64,total postings,Software Development
2021-04-10,FR,97.91,new postings,Software Development
2021-04-10,FR,87.29,total postings,Software Development
2021-04-11,FR,95.71,new postings,Software Development
2021-04-11,FR,86.72,total postings,Software Development
2021-04-12,FR,94.1,new postings,Software Development
2021-04-12,FR,86.36,total postings,Software Development
2021-04-13,FR,96.65,new postings,Software Development
2021-04-13,FR,86.13,total postings,Software Development
2021-04-14,FR,99.48,new postings,Software Development
2021-04-14,FR,85.95,total postings,Software Development
2021-04-15,FR,102.77,new postings,Software Development
2021-04-15,FR,85.84,total postings,Software Development
2021-04-16,FR,107.35,new postings,Software Development
2021-04-16,FR,85.89,total postings,Software Development
2021-04-17,FR,112.78,new postings,Software Development
2021-04-17,FR,86.14,total postings,Software Development
2021-04-18,FR,118.49,new postings,Software Development
2021-04-18,FR,86.47,total postings,Software Development
2021-04-19,FR,123.78,new postings,Software Development
2021-04-19,FR,86.69,total postings,Software Development
2021-04-20,FR,125.72,new postings,Software Development
2021-04-20,FR,86.93,total postings,Software Development
2021-04-21,FR,127.06,new postings,Software Development
2021-04-21,FR,87.29,total postings,Software Development
2021-04-22,FR,127.91,new postings,Software Development
2021-04-22,FR,87.74,total postings,Software Development
2021-04-23,FR,127.01,new postings,Software Development
2021-04-23,FR,87.97,total postings,Software Development
2021-04-24,FR,126.05,new postings,Software Development
2021-04-24,FR,88.36,total postings,Software Development
2021-04-25,FR,124.79,new postings,Software Development
2021-04-25,FR,88.54,total postings,Software Development
2021-04-26,FR,122.07,new postings,Software Development
2021-04-26,FR,88.62,total postings,Software Development
2021-04-27,FR,119.44,new postings,Software Development
2021-04-27,FR,88.69,total postings,Software Development
2021-04-28,FR,117.17,new postings,Software Development
2021-04-28,FR,88.61,total postings,Software Development
2021-04-29,FR,115.61,new postings,Software Development
2021-04-29,FR,88.55,total postings,Software Development
2021-04-30,FR,115.25,new postings,Software Development
2021-04-30,FR,88.58,total postings,Software Development
2021-05-01,FR,114.61,new postings,Software Development
2021-05-01,FR,88.46,total postings,Software Development
2021-05-02,FR,116.3,new postings,Software Development
2021-05-02,FR,88.75,total postings,Software Development
2021-05-03,FR,117.31,new postings,Software Development
2021-05-03,FR,88.99,total postings,Software Development
2021-05-04,FR,119.2,new postings,Software Development
2021-05-04,FR,89.2,total postings,Software Development
2021-05-05,FR,121.52,new postings,Software Development
2021-05-05,FR,89.6,total postings,Software Development
2021-05-06,FR,123.1,new postings,Software Development
2021-05-06,FR,89.9,total postings,Software Development
2021-05-07,FR,123.93,new postings,Software Development
2021-05-07,FR,90.32,total postings,Software Development
2021-05-08,FR,125.19,new postings,Software Development
2021-05-08,FR,90.65,total postings,Software Development
2021-05-09,FR,124.32,new postings,Software Development
2021-05-09,FR,91.08,total postings,Software Development
2021-05-10,FR,124.41,new postings,Software Development
2021-05-10,FR,91.54,total postings,Software Development
2021-05-11,FR,123.84,new postings,Software Development
2021-05-11,FR,92.09,total postings,Software Development
2021-05-12,FR,122.37,new postings,Software Development
2021-05-12,FR,92.52,total postings,Software Development
2021-05-13,FR,122.42,new postings,Software Development
2021-05-13,FR,93.08,total postings,Software Development
2021-05-14,FR,121.1,new postings,Software Development
2021-05-14,FR,93.27,total postings,Software Development
2021-05-15,FR,117.06,new postings,Software Development
2021-05-15,FR,93.47,total postings,Software Development
2021-05-16,FR,116.26,new postings,Software Development
2021-05-16,FR,93.4,total postings,Software Development
2021-05-17,FR,115.31,new postings,Software Development
2021-05-17,FR,93.4,total postings,Software Development
2021-05-18,FR,112.43,new postings,Software Development
2021-05-18,FR,93.36,total postings,Software Development
2021-05-19,FR,107.58,new postings,Software Development
2021-05-19,FR,93.38,total postings,Software Development
2021-05-20,FR,100.93,new postings,Software Development
2021-05-20,FR,93.37,total postings,Software Development
2021-05-21,FR,98.99,new postings,Software Development
2021-05-21,FR,93.47,total postings,Software Development
2021-05-22,FR,101.63,new postings,Software Development
2021-05-22,FR,93.65,total postings,Software Development
2021-05-23,FR,101.28,new postings,Software Development
2021-05-23,FR,93.94,total postings,Software Development
2021-05-24,FR,101.68,new postings,Software Development
2021-05-24,FR,94.16,total postings,Software Development
2021-05-25,FR,102.54,new postings,Software Development
2021-05-25,FR,94.3,total postings,Software Development
2021-05-26,FR,105.74,new postings,Software Development
2021-05-26,FR,94.48,total postings,Software Development
2021-05-27,FR,110.03,new postings,Software Development
2021-05-27,FR,94.61,total postings,Software Development
2021-05-28,FR,112.3,new postings,Software Development
2021-05-28,FR,94.79,total postings,Software Development
2021-05-29,FR,112.6,new postings,Software Development
2021-05-29,FR,94.94,total postings,Software Development
2021-05-30,FR,112.87,new postings,Software Development
2021-05-30,FR,95.19,total postings,Software Development
2021-05-31,FR,114.06,new postings,Software Development
2021-05-31,FR,95.48,total postings,Software Development
2021-06-01,FR,119.21,new postings,Software Development
2021-06-01,FR,95.78,total postings,Software Development
2021-06-02,FR,123.12,new postings,Software Development
2021-06-02,FR,95.99,total postings,Software Development
2021-06-03,FR,126.18,new postings,Software Development
2021-06-03,FR,96.22,total postings,Software Development
2021-06-04,FR,127.31,new postings,Software Development
2021-06-04,FR,96.46,total postings,Software Development
2021-06-05,FR,128.59,new postings,Software Development
2021-06-05,FR,96.81,total postings,Software Development
2021-06-06,FR,130.0,new postings,Software Development
2021-06-06,FR,97.04,total postings,Software Development
2021-06-07,FR,131.56,new postings,Software Development
2021-06-07,FR,97.22,total postings,Software Development
2021-06-08,FR,130.27,new postings,Software Development
2021-06-08,FR,97.44,total postings,Software Development
2021-06-09,FR,130.5,new postings,Software Development
2021-06-09,FR,97.79,total postings,Software Development
2021-06-10,FR,131.24,new postings,Software Development
2021-06-10,FR,98.0,total postings,Software Development
2021-06-11,FR,133.66,new postings,Software Development
2021-06-11,FR,98.22,total postings,Software Development
2021-06-12,FR,136.49,new postings,Software Development
2021-06-12,FR,98.36,total postings,Software Development
2021-06-13,FR,139.12,new postings,Software Development
2021-06-13,FR,98.49,total postings,Software Development
2021-06-14,FR,138.0,new postings,Software Development
2021-06-14,FR,98.77,total postings,Software Development
2021-06-15,FR,137.48,new postings,Software Development
2021-06-15,FR,99.03,total postings,Software Development
2021-06-16,FR,137.21,new postings,Software Development
2021-06-16,FR,99.17,total postings,Software Development
2021-06-17,FR,136.33,new postings,Software Development
2021-06-17,FR,99.47,total postings,Software Development
2021-06-18,FR,134.32,new postings,Software Development
2021-06-18,FR,99.56,total postings,Software Development
2021-06-19,FR,131.45,new postings,Software Development
2021-06-19,FR,99.69,total postings,Software Development
2021-06-20,FR,128.55,new postings,Software Development
2021-06-20,FR,99.83,total postings,Software Development
2021-06-21,FR,128.48,new postings,Software Development
2021-06-21,FR,99.85,total postings,Software Development
2021-06-22,FR,129.12,new postings,Software Development
2021-06-22,FR,99.95,total postings,Software Development
2021-06-23,FR,129.85,new postings,Software Development
2021-06-23,FR,100.03,total postings,Software Development
2021-06-24,FR,130.76,new postings,Software Development
2021-06-24,FR,100.04,total postings,Software Development
2021-06-25,FR,132.07,new postings,Software Development
2021-06-25,FR,100.27,total postings,Software Development
2021-06-26,FR,132.76,new postings,Software Development
2021-06-26,FR,100.41,total postings,Software Development
2021-06-27,FR,132.98,new postings,Software Development
2021-06-27,FR,100.54,total postings,Software Development
2021-06-28,FR,133.75,new postings,Software Development
2021-06-28,FR,100.78,total postings,Software Development
2021-06-29,FR,133.06,new postings,Software Development
2021-06-29,FR,100.91,total postings,Software Development
2021-06-30,FR,131.73,new postings,Software Development
2021-06-30,FR,101.05,total postings,Software Development
2021-07-01,FR,130.4,new postings,Software Development
2021-07-01,FR,101.19,total postings,Software Development
2021-07-02,FR,129.7,new postings,Software Development
2021-07-02,FR,101.33,total postings,Software Development
2021-07-03,FR,130.51,new postings,Software Development
2021-07-03,FR,101.45,total postings,Software Development
2021-07-04,FR,131.12,new postings,Software Development
2021-07-04,FR,101.47,total postings,Software Development
2021-07-05,FR,131.46,new postings,Software Development
2021-07-05,FR,101.78,total postings,Software Development
2021-07-06,FR,131.67,new postings,Software Development
2021-07-06,FR,102.21,total postings,Software Development
2021-07-07,FR,133.19,new postings,Software Development
2021-07-07,FR,102.69,total postings,Software Development
2021-07-08,FR,134.52,new postings,Software Development
2021-07-08,FR,103.29,total postings,Software Development
2021-07-09,FR,136.0,new postings,Software Development
2021-07-09,FR,103.88,total postings,Software Development
2021-07-10,FR,135.49,new postings,Software Development
2021-07-10,FR,104.61,total postings,Software Development
2021-07-11,FR,135.19,new postings,Software Development
2021-07-11,FR,105.41,total postings,Software Development
2021-07-12,FR,135.13,new postings,Software Development
2021-07-12,FR,105.8,total postings,Software Development
2021-07-13,FR,135.33,new postings,Software Development
2021-07-13,FR,106.1,total postings,Software Development
2021-07-14,FR,134.63,new postings,Software Development
2021-07-14,FR,106.39,total postings,Software Development
2021-07-15,FR,132.44,new postings,Software Development
2021-07-15,FR,106.36,total postings,Software Development
2021-07-16,FR,129.54,new postings,Software Development
2021-07-16,FR,106.49,total postings,Software Development
2021-07-17,FR,128.75,new postings,Software Development
2021-07-17,FR,106.72,total postings,Software Development
2021-07-18,FR,128.06,new postings,Software Development
2021-07-18,FR,107.06,total postings,Software Development
2021-07-19,FR,125.96,new postings,Software Development
2021-07-19,FR,107.44,total postings,Software Development
2021-07-20,FR,122.64,new postings,Software Development
2021-07-20,FR,107.6,total postings,Software Development
2021-07-21,FR,119.6,new postings,Software Development
2021-07-21,FR,107.62,total postings,Software Development
2021-07-22,FR,120.08,new postings,Software Development
2021-07-22,FR,107.84,total postings,Software Development
2021-07-23,FR,120.8,new postings,Software Development
2021-07-23,FR,107.83,total postings,Software Development
2021-07-24,FR,120.84,new postings,Software Development
2021-07-24,FR,107.7,total postings,Software Development
2021-07-25,FR,121.21,new postings,Software Development
2021-07-25,FR,107.59,total postings,Software Development
2021-07-26,FR,122.67,new postings,Software Development
2021-07-26,FR,107.65,total postings,Software Development
2021-07-27,FR,125.0,new postings,Software Development
2021-07-27,FR,107.85,total postings,Software Development
2021-07-28,FR,126.82,new postings,Software Development
2021-07-28,FR,108.05,total postings,Software Development
2021-07-29,FR,126.92,new postings,Software Development
2021-07-29,FR,108.21,total postings,Software Development
2021-07-30,FR,126.8,new postings,Software Development
2021-07-30,FR,108.41,total postings,Software Development
2021-07-31,FR,126.98,new postings,Software Development
2021-07-31,FR,108.46,total postings,Software Development
2021-08-01,FR,126.97,new postings,Software Development
2021-08-01,FR,108.32,total postings,Software Development
2021-08-02,FR,126.91,new postings,Software Development
2021-08-02,FR,108.13,total postings,Software Development
2021-08-03,FR,127.93,new postings,Software Development
2021-08-03,FR,107.9,total postings,Software Development
2021-08-04,FR,128.65,new postings,Software Development
2021-08-04,FR,107.96,total postings,Software Development
2021-08-05,FR,129.13,new postings,Software Development
2021-08-05,FR,107.98,total postings,Software Development
2021-08-06,FR,129.54,new postings,Software Development
2021-08-06,FR,108.05,total postings,Software Development
2021-08-07,FR,128.7,new postings,Software Development
2021-08-07,FR,108.18,total postings,Software Development
2021-08-08,FR,128.17,new postings,Software Development
2021-08-08,FR,108.27,total postings,Software Development
2021-08-09,FR,127.34,new postings,Software Development
2021-08-09,FR,108.22,total postings,Software Development
2021-08-10,FR,125.07,new postings,Software Development
2021-08-10,FR,108.32,total postings,Software Development
2021-08-11,FR,122.8,new postings,Software Development
2021-08-11,FR,108.28,total postings,Software Development
2021-08-12,FR,120.66,new postings,Software Development
2021-08-12,FR,108.26,total postings,Software Development
2021-08-13,FR,119.0,new postings,Software Development
2021-08-13,FR,108.26,total postings,Software Development
2021-08-14,FR,117.96,new postings,Software Development
2021-08-14,FR,108.14,total postings,Software Development
2021-08-15,FR,117.11,new postings,Software Development
2021-08-15,FR,108.16,total postings,Software Development
2021-08-16,FR,117.3,new postings,Software Development
2021-08-16,FR,108.4,total postings,Software Development
2021-08-17,FR,118.88,new postings,Software Development
2021-08-17,FR,108.54,total postings,Software Development
2021-08-18,FR,121.49,new postings,Software Development
2021-08-18,FR,108.68,total postings,Software Development
2021-08-19,FR,124.04,new postings,Software Development
2021-08-19,FR,108.79,total postings,Software Development
2021-08-20,FR,126.53,new postings,Software Development
2021-08-20,FR,109.01,total postings,Software Development
2021-08-21,FR,129.57,new postings,Software Development
2021-08-21,FR,109.38,total postings,Software Development
2021-08-22,FR,131.77,new postings,Software Development
2021-08-22,FR,109.67,total postings,Software Development
2021-08-23,FR,132.08,new postings,Software Development
2021-08-23,FR,109.78,total postings,Software Development
2021-08-24,FR,131.41,new postings,Software Development
2021-08-24,FR,109.93,total postings,Software Development
2021-08-25,FR,130.46,new postings,Software Development
2021-08-25,FR,110.03,total postings,Software Development
2021-08-26,FR,129.66,new postings,Software Development
2021-08-26,FR,110.27,total postings,Software Development
2021-08-27,FR,128.54,new postings,Software Development
2021-08-27,FR,110.39,total postings,Software Development
2021-08-28,FR,127.52,new postings,Software Development
2021-08-28,FR,110.52,total postings,Software Development
2021-08-29,FR,126.62,new postings,Software Development
2021-08-29,FR,110.6,total postings,Software Development
2021-08-30,FR,126.41,new postings,Software Development
2021-08-30,FR,110.78,total postings,Software Development
2021-08-31,FR,126.96,new postings,Software Development
2021-08-31,FR,110.94,total postings,Software Development
2021-09-01,FR,127.55,new postings,Software Development
2021-09-01,FR,111.12,total postings,Software Development
2021-09-02,FR,128.26,new postings,Software Development
2021-09-02,FR,111.16,total postings,Software Development
2021-09-03,FR,128.8,new postings,Software Development
2021-09-03,FR,111.11,total postings,Software Development
2021-09-04,FR,129.5,new postings,Software Development
2021-09-04,FR,110.96,total postings,Software Development
2021-09-05,FR,130.4,new postings,Software Development
2021-09-05,FR,111.12,total postings,Software Development
2021-09-06,FR,131.14,new postings,Software Development
2021-09-06,FR,111.17,total postings,Software Development
2021-09-07,FR,130.8,new postings,Software Development
2021-09-07,FR,111.2,total postings,Software Development
2021-09-08,FR,129.82,new postings,Software Development
2021-09-08,FR,111.31,total postings,Software Development
2021-09-09,FR,128.45,new postings,Software Development
2021-09-09,FR,111.29,total postings,Software Development
2021-09-10,FR,127.18,new postings,Software Development
2021-09-10,FR,111.26,total postings,Software Development
2021-09-11,FR,126.36,new postings,Software Development
2021-09-11,FR,111.41,total postings,Software Development
2021-09-12,FR,125.32,new postings,Software Development
2021-09-12,FR,111.3,total postings,Software Development
2021-09-13,FR,124.92,new postings,Software Development
2021-09-13,FR,111.19,total postings,Software Development
2021-09-14,FR,125.61,new postings,Software Development
2021-09-14,FR,111.08,total postings,Software Development
2021-09-15,FR,126.54,new postings,Software Development
2021-09-15,FR,110.81,total postings,Software Development
2021-09-16,FR,127.66,new postings,Software Development
2021-09-16,FR,110.58,total postings,Software Development
2021-09-17,FR,129.14,new postings,Software Development
2021-09-17,FR,110.58,total postings,Software Development
2021-09-18,FR,129.13,new postings,Software Development
2021-09-18,FR,110.5,total postings,Software Development
2021-09-19,FR,129.48,new postings,Software Development
2021-09-19,FR,110.46,total postings,Software Development
2021-09-20,FR,129.58,new postings,Software Development
2021-09-20,FR,110.44,total postings,Software Development
2021-09-21,FR,129.34,new postings,Software Development
2021-09-21,FR,110.22,total postings,Software Development
2021-09-22,FR,129.77,new postings,Software Development
2021-09-22,FR,110.14,total postings,Software Development
2021-09-23,FR,131.06,new postings,Software Development
2021-09-23,FR,110.8,total postings,Software Development
2021-09-24,FR,132.03,new postings,Software Development
2021-09-24,FR,111.24,total postings,Software Development
2021-09-25,FR,134.21,new postings,Software Development
2021-09-25,FR,111.7,total postings,Software Development
2021-09-26,FR,136.31,new postings,Software Development
2021-09-26,FR,112.27,total postings,Software Development
2021-09-27,FR,138.52,new postings,Software Development
2021-09-27,FR,112.78,total postings,Software Development
2021-09-28,FR,141.15,new postings,Software Development
2021-09-28,FR,113.18,total postings,Software Development
2021-09-29,FR,145.51,new postings,Software Development
2021-09-29,FR,114.0,total postings,Software Development
2021-09-30,FR,148.8,new postings,Software Development
2021-09-30,FR,114.28,total postings,Software Development
2021-10-01,FR,151.25,new postings,Software Development
2021-10-01,FR,114.42,total postings,Software Development
2021-10-02,FR,153.44,new postings,Software Development
2021-10-02,FR,114.68,total postings,Software Development
2021-10-03,FR,155.6,new postings,Software Development
2021-10-03,FR,114.31,total postings,Software Development
2021-10-04,FR,157.44,new postings,Software Development
2021-10-04,FR,114.32,total postings,Software Development
2021-10-05,FR,158.22,new postings,Software Development
2021-10-05,FR,114.81,total postings,Software Development
2021-10-06,FR,154.4,new postings,Software Development
2021-10-06,FR,115.47,total postings,Software Development
2021-10-07,FR,151.6,new postings,Software Development
2021-10-07,FR,116.03,total postings,Software Development
2021-10-08,FR,149.66,new postings,Software Development
2021-10-08,FR,116.95,total postings,Software Development
2021-10-09,FR,147.75,new postings,Software Development
2021-10-09,FR,117.89,total postings,Software Development
2021-10-10,FR,146.01,new postings,Software Development
2021-10-10,FR,119.36,total postings,Software Development
2021-10-11,FR,144.5,new postings,Software Development
2021-10-11,FR,120.56,total postings,Software Development
2021-10-12,FR,144.26,new postings,Software Development
2021-10-12,FR,120.8,total postings,Software Development
2021-10-13,FR,146.67,new postings,Software Development
2021-10-13,FR,120.36,total postings,Software Development
2021-10-14,FR,146.58,new postings,Software Development
2021-10-14,FR,119.94,total postings,Software Development
2021-10-15,FR,146.52,new postings,Software Development
2021-10-15,FR,119.33,total postings,Software Development
2021-10-16,FR,145.76,new postings,Software Development
2021-10-16,FR,118.67,total postings,Software Development
2021-10-17,FR,144.76,new postings,Software Development
2021-10-17,FR,118.3,total postings,Software Development
2021-10-18,FR,143.47,new postings,Software Development
2021-10-18,FR,117.66,total postings,Software Development
2021-10-19,FR,141.73,new postings,Software Development
2021-10-19,FR,117.88,total postings,Software Development
2021-10-20,FR,139.7,new postings,Software Development
2021-10-20,FR,118.02,total postings,Software Development
2021-10-21,FR,140.34,new postings,Software Development
2021-10-21,FR,118.57,total postings,Software Development
2021-10-22,FR,140.59,new postings,Software Development
2021-10-22,FR,119.14,total postings,Software Development
2021-10-23,FR,140.85,new postings,Software Development
2021-10-23,FR,120.11,total postings,Software Development
2021-10-24,FR,140.81,new postings,Software Development
2021-10-24,FR,120.77,total postings,Software Development
2021-10-25,FR,141.53,new postings,Software Development
2021-10-25,FR,121.88,total postings,Software Development
2021-10-26,FR,141.73,new postings,Software Development
2021-10-26,FR,122.33,total postings,Software Development
2021-10-27,FR,142.18,new postings,Software Development
2021-10-27,FR,123.59,total postings,Software Development
2021-10-28,FR,141.73,new postings,Software Development
2021-10-28,FR,123.7,total postings,Software Development
2021-10-29,FR,142.83,new postings,Software Development
2021-10-29,FR,123.67,total postings,Software Development
2021-10-30,FR,143.76,new postings,Software Development
2021-10-30,FR,123.91,total postings,Software Development
2021-10-31,FR,145.86,new postings,Software Development
2021-10-31,FR,124.2,total postings,Software Development
2021-11-01,FR,148.64,new postings,Software Development
2021-11-01,FR,124.42,total postings,Software Development
2021-11-02,FR,148.9,new postings,Software Development
2021-11-02,FR,125.0,total postings,Software Development
2021-11-03,FR,148.01,new postings,Software Development
2021-11-03,FR,123.48,total postings,Software Development
2021-11-04,FR,147.11,new postings,Software Development
2021-11-04,FR,123.52,total postings,Software Development
2021-11-05,FR,144.97,new postings,Software Development
2021-11-05,FR,123.58,total postings,Software Development
2021-11-06,FR,142.76,new postings,Software Development
2021-11-06,FR,123.04,total postings,Software Development
2021-11-07,FR,139.75,new postings,Software Development
2021-11-07,FR,122.45,total postings,Software Development
2021-11-08,FR,134.9,new postings,Software Development
2021-11-08,FR,121.66,total postings,Software Development
2021-11-09,FR,135.89,new postings,Software Development
2021-11-09,FR,121.23,total postings,Software Development
2021-11-10,FR,137.27,new postings,Software Development
2021-11-10,FR,122.11,total postings,Software Development
2021-11-11,FR,138.98,new postings,Software Development
2021-11-11,FR,122.25,total postings,Software Development
2021-11-12,FR,138.83,new postings,Software Development
2021-11-12,FR,122.35,total postings,Software Development
2021-11-13,FR,137.52,new postings,Software Development
2021-11-13,FR,122.17,total postings,Software Development
2021-11-14,FR,135.68,new postings,Software Development
2021-11-14,FR,122.14,total postings,Software Development
2021-11-15,FR,134.25,new postings,Software Development
2021-11-15,FR,122.08,total postings,Software Development
2021-11-16,FR,129.57,new postings,Software Development
2021-11-16,FR,121.96,total postings,Software Development
2021-11-17,FR,125.64,new postings,Software Development
2021-11-17,FR,121.47,total postings,Software Development
2021-11-18,FR,121.23,new postings,Software Development
2021-11-18,FR,120.78,total postings,Software Development
2021-11-19,FR,120.11,new postings,Software Development
2021-11-19,FR,120.36,total postings,Software Development
2021-11-20,FR,122.51,new postings,Software Development
2021-11-20,FR,119.92,total postings,Software Development
2021-11-21,FR,125.56,new postings,Software Development
2021-11-21,FR,119.5,total postings,Software Development
2021-11-22,FR,129.15,new postings,Software Development
2021-11-22,FR,119.15,total postings,Software Development
2021-11-23,FR,133.57,new postings,Software Development
2021-11-23,FR,118.75,total postings,Software Development
2021-11-24,FR,137.32,new postings,Software Development
2021-11-24,FR,118.79,total postings,Software Development
2021-11-25,FR,141.34,new postings,Software Development
2021-11-25,FR,118.94,total postings,Software Development
2021-11-26,FR,144.41,new postings,Software Development
2021-11-26,FR,119.04,total postings,Software Development
2021-11-27,FR,145.08,new postings,Software Development
2021-11-27,FR,119.32,total postings,Software Development
2021-11-28,FR,145.52,new postings,Software Development
2021-11-28,FR,119.18,total postings,Software Development
2021-11-29,FR,145.58,new postings,Software Development
2021-11-29,FR,119.3,total postings,Software Development
2021-11-30,FR,144.98,new postings,Software Development
2021-11-30,FR,119.33,total postings,Software Development
2021-12-01,FR,144.47,new postings,Software Development
2021-12-01,FR,119.41,total postings,Software Development
2021-12-02,FR,143.85,new postings,Software Development
2021-12-02,FR,119.54,total postings,Software Development
2021-12-03,FR,142.61,new postings,Software Development
2021-12-03,FR,119.51,total postings,Software Development
2021-12-04,FR,142.47,new postings,Software Development
2021-12-04,FR,119.54,total postings,Software Development
2021-12-05,FR,142.08,new postings,Software Development
2021-12-05,FR,119.77,total postings,Software Development
2021-12-06,FR,141.55,new postings,Software Development
2021-12-06,FR,119.68,total postings,Software Development
2021-12-07,FR,141.01,new postings,Software Development
2021-12-07,FR,119.68,total postings,Software Development
2021-12-08,FR,140.76,new postings,Software Development
2021-12-08,FR,119.51,total postings,Software Development
2021-12-09,FR,140.42,new postings,Software Development
2021-12-09,FR,119.41,total postings,Software Development
2021-12-10,FR,140.59,new postings,Software Development
2021-12-10,FR,119.45,total postings,Software Development
2021-12-11,FR,139.67,new postings,Software Development
2021-12-11,FR,119.29,total postings,Software Development
2021-12-12,FR,139.43,new postings,Software Development
2021-12-12,FR,119.34,total postings,Software Development
2021-12-13,FR,139.82,new postings,Software Development
2021-12-13,FR,119.41,total postings,Software Development
2021-12-14,FR,140.08,new postings,Software Development
2021-12-14,FR,119.45,total postings,Software Development
2021-12-15,FR,140.37,new postings,Software Development
2021-12-15,FR,119.66,total postings,Software Development
2021-12-16,FR,141.28,new postings,Software Development
2021-12-16,FR,119.76,total postings,Software Development
2021-12-17,FR,141.96,new postings,Software Development
2021-12-17,FR,119.79,total postings,Software Development
2021-12-18,FR,143.72,new postings,Software Development
2021-12-18,FR,119.99,total postings,Software Development
2021-12-19,FR,145.13,new postings,Software Development
2021-12-19,FR,120.14,total postings,Software Development
2021-12-20,FR,146.67,new postings,Software Development
2021-12-20,FR,120.24,total postings,Software Development
2021-12-21,FR,147.67,new postings,Software Development
2021-12-21,FR,120.45,total postings,Software Development
2021-12-22,FR,148.11,new postings,Software Development
2021-12-22,FR,120.66,total postings,Software Development
2021-12-23,FR,149.05,new postings,Software Development
2021-12-23,FR,120.93,total postings,Software Development
2021-12-24,FR,150.15,new postings,Software Development
2021-12-24,FR,121.25,total postings,Software Development
2021-12-25,FR,150.43,new postings,Software Development
2021-12-25,FR,121.5,total postings,Software Development
2021-12-26,FR,151.97,new postings,Software Development
2021-12-26,FR,121.64,total postings,Software Development
2021-12-27,FR,154.89,new postings,Software Development
2021-12-27,FR,122.0,total postings,Software Development
2021-12-28,FR,156.5,new postings,Software Development
2021-12-28,FR,122.11,total postings,Software Development
2021-12-29,FR,157.92,new postings,Software Development
2021-12-29,FR,122.23,total postings,Software Development
2021-12-30,FR,156.6,new postings,Software Development
2021-12-30,FR,122.23,total postings,Software Development
2021-12-31,FR,153.79,new postings,Software Development
2021-12-31,FR,122.2,total postings,Software Development
2022-01-01,FR,150.81,new postings,Software Development
2022-01-01,FR,122.11,total postings,Software Development
2022-01-02,FR,145.84,new postings,Software Development
2022-01-02,FR,122.04,total postings,Software Development
2022-01-03,FR,136.51,new postings,Software Development
2022-01-03,FR,121.77,total postings,Software Development
2022-01-04,FR,129.07,new postings,Software Development
2022-01-04,FR,121.66,total postings,Software Development
2022-01-05,FR,126.03,new postings,Software Development
2022-01-05,FR,121.52,total postings,Software Development
2022-01-06,FR,126.97,new postings,Software Development
2022-01-06,FR,121.28,total postings,Software Development
2022-01-07,FR,131.29,new postings,Software Development
2022-01-07,FR,121.18,total postings,Software Development
2022-01-08,FR,137.29,new postings,Software Development
2022-01-08,FR,121.12,total postings,Software Development
2022-01-09,FR,141.52,new postings,Software Development
2022-01-09,FR,121.05,total postings,Software Development
2022-01-10,FR,147.62,new postings,Software Development
2022-01-10,FR,121.07,total postings,Software Development
2022-01-11,FR,154.74,new postings,Software Development
2022-01-11,FR,121.1,total postings,Software Development
2022-01-12,FR,156.09,new postings,Software Development
2022-01-12,FR,121.0,total postings,Software Development
2022-01-13,FR,155.08,new postings,Software Development
2022-01-13,FR,121.16,total postings,Software Development
2022-01-14,FR,151.97,new postings,Software Development
2022-01-14,FR,121.23,total postings,Software Development
2022-01-15,FR,147.96,new postings,Software Development
2022-01-15,FR,121.33,total postings,Software Development
2022-01-16,FR,146.45,new postings,Software Development
2022-01-16,FR,121.44,total postings,Software Development
2022-01-17,FR,145.92,new postings,Software Development
2022-01-17,FR,121.47,total postings,Software Development
2022-01-18,FR,143.87,new postings,Software Development
2022-01-18,FR,121.55,total postings,Software Development
2022-01-19,FR,144.24,new postings,Software Development
2022-01-19,FR,121.73,total postings,Software Development
2022-01-20,FR,144.96,new postings,Software Development
2022-01-20,FR,121.82,total postings,Software Development
2022-01-21,FR,146.33,new postings,Software Development
2022-01-21,FR,121.93,total postings,Software Development
2022-01-22,FR,146.91,new postings,Software Development
2022-01-22,FR,121.96,total postings,Software Development
2022-01-23,FR,147.23,new postings,Software Development
2022-01-23,FR,122.08,total postings,Software Development
2022-01-24,FR,147.12,new postings,Software Development
2022-01-24,FR,122.11,total postings,Software Development
2022-01-25,FR,147.9,new postings,Software Development
2022-01-25,FR,122.01,total postings,Software Development
2022-01-26,FR,148.01,new postings,Software Development
2022-01-26,FR,122.04,total postings,Software Development
2022-01-27,FR,148.03,new postings,Software Development
2022-01-27,FR,122.12,total postings,Software Development
2022-01-28,FR,147.42,new postings,Software Development
2022-01-28,FR,122.19,total postings,Software Development
2022-01-29,FR,146.55,new postings,Software Development
2022-01-29,FR,122.33,total postings,Software Development
2022-01-30,FR,146.4,new postings,Software Development
2022-01-30,FR,122.46,total postings,Software Development
2022-01-31,FR,146.47,new postings,Software Development
2022-01-31,FR,122.7,total postings,Software Development
2022-02-01,FR,146.72,new postings,Software Development
2022-02-01,FR,122.92,total postings,Software Development
2022-02-02,FR,147.78,new postings,Software Development
2022-02-02,FR,122.99,total postings,Software Development
2022-02-03,FR,148.4,new postings,Software Development
2022-02-03,FR,122.99,total postings,Software Development
2022-02-04,FR,148.63,new postings,Software Development
2022-02-04,FR,122.88,total postings,Software Development
2022-02-05,FR,149.31,new postings,Software Development
2022-02-05,FR,122.74,total postings,Software Development
2022-02-06,FR,149.65,new postings,Software Development
2022-02-06,FR,122.6,total postings,Software Development
2022-02-07,FR,149.9,new postings,Software Development
2022-02-07,FR,122.43,total postings,Software Development
2022-02-08,FR,150.27,new postings,Software Development
2022-02-08,FR,122.41,total postings,Software Development
2022-02-09,FR,150.22,new postings,Software Development
2022-02-09,FR,122.49,total postings,Software Development
2022-02-10,FR,150.88,new postings,Software Development
2022-02-10,FR,122.59,total postings,Software Development
2022-02-11,FR,152.68,new postings,Software Development
2022-02-11,FR,122.81,total postings,Software Development
2022-02-12,FR,154.72,new postings,Software Development
2022-02-12,FR,123.0,total postings,Software Development
2022-02-13,FR,157.26,new postings,Software Development
2022-02-13,FR,123.11,total postings,Software Development
2022-02-14,FR,159.3,new postings,Software Development
2022-02-14,FR,123.07,total postings,Software Development
2022-02-15,FR,160.01,new postings,Software Development
2022-02-15,FR,123.07,total postings,Software Development
2022-02-16,FR,163.17,new postings,Software Development
2022-02-16,FR,123.11,total postings,Software Development
2022-02-17,FR,165.39,new postings,Software Development
2022-02-17,FR,123.33,total postings,Software Development
2022-02-18,FR,166.61,new postings,Software Development
2022-02-18,FR,123.43,total postings,Software Development
2022-02-19,FR,168.18,new postings,Software Development
2022-02-19,FR,123.63,total postings,Software Development
2022-02-20,FR,169.45,new postings,Software Development
2022-02-20,FR,123.88,total postings,Software Development
2022-02-21,FR,171.12,new postings,Software Development
2022-02-21,FR,124.3,total postings,Software Development
2022-02-22,FR,174.34,new postings,Software Development
2022-02-22,FR,124.71,total postings,Software Development
2022-02-23,FR,172.42,new postings,Software Development
2022-02-23,FR,124.99,total postings,Software Development
2022-02-24,FR,170.94,new postings,Software Development
2022-02-24,FR,125.13,total postings,Software Development
2022-02-25,FR,168.87,new postings,Software Development
2022-02-25,FR,125.28,total postings,Software Development
2022-02-26,FR,166.21,new postings,Software Development
2022-02-26,FR,125.48,total postings,Software Development
2022-02-27,FR,163.12,new postings,Software Development
2022-02-27,FR,125.56,total postings,Software Development
2022-02-28,FR,159.75,new postings,Software Development
2022-02-28,FR,125.64,total postings,Software Development
2022-03-01,FR,154.58,new postings,Software Development
2022-03-01,FR,125.54,total postings,Software Development
2022-03-02,FR,152.26,new postings,Software Development
2022-03-02,FR,125.58,total postings,Software Development
2022-03-03,FR,151.06,new postings,Software Development
2022-03-03,FR,125.6,total postings,Software Development
2022-03-04,FR,150.34,new postings,Software Development
2022-03-04,FR,125.68,total postings,Software Development
2022-03-05,FR,150.16,new postings,Software Development
2022-03-05,FR,125.66,total postings,Software Development
2022-03-06,FR,149.85,new postings,Software Development
2022-03-06,FR,125.69,total postings,Software Development
2022-03-07,FR,150.03,new postings,Software Development
2022-03-07,FR,125.81,total postings,Software Development
2022-03-08,FR,150.71,new postings,Software Development
2022-03-08,FR,125.94,total postings,Software Development
2022-03-09,FR,150.33,new postings,Software Development
2022-03-09,FR,125.94,total postings,Software Development
2022-03-10,FR,149.57,new postings,Software Development
2022-03-10,FR,125.93,total postings,Software Development
2022-03-11,FR,148.91,new postings,Software Development
2022-03-11,FR,125.8,total postings,Software Development
2022-03-12,FR,148.13,new postings,Software Development
2022-03-12,FR,125.8,total postings,Software Development
2022-03-13,FR,147.95,new postings,Software Development
2022-03-13,FR,125.85,total postings,Software Development
2022-03-14,FR,147.51,new postings,Software Development
2022-03-14,FR,125.8,total postings,Software Development
2022-03-15,FR,147.78,new postings,Software Development
2022-03-15,FR,125.83,total postings,Software Development
2022-03-16,FR,149.64,new postings,Software Development
2022-03-16,FR,125.83,total postings,Software Development
2022-03-17,FR,150.88,new postings,Software Development
2022-03-17,FR,125.88,total postings,Software Development
2022-03-18,FR,152.09,new postings,Software Development
2022-03-18,FR,125.95,total postings,Software Development
2022-03-19,FR,154.07,new postings,Software Development
2022-03-19,FR,125.9,total postings,Software Development
2022-03-20,FR,156.17,new postings,Software Development
2022-03-20,FR,125.77,total postings,Software Development
2022-03-21,FR,158.67,new postings,Software Development
2022-03-21,FR,125.8,total postings,Software Development
2022-03-22,FR,163.3,new postings,Software Development
2022-03-22,FR,125.96,total postings,Software Development
2022-03-23,FR,167.36,new postings,Software Development
2022-03-23,FR,126.2,total postings,Software Development
2022-03-24,FR,172.0,new postings,Software Development
2022-03-24,FR,126.5,total postings,Software Development
2022-03-25,FR,176.06,new postings,Software Development
2022-03-25,FR,126.88,total postings,Software Development
2022-03-26,FR,179.52,new postings,Software Development
2022-03-26,FR,127.37,total postings,Software Development
2022-03-27,FR,182.46,new postings,Software Development
2022-03-27,FR,127.74,total postings,Software Development
2022-03-28,FR,185.31,new postings,Software Development
2022-03-28,FR,128.16,total postings,Software Development
2022-03-29,FR,184.69,new postings,Software Development
2022-03-29,FR,128.53,total postings,Software Development
2022-03-30,FR,182.73,new postings,Software Development
2022-03-30,FR,128.7,total postings,Software Development
2022-03-31,FR,180.32,new postings,Software Development
2022-03-31,FR,128.89,total postings,Software Development
2022-04-01,FR,178.25,new postings,Software Development
2022-04-01,FR,129.07,total postings,Software Development
2022-04-02,FR,176.62,new postings,Software Development
2022-04-02,FR,129.23,total postings,Software Development
2022-04-03,FR,175.39,new postings,Software Development
2022-04-03,FR,129.47,total postings,Software Development
2022-04-04,FR,174.2,new postings,Software Development
2022-04-04,FR,129.65,total postings,Software Development
2022-04-05,FR,172.64,new postings,Software Development
2022-04-05,FR,129.69,total postings,Software Development
2022-04-06,FR,172.59,new postings,Software Development
2022-04-06,FR,129.93,total postings,Software Development
2022-04-07,FR,172.13,new postings,Software Development
2022-04-07,FR,129.98,total postings,Software Development
2022-04-08,FR,174.86,new postings,Software Development
2022-04-08,FR,130.12,total postings,Software Development
2022-04-09,FR,175.57,new postings,Software Development
2022-04-09,FR,130.18,total postings,Software Development
2022-04-10,FR,174.86,new postings,Software Development
2022-04-10,FR,130.29,total postings,Software Development
2022-04-11,FR,173.45,new postings,Software Development
2022-04-11,FR,130.14,total postings,Software Development
2022-04-12,FR,173.97,new postings,Software Development
2022-04-12,FR,130.09,total postings,Software Development
2022-04-13,FR,173.45,new postings,Software Development
2022-04-13,FR,130.13,total postings,Software Development
2022-04-14,FR,173.68,new postings,Software Development
2022-04-14,FR,130.25,total postings,Software Development
2022-04-15,FR,169.72,new postings,Software Development
2022-04-15,FR,130.28,total postings,Software Development
2022-04-16,FR,167.01,new postings,Software Development
2022-04-16,FR,130.5,total postings,Software Development
2022-04-17,FR,165.08,new postings,Software Development
2022-04-17,FR,130.69,total postings,Software Development
2022-04-18,FR,163.93,new postings,Software Development
2022-04-18,FR,130.93,total postings,Software Development
2022-04-19,FR,160.32,new postings,Software Development
2022-04-19,FR,130.83,total postings,Software Development
2022-04-20,FR,157.02,new postings,Software Development
2022-04-20,FR,130.72,total postings,Software Development
2022-04-21,FR,152.43,new postings,Software Development
2022-04-21,FR,130.45,total postings,Software Development
2022-04-22,FR,148.66,new postings,Software Development
2022-04-22,FR,130.18,total postings,Software Development
2022-04-23,FR,146.09,new postings,Software Development
2022-04-23,FR,129.9,total postings,Software Development
2022-04-24,FR,144.01,new postings,Software Development
2022-04-24,FR,129.81,total postings,Software Development
2022-04-25,FR,141.16,new postings,Software Development
2022-04-25,FR,129.48,total postings,Software Development
2022-04-26,FR,143.67,new postings,Software Development
2022-04-26,FR,129.48,total postings,Software Development
2022-04-27,FR,146.72,new postings,Software Development
2022-04-27,FR,129.35,total postings,Software Development
2022-04-28,FR,150.67,new postings,Software Development
2022-04-28,FR,129.5,total postings,Software Development
2022-04-29,FR,155.31,new postings,Software Development
2022-04-29,FR,129.67,total postings,Software Development
2022-04-30,FR,159.69,new postings,Software Development
2022-04-30,FR,129.83,total postings,Software Development
2022-05-01,FR,163.62,new postings,Software Development
2022-05-01,FR,129.73,total postings,Software Development
2022-05-02,FR,169.2,new postings,Software Development
2022-05-02,FR,130.13,total postings,Software Development
2022-05-03,FR,169.92,new postings,Software Development
2022-05-03,FR,130.43,total postings,Software Development
2022-05-04,FR,171.64,new postings,Software Development
2022-05-04,FR,130.77,total postings,Software Development
2022-05-05,FR,173.86,new postings,Software Development
2022-05-05,FR,131.0,total postings,Software Development
2022-05-06,FR,177.01,new postings,Software Development
2022-05-06,FR,131.28,total postings,Software Development
2022-05-07,FR,176.62,new postings,Software Development
2022-05-07,FR,131.3,total postings,Software Development
2022-05-08,FR,176.34,new postings,Software Development
2022-05-08,FR,131.52,total postings,Software Development
2022-05-09,FR,175.01,new postings,Software Development
2022-05-09,FR,131.62,total postings,Software Development
2022-05-10,FR,174.24,new postings,Software Development
2022-05-10,FR,131.67,total postings,Software Development
2022-05-11,FR,171.46,new postings,Software Development
2022-05-11,FR,131.78,total postings,Software Development
2022-05-12,FR,169.49,new postings,Software Development
2022-05-12,FR,131.81,total postings,Software Development
2022-05-13,FR,165.04,new postings,Software Development
2022-05-13,FR,131.49,total postings,Software Development
2022-05-14,FR,165.0,new postings,Software Development
2022-05-14,FR,131.68,total postings,Software Development
2022-05-15,FR,165.36,new postings,Software Development
2022-05-15,FR,131.79,total postings,Software Development
2022-05-16,FR,168.05,new postings,Software Development
2022-05-16,FR,131.66,total postings,Software Development
2022-05-17,FR,172.23,new postings,Software Development
2022-05-17,FR,131.9,total postings,Software Development
2022-05-18,FR,176.08,new postings,Software Development
2022-05-18,FR,132.17,total postings,Software Development
2022-05-19,FR,176.2,new postings,Software Development
2022-05-19,FR,132.48,total postings,Software Development
2022-05-20,FR,177.53,new postings,Software Development
2022-05-20,FR,133.16,total postings,Software Development
2022-05-21,FR,177.53,new postings,Software Development
2022-05-21,FR,133.34,total postings,Software Development
2022-05-22,FR,177.03,new postings,Software Development
2022-05-22,FR,133.71,total postings,Software Development
2022-05-23,FR,173.63,new postings,Software Development
2022-05-23,FR,134.22,total postings,Software Development
2022-05-24,FR,170.62,new postings,Software Development
2022-05-24,FR,134.68,total postings,Software Development
2022-05-25,FR,168.4,new postings,Software Development
2022-05-25,FR,135.01,total postings,Software Development
2022-05-26,FR,169.31,new postings,Software Development
2022-05-26,FR,135.42,total postings,Software Development
2022-05-27,FR,168.79,new postings,Software Development
2022-05-27,FR,135.66,total postings,Software Development
2022-05-28,FR,165.75,new postings,Software Development
2022-05-28,FR,135.79,total postings,Software Development
2022-05-29,FR,162.54,new postings,Software Development
2022-05-29,FR,135.82,total postings,Software Development
2022-05-30,FR,159.35,new postings,Software Development
2022-05-30,FR,135.86,total postings,Software Development
2022-05-31,FR,154.56,new postings,Software Development
2022-05-31,FR,135.79,total postings,Software Development
2022-06-01,FR,150.07,new postings,Software Development
2022-06-01,FR,135.59,total postings,Software Development
2022-06-02,FR,143.23,new postings,Software Development
2022-06-02,FR,135.34,total postings,Software Development
2022-06-03,FR,141.25,new postings,Software Development
2022-06-03,FR,135.27,total postings,Software Development
2022-06-04,FR,143.2,new postings,Software Development
2022-06-04,FR,135.44,total postings,Software Development
2022-06-05,FR,145.33,new postings,Software Development
2022-06-05,FR,135.49,total postings,Software Development
2022-06-06,FR,148.5,new postings,Software Development
2022-06-06,FR,135.58,total postings,Software Development
2022-06-07,FR,149.88,new postings,Software Development
2022-06-07,FR,135.46,total postings,Software Development
2022-06-08,FR,150.8,new postings,Software Development
2022-06-08,FR,135.67,total postings,Software Development
2022-06-09,FR,153.49,new postings,Software Development
2022-06-09,FR,135.89,total postings,Software Development
2022-06-10,FR,153.63,new postings,Software Development
2022-06-10,FR,136.01,total postings,Software Development
2022-06-11,FR,151.17,new postings,Software Development
2022-06-11,FR,136.0,total postings,Software Development
2022-06-12,FR,148.81,new postings,Software Development
2022-06-12,FR,135.99,total postings,Software Development
2022-06-13,FR,146.6,new postings,Software Development
2022-06-13,FR,135.96,total postings,Software Development
2022-06-14,FR,147.93,new postings,Software Development
2022-06-14,FR,136.14,total postings,Software Development
2022-06-15,FR,150.21,new postings,Software Development
2022-06-15,FR,135.98,total postings,Software Development
2022-06-16,FR,152.57,new postings,Software Development
2022-06-16,FR,135.73,total postings,Software Development
2022-06-17,FR,153.2,new postings,Software Development
2022-06-17,FR,135.64,total postings,Software Development
2022-06-18,FR,155.57,new postings,Software Development
2022-06-18,FR,135.5,total postings,Software Development
2022-06-19,FR,158.26,new postings,Software Development
2022-06-19,FR,135.44,total postings,Software Development
2022-06-20,FR,159.92,new postings,Software Development
2022-06-20,FR,135.11,total postings,Software Development
2022-06-21,FR,160.34,new postings,Software Development
2022-06-21,FR,134.86,total postings,Software Development
2022-06-22,FR,160.47,new postings,Software Development
2022-06-22,FR,134.81,total postings,Software Development
2022-06-23,FR,161.16,new postings,Software Development
2022-06-23,FR,134.7,total postings,Software Development
2022-06-24,FR,163.4,new postings,Software Development
2022-06-24,FR,134.54,total postings,Software Development
2022-06-25,FR,163.86,new postings,Software Development
2022-06-25,FR,134.49,total postings,Software Development
2022-06-26,FR,163.91,new postings,Software Development
2022-06-26,FR,134.28,total postings,Software Development
2022-06-27,FR,164.28,new postings,Software Development
2022-06-27,FR,134.58,total postings,Software Development
2022-06-28,FR,164.9,new postings,Software Development
2022-06-28,FR,134.86,total postings,Software Development
2022-06-29,FR,165.16,new postings,Software Development
2022-06-29,FR,135.04,total postings,Software Development
2022-06-30,FR,164.57,new postings,Software Development
2022-06-30,FR,135.41,total postings,Software Development
2022-07-01,FR,163.99,new postings,Software Development
2022-07-01,FR,135.54,total postings,Software Development
2022-07-02,FR,163.59,new postings,Software Development
2022-07-02,FR,135.73,total postings,Software Development
2022-07-03,FR,162.84,new postings,Software Development
2022-07-03,FR,135.74,total postings,Software Development
2022-07-04,FR,161.63,new postings,Software Development
2022-07-04,FR,135.6,total postings,Software Development
2022-07-05,FR,160.12,new postings,Software Development
2022-07-05,FR,135.56,total postings,Software Development
2022-07-06,FR,158.38,new postings,Software Development
2022-07-06,FR,135.48,total postings,Software Development
2022-07-07,FR,159.18,new postings,Software Development
2022-07-07,FR,135.42,total postings,Software Development
2022-07-08,FR,159.05,new postings,Software Development
2022-07-08,FR,135.67,total postings,Software Development
2022-07-09,FR,160.8,new postings,Software Development
2022-07-09,FR,135.99,total postings,Software Development
2022-07-10,FR,170.23,new postings,Software Development
2022-07-10,FR,137.38,total postings,Software Development
2022-07-11,FR,178.46,new postings,Software Development
2022-07-11,FR,138.66,total postings,Software Development
2022-07-12,FR,186.38,new postings,Software Development
2022-07-12,FR,139.51,total postings,Software Development
2022-07-13,FR,195.07,new postings,Software Development
2022-07-13,FR,140.48,total postings,Software Development
2022-07-14,FR,199.73,new postings,Software Development
2022-07-14,FR,141.03,total postings,Software Development
2022-07-15,FR,200.2,new postings,Software Development
2022-07-15,FR,140.98,total postings,Software Development
2022-07-16,FR,197.86,new postings,Software Development
2022-07-16,FR,140.7,total postings,Software Development
2022-07-17,FR,186.15,new postings,Software Development
2022-07-17,FR,139.77,total postings,Software Development
2022-07-18,FR,175.37,new postings,Software Development
2022-07-18,FR,138.77,total postings,Software Development
2022-07-19,FR,164.39,new postings,Software Development
2022-07-19,FR,138.04,total postings,Software Development
2022-07-20,FR,153.05,new postings,Software Development
2022-07-20,FR,137.12,total postings,Software Development
2022-07-21,FR,144.03,new postings,Software Development
2022-07-21,FR,136.43,total postings,Software Development
2022-07-22,FR,141.95,new postings,Software Development
2022-07-22,FR,136.01,total postings,Software Development
2022-07-23,FR,143.48,new postings,Software Development
2022-07-23,FR,135.43,total postings,Software Development
2022-07-24,FR,147.61,new postings,Software Development
2022-07-24,FR,135.11,total postings,Software Development
2022-07-25,FR,152.47,new postings,Software Development
2022-07-25,FR,134.76,total postings,Software Development
2022-07-26,FR,158.56,new postings,Software Development
2022-07-26,FR,134.42,total postings,Software Development
2022-07-27,FR,163.91,new postings,Software Development
2022-07-27,FR,134.1,total postings,Software Development
2022-07-28,FR,168.15,new postings,Software Development
2022-07-28,FR,134.02,total postings,Software Development
2022-07-29,FR,169.19,new postings,Software Development
2022-07-29,FR,133.93,total postings,Software Development
2022-07-30,FR,168.47,new postings,Software Development
2022-07-30,FR,134.18,total postings,Software Development
2022-07-31,FR,167.38,new postings,Software Development
2022-07-31,FR,134.02,total postings,Software Development
2022-08-01,FR,166.11,new postings,Software Development
2022-08-01,FR,134.04,total postings,Software Development
2022-08-02,FR,162.85,new postings,Software Development
2022-08-02,FR,133.85,total postings,Software Development
2022-08-03,FR,159.75,new postings,Software Development
2022-08-03,FR,133.66,total postings,Software Development
2022-08-04,FR,156.83,new postings,Software Development
2022-08-04,FR,133.1,total postings,Software Development
2022-08-05,FR,153.79,new postings,Software Development
2022-08-05,FR,132.77,total postings,Software Development
2022-08-06,FR,150.28,new postings,Software Development
2022-08-06,FR,132.47,total postings,Software Development
2022-08-07,FR,147.38,new postings,Software Development
2022-08-07,FR,132.16,total postings,Software Development
2022-08-08,FR,144.44,new postings,Software Development
2022-08-08,FR,131.79,total postings,Software Development
2022-08-09,FR,143.53,new postings,Software Development
2022-08-09,FR,131.61,total postings,Software Development
2022-08-10,FR,143.36,new postings,Software Development
2022-08-10,FR,131.57,total postings,Software Development
2022-08-11,FR,143.13,new postings,Software Development
2022-08-11,FR,131.66,total postings,Software Development
2022-08-12,FR,144.17,new postings,Software Development
2022-08-12,FR,131.72,total postings,Software Development
2022-08-13,FR,145.25,new postings,Software Development
2022-08-13,FR,131.58,total postings,Software Development
2022-08-14,FR,145.79,new postings,Software Development
2022-08-14,FR,131.62,total postings,Software Development
2022-08-15,FR,147.43,new postings,Software Development
2022-08-15,FR,131.68,total postings,Software Development
2022-08-16,FR,145.55,new postings,Software Development
2022-08-16,FR,131.73,total postings,Software Development
2022-08-17,FR,143.9,new postings,Software Development
2022-08-17,FR,131.41,total postings,Software Development
2022-08-18,FR,142.61,new postings,Software Development
2022-08-18,FR,131.49,total postings,Software Development
2022-08-19,FR,141.18,new postings,Software Development
2022-08-19,FR,131.47,total postings,Software Development
2022-08-20,FR,140.18,new postings,Software Development
2022-08-20,FR,131.41,total postings,Software Development
2022-08-21,FR,138.78,new postings,Software Development
2022-08-21,FR,131.39,total postings,Software Development
2022-08-22,FR,135.78,new postings,Software Development
2022-08-22,FR,131.36,total postings,Software Development
2022-08-23,FR,137.53,new postings,Software Development
2022-08-23,FR,131.28,total postings,Software Development
2022-08-24,FR,139.85,new postings,Software Development
2022-08-24,FR,131.59,total postings,Software Development
2022-08-25,FR,142.57,new postings,Software Development
2022-08-25,FR,131.64,total postings,Software Development
2022-08-26,FR,145.35,new postings,Software Development
2022-08-26,FR,131.64,total postings,Software Development
2022-08-27,FR,148.62,new postings,Software Development
2022-08-27,FR,131.7,total postings,Software Development
2022-08-28,FR,151.73,new postings,Software Development
2022-08-28,FR,131.66,total postings,Software Development
2022-08-29,FR,154.52,new postings,Software Development
2022-08-29,FR,131.4,total postings,Software Development
2022-08-30,FR,156.04,new postings,Software Development
2022-08-30,FR,131.28,total postings,Software Development
2022-08-31,FR,155.81,new postings,Software Development
2022-08-31,FR,131.09,total postings,Software Development
2022-09-01,FR,155.22,new postings,Software Development
2022-09-01,FR,130.97,total postings,Software Development
2022-09-02,FR,154.33,new postings,Software Development
2022-09-02,FR,130.82,total postings,Software Development
2022-09-03,FR,153.75,new postings,Software Development
2022-09-03,FR,130.82,total postings,Software Development
2022-09-04,FR,152.82,new postings,Software Development
2022-09-04,FR,130.66,total postings,Software Development
2022-09-05,FR,152.23,new postings,Software Development
2022-09-05,FR,130.72,total postings,Software Development
2022-09-06,FR,151.77,new postings,Software Development
2022-09-06,FR,130.67,total postings,Software Development
2022-09-07,FR,152.57,new postings,Software Development
2022-09-07,FR,130.68,total postings,Software Development
2022-09-08,FR,153.16,new postings,Software Development
2022-09-08,FR,130.56,total postings,Software Development
2022-09-09,FR,153.52,new postings,Software Development
2022-09-09,FR,130.48,total postings,Software Development
2022-09-10,FR,153.32,new postings,Software Development
2022-09-10,FR,130.42,total postings,Software Development
2022-09-11,FR,153.75,new postings,Software Development
2022-09-11,FR,130.46,total postings,Software Development
2022-09-12,FR,154.02,new postings,Software Development
2022-09-12,FR,130.43,total postings,Software Development
2022-09-13,FR,154.46,new postings,Software Development
2022-09-13,FR,130.48,total postings,Software Development
2022-09-14,FR,154.62,new postings,Software Development
2022-09-14,FR,130.5,total postings,Software Development
2022-09-15,FR,155.69,new postings,Software Development
2022-09-15,FR,130.57,total postings,Software Development
2022-09-16,FR,157.48,new postings,Software Development
2022-09-16,FR,130.6,total postings,Software Development
2022-09-17,FR,158.05,new postings,Software Development
2022-09-17,FR,130.57,total postings,Software Development
2022-09-18,FR,158.74,new postings,Software Development
2022-09-18,FR,130.41,total postings,Software Development
2022-09-19,FR,160.22,new postings,Software Development
2022-09-19,FR,130.35,total postings,Software Development
2022-09-20,FR,160.69,new postings,Software Development
2022-09-20,FR,130.18,total postings,Software Development
2022-09-21,FR,160.9,new postings,Software Development
2022-09-21,FR,129.97,total postings,Software Development
2022-09-22,FR,160.84,new postings,Software Development
2022-09-22,FR,129.68,total postings,Software Development
2022-09-23,FR,160.41,new postings,Software Development
2022-09-23,FR,129.71,total postings,Software Development
2022-09-24,FR,165.02,new postings,Software Development
2022-09-24,FR,129.79,total postings,Software Development
2022-09-25,FR,169.97,new postings,Software Development
2022-09-25,FR,130.04,total postings,Software Development
2022-09-26,FR,175.05,new postings,Software Development
2022-09-26,FR,130.13,total postings,Software Development
2022-09-27,FR,180.33,new postings,Software Development
2022-09-27,FR,130.46,total postings,Software Development
2022-09-28,FR,184.8,new postings,Software Development
2022-09-28,FR,130.67,total postings,Software Development
2022-09-29,FR,189.88,new postings,Software Development
2022-09-29,FR,131.01,total postings,Software Development
2022-09-30,FR,194.74,new postings,Software Development
2022-09-30,FR,131.11,total postings,Software Development
2022-10-01,FR,190.32,new postings,Software Development
2022-10-01,FR,131.2,total postings,Software Development
2022-10-02,FR,185.36,new postings,Software Development
2022-10-02,FR,131.21,total postings,Software Development
2022-10-03,FR,180.02,new postings,Software Development
2022-10-03,FR,131.22,total postings,Software Development
2022-10-04,FR,174.41,new postings,Software Development
2022-10-04,FR,131.0,total postings,Software Development
2022-10-05,FR,169.46,new postings,Software Development
2022-10-05,FR,131.03,total postings,Software Development
2022-10-06,FR,163.61,new postings,Software Development
2022-10-06,FR,131.03,total postings,Software Development
2022-10-07,FR,158.7,new postings,Software Development
2022-10-07,FR,131.02,total postings,Software Development
2022-10-08,FR,158.12,new postings,Software Development
2022-10-08,FR,130.96,total postings,Software Development
2022-10-09,FR,157.98,new postings,Software Development
2022-10-09,FR,131.0,total postings,Software Development
2022-10-10,FR,157.84,new postings,Software Development
2022-10-10,FR,131.1,total postings,Software Development
2022-10-11,FR,158.61,new postings,Software Development
2022-10-11,FR,131.18,total postings,Software Development
2022-10-12,FR,159.9,new postings,Software Development
2022-10-12,FR,131.24,total postings,Software Development
2022-10-13,FR,160.96,new postings,Software Development
2022-10-13,FR,131.27,total postings,Software Development
2022-10-14,FR,160.78,new postings,Software Development
2022-10-14,FR,131.3,total postings,Software Development
2022-10-15,FR,161.85,new postings,Software Development
2022-10-15,FR,131.37,total postings,Software Development
2022-10-16,FR,162.4,new postings,Software Development
2022-10-16,FR,131.38,total postings,Software Development
2022-10-17,FR,162.86,new postings,Software Development
2022-10-17,FR,131.44,total postings,Software Development
2022-10-18,FR,162.53,new postings,Software Development
2022-10-18,FR,131.57,total postings,Software Development
2022-10-19,FR,163.12,new postings,Software Development
2022-10-19,FR,131.63,total postings,Software Development
2022-10-20,FR,164.08,new postings,Software Development
2022-10-20,FR,131.62,total postings,Software Development
2022-10-21,FR,165.6,new postings,Software Development
2022-10-21,FR,131.85,total postings,Software Development
2022-10-22,FR,167.88,new postings,Software Development
2022-10-22,FR,131.81,total postings,Software Development
2022-10-23,FR,171.02,new postings,Software Development
2022-10-23,FR,131.91,total postings,Software Development
2022-10-24,FR,174.25,new postings,Software Development
2022-10-24,FR,131.96,total postings,Software Development
2022-10-25,FR,177.79,new postings,Software Development
2022-10-25,FR,131.88,total postings,Software Development
2022-10-26,FR,176.83,new postings,Software Development
2022-10-26,FR,131.56,total postings,Software Development
2022-10-27,FR,176.11,new postings,Software Development
2022-10-27,FR,131.67,total postings,Software Development
2022-10-28,FR,176.1,new postings,Software Development
2022-10-28,FR,131.33,total postings,Software Development
2022-10-29,FR,173.91,new postings,Software Development
2022-10-29,FR,131.38,total postings,Software Development
2022-10-30,FR,171.49,new postings,Software Development
2022-10-30,FR,131.47,total postings,Software Development
2022-10-31,FR,169.65,new postings,Software Development
2022-10-31,FR,131.69,total postings,Software Development
2022-11-01,FR,165.14,new postings,Software Development
2022-11-01,FR,132.1,total postings,Software Development
2022-11-02,FR,160.98,new postings,Software Development
2022-11-02,FR,132.64,total postings,Software Development
2022-11-03,FR,156.79,new postings,Software Development
2022-11-03,FR,132.71,total postings,Software Development
2022-11-04,FR,151.31,new postings,Software Development
2022-11-04,FR,132.92,total postings,Software Development
2022-11-05,FR,148.57,new postings,Software Development
2022-11-05,FR,133.16,total postings,Software Development
2022-11-06,FR,145.61,new postings,Software Development
2022-11-06,FR,133.1,total postings,Software Development
2022-11-07,FR,141.91,new postings,Software Development
2022-11-07,FR,132.91,total postings,Software Development
2022-11-08,FR,141.97,new postings,Software Development
2022-11-08,FR,132.74,total postings,Software Development
2022-11-09,FR,147.57,new postings,Software Development
2022-11-09,FR,132.89,total postings,Software Development
2022-11-10,FR,152.08,new postings,Software Development
2022-11-10,FR,133.03,total postings,Software Development
2022-11-11,FR,158.94,new postings,Software Development
2022-11-11,FR,133.35,total postings,Software Development
2022-11-12,FR,160.28,new postings,Software Development
2022-11-12,FR,133.52,total postings,Software Development
2022-11-13,FR,161.48,new postings,Software Development
2022-11-13,FR,133.73,total postings,Software Development
2022-11-14,FR,162.29,new postings,Software Development
2022-11-14,FR,133.95,total postings,Software Development
2022-11-15,FR,161.91,new postings,Software Development
2022-11-15,FR,134.12,total postings,Software Development
2022-11-16,FR,159.22,new postings,Software Development
2022-11-16,FR,133.92,total postings,Software Development
2022-11-17,FR,156.92,new postings,Software Development
2022-11-17,FR,133.87,total postings,Software Development
2022-11-18,FR,151.21,new postings,Software Development
2022-11-18,FR,133.68,total postings,Software Development
2022-11-19,FR,151.74,new postings,Software Development
2022-11-19,FR,133.43,total postings,Software Development
2022-11-20,FR,152.23,new postings,Software Development
2022-11-20,FR,133.33,total postings,Software Development
2022-11-21,FR,153.63,new postings,Software Development
2022-11-21,FR,133.22,total postings,Software Development
2022-11-22,FR,155.07,new postings,Software Development
2022-11-22,FR,133.08,total postings,Software Development
2022-11-23,FR,154.94,new postings,Software Development
2022-11-23,FR,133.01,total postings,Software Development
2022-11-24,FR,155.54,new postings,Software Development
2022-11-24,FR,132.89,total postings,Software Development
2022-11-25,FR,158.8,new postings,Software Development
2022-11-25,FR,132.89,total postings,Software Development
2022-11-26,FR,161.9,new postings,Software Development
2022-11-26,FR,133.32,total postings,Software Development
2022-11-27,FR,165.34,new postings,Software Development
2022-11-27,FR,133.61,total postings,Software Development
2022-11-28,FR,170.58,new postings,Software Development
2022-11-28,FR,134.09,total postings,Software Development
2022-11-29,FR,175.88,new postings,Software Development
2022-11-29,FR,134.51,total postings,Software Development
2022-11-30,FR,183.02,new postings,Software Development
2022-11-30,FR,135.09,total postings,Software Development
2022-12-01,FR,188.31,new postings,Software Development
2022-12-01,FR,135.39,total postings,Software Development
2022-12-02,FR,193.79,new postings,Software Development
2022-12-02,FR,135.96,total postings,Software Development
2022-12-03,FR,196.61,new postings,Software Development
2022-12-03,FR,136.12,total postings,Software Development
2022-12-04,FR,199.34,new postings,Software Development
2022-12-04,FR,136.38,total postings,Software Development
2022-12-05,FR,197.04,new postings,Software Development
2022-12-05,FR,136.43,total postings,Software Development
2022-12-06,FR,195.5,new postings,Software Development
2022-12-06,FR,136.57,total postings,Software Development
2022-12-07,FR,193.76,new postings,Software Development
2022-12-07,FR,136.81,total postings,Software Development
2022-12-08,FR,193.04,new postings,Software Development
2022-12-08,FR,137.29,total postings,Software Development
2022-12-09,FR,190.07,new postings,Software Development
2022-12-09,FR,137.48,total postings,Software Development
2022-12-10,FR,187.09,new postings,Software Development
2022-12-10,FR,137.84,total postings,Software Development
2022-12-11,FR,183.14,new postings,Software Development
2022-12-11,FR,137.96,total postings,Software Development
2022-12-12,FR,183.28,new postings,Software Development
2022-12-12,FR,138.4,total postings,Software Development
2022-12-13,FR,182.62,new postings,Software Development
2022-12-13,FR,138.78,total postings,Software Development
2022-12-14,FR,180.3,new postings,Software Development
2022-12-14,FR,138.93,total postings,Software Development
2022-12-15,FR,178.14,new postings,Software Development
2022-12-15,FR,139.06,total postings,Software Development
2022-12-16,FR,175.47,new postings,Software Development
2022-12-16,FR,139.16,total postings,Software Development
2022-12-17,FR,172.91,new postings,Software Development
2022-12-17,FR,139.14,total postings,Software Development
2022-12-18,FR,169.93,new postings,Software Development
2022-12-18,FR,139.17,total postings,Software Development
2022-12-19,FR,164.84,new postings,Software Development
2022-12-19,FR,139.04,total postings,Software Development
2022-12-20,FR,159.57,new postings,Software Development
2022-12-20,FR,138.88,total postings,Software Development
2022-12-21,FR,156.44,new postings,Software Development
2022-12-21,FR,138.93,total postings,Software Development
2022-12-22,FR,153.8,new postings,Software Development
2022-12-22,FR,139.02,total postings,Software Development
2022-12-23,FR,152.69,new postings,Software Development
2022-12-23,FR,139.08,total postings,Software Development
2022-12-24,FR,152.05,new postings,Software Development
2022-12-24,FR,139.13,total postings,Software Development
2022-12-25,FR,154.07,new postings,Software Development
2022-12-25,FR,139.33,total postings,Software Development
2022-12-26,FR,159.02,new postings,Software Development
2022-12-26,FR,139.53,total postings,Software Development
2022-12-27,FR,163.02,new postings,Software Development
2022-12-27,FR,139.53,total postings,Software Development
2022-12-28,FR,164.95,new postings,Software Development
2022-12-28,FR,139.45,total postings,Software Development
2022-12-29,FR,164.49,new postings,Software Development
2022-12-29,FR,139.3,total postings,Software Development
2022-12-30,FR,162.64,new postings,Software Development
2022-12-30,FR,139.15,total postings,Software Development
2022-12-31,FR,159.5,new postings,Software Development
2022-12-31,FR,139.0,total postings,Software Development
2023-01-01,FR,155.01,new postings,Software Development
2023-01-01,FR,138.78,total postings,Software Development
2023-01-02,FR,147.11,new postings,Software Development
2023-01-02,FR,138.5,total postings,Software Development
2023-01-03,FR,140.63,new postings,Software Development
2023-01-03,FR,138.41,total postings,Software Development
2023-01-04,FR,136.73,new postings,Software Development
2023-01-04,FR,138.14,total postings,Software Development
2023-01-05,FR,136.38,new postings,Software Development
2023-01-05,FR,137.85,total postings,Software Development
2023-01-06,FR,140.43,new postings,Software Development
2023-01-06,FR,137.66,total postings,Software Development
2023-01-07,FR,147.41,new postings,Software Development
2023-01-07,FR,137.42,total postings,Software Development
2023-01-08,FR,152.7,new postings,Software Development
2023-01-08,FR,137.18,total postings,Software Development
2023-01-09,FR,156.42,new postings,Software Development
2023-01-09,FR,136.87,total postings,Software Development
2023-01-10,FR,159.51,new postings,Software Development
2023-01-10,FR,136.5,total postings,Software Development
2023-01-11,FR,160.71,new postings,Software Development
2023-01-11,FR,136.33,total postings,Software Development
2023-01-12,FR,160.69,new postings,Software Development
2023-01-12,FR,136.52,total postings,Software Development
2023-01-13,FR,157.18,new postings,Software Development
2023-01-13,FR,136.68,total postings,Software Development
2023-01-14,FR,151.18,new postings,Software Development
2023-01-14,FR,136.68,total postings,Software Development
2023-01-15,FR,147.02,new postings,Software Development
2023-01-15,FR,136.85,total postings,Software Development
2023-01-16,FR,146.03,new postings,Software Development
2023-01-16,FR,136.97,total postings,Software Development
2023-01-17,FR,146.3,new postings,Software Development
2023-01-17,FR,137.08,total postings,Software Development
2023-01-18,FR,146.34,new postings,Software Development
2023-01-18,FR,137.32,total postings,Software Development
2023-01-19,FR,145.3,new postings,Software Development
2023-01-19,FR,137.04,total postings,Software Development
2023-01-20,FR,148.11,new postings,Software Development
2023-01-20,FR,136.87,total postings,Software Development
2023-01-21,FR,151.28,new postings,Software Development
2023-01-21,FR,136.98,total postings,Software Development
2023-01-22,FR,154.35,new postings,Software Development
2023-01-22,FR,136.96,total postings,Software Development
2023-01-23,FR,156.29,new postings,Software Development
2023-01-23,FR,136.78,total postings,Software Development
2023-01-24,FR,158.03,new postings,Software Development
2023-01-24,FR,136.27,total postings,Software Development
2023-01-25,FR,162.34,new postings,Software Development
2023-01-25,FR,135.25,total postings,Software Development
2023-01-26,FR,168.13,new postings,Software Development
2023-01-26,FR,134.22,total postings,Software Development
2023-01-27,FR,167.27,new postings,Software Development
2023-01-27,FR,133.04,total postings,Software Development
2023-01-28,FR,165.15,new postings,Software Development
2023-01-28,FR,131.74,total postings,Software Development
2023-01-29,FR,162.99,new postings,Software Development
2023-01-29,FR,130.44,total postings,Software Development
2023-01-30,FR,161.68,new postings,Software Development
2023-01-30,FR,129.34,total postings,Software Development
2023-01-31,FR,159.75,new postings,Software Development
2023-01-31,FR,128.71,total postings,Software Development
2023-02-01,FR,158.12,new postings,Software Development
2023-02-01,FR,128.64,total postings,Software Development
2023-02-02,FR,157.61,new postings,Software Development
2023-02-02,FR,128.98,total postings,Software Development
2023-02-03,FR,159.76,new postings,Software Development
2023-02-03,FR,129.27,total postings,Software Development
2023-02-04,FR,165.31,new postings,Software Development
2023-02-04,FR,129.76,total postings,Software Development
2023-02-05,FR,167.82,new postings,Software Development
2023-02-05,FR,130.17,total postings,Software Development
2023-02-06,FR,170.74,new postings,Software Development
2023-02-06,FR,130.56,total postings,Software Development
2023-02-07,FR,173.64,new postings,Software Development
2023-02-07,FR,131.01,total postings,Software Development
2023-02-08,FR,174.08,new postings,Software Development
2023-02-08,FR,130.94,total postings,Software Development
2023-02-09,FR,170.05,new postings,Software Development
2023-02-09,FR,130.82,total postings,Software Development
2023-02-10,FR,166.76,new postings,Software Development
2023-02-10,FR,130.67,total postings,Software Development
2023-02-11,FR,159.51,new postings,Software Development
2023-02-11,FR,130.31,total postings,Software Development
2023-02-12,FR,155.51,new postings,Software Development
2023-02-12,FR,129.98,total postings,Software Development
2023-02-13,FR,152.09,new postings,Software Development
2023-02-13,FR,129.68,total postings,Software Development
2023-02-14,FR,149.52,new postings,Software Development
2023-02-14,FR,129.41,total postings,Software Development
2023-02-15,FR,147.32,new postings,Software Development
2023-02-15,FR,129.04,total postings,Software Development
2023-02-16,FR,148.64,new postings,Software Development
2023-02-16,FR,128.64,total postings,Software Development
2023-02-17,FR,149.37,new postings,Software Development
2023-02-17,FR,128.35,total postings,Software Development
2023-02-18,FR,151.89,new postings,Software Development
2023-02-18,FR,127.9,total postings,Software Development
2023-02-19,FR,154.45,new postings,Software Development
2023-02-19,FR,127.75,total postings,Software Development
2023-02-20,FR,155.44,new postings,Software Development
2023-02-20,FR,127.58,total postings,Software Development
2023-02-21,FR,154.9,new postings,Software Development
2023-02-21,FR,127.35,total postings,Software Development
2023-02-22,FR,154.15,new postings,Software Development
2023-02-22,FR,127.47,total postings,Software Development
2023-02-23,FR,151.69,new postings,Software Development
2023-02-23,FR,127.57,total postings,Software Development
2023-02-24,FR,149.25,new postings,Software Development
2023-02-24,FR,127.43,total postings,Software Development
2023-02-25,FR,147.1,new postings,Software Development
2023-02-25,FR,127.5,total postings,Software Development
2023-02-26,FR,144.61,new postings,Software Development
2023-02-26,FR,127.32,total postings,Software Development
2023-02-27,FR,142.25,new postings,Software Development
2023-02-27,FR,127.17,total postings,Software Development
2023-02-28,FR,141.31,new postings,Software Development
2023-02-28,FR,126.97,total postings,Software Development
2023-03-01,FR,140.3,new postings,Software Development
2023-03-01,FR,126.8,total postings,Software Development
2023-03-02,FR,141.27,new postings,Software Development
2023-03-02,FR,126.72,total postings,Software Development
2023-03-03,FR,143.75,new postings,Software Development
2023-03-03,FR,126.7,total postings,Software Development
2023-03-04,FR,147.31,new postings,Software Development
2023-03-04,FR,126.58,total postings,Software Development
2023-03-05,FR,151.25,new postings,Software Development
2023-03-05,FR,126.7,total postings,Software Development
2023-03-06,FR,155.47,new postings,Software Development
2023-03-06,FR,126.76,total postings,Software Development
2023-03-07,FR,160.28,new postings,Software Development
2023-03-07,FR,126.85,total postings,Software Development
2023-03-08,FR,164.56,new postings,Software Development
2023-03-08,FR,126.86,total postings,Software Development
2023-03-09,FR,167.62,new postings,Software Development
2023-03-09,FR,126.85,total postings,Software Development
2023-03-10,FR,170.16,new postings,Software Development
2023-03-10,FR,127.12,total postings,Software Development
2023-03-11,FR,170.35,new postings,Software Development
2023-03-11,FR,127.57,total postings,Software Development
2023-03-12,FR,169.99,new postings,Software Development
2023-03-12,FR,127.74,total postings,Software Development
2023-03-13,FR,169.63,new postings,Software Development
2023-03-13,FR,127.91,total postings,Software Development
2023-03-14,FR,166.87,new postings,Software Development
2023-03-14,FR,128.18,total postings,Software Development
2023-03-15,FR,164.94,new postings,Software Development
2023-03-15,FR,128.49,total postings,Software Development
2023-03-16,FR,162.71,new postings,Software Development
2023-03-16,FR,128.66,total postings,Software Development
2023-03-17,FR,160.15,new postings,Software Development
2023-03-17,FR,128.67,total postings,Software Development
2023-03-18,FR,157.92,new postings,Software Development
2023-03-18,FR,128.59,total postings,Software Development
2023-03-19,FR,156.06,new postings,Software Development
2023-03-19,FR,128.57,total postings,Software Development
2023-03-20,FR,155.19,new postings,Software Development
2023-03-20,FR,128.61,total postings,Software Development
2023-03-21,FR,155.23,new postings,Software Development
2023-03-21,FR,128.46,total postings,Software Development
2023-03-22,FR,155.34,new postings,Software Development
2023-03-22,FR,128.08,total postings,Software Development
2023-03-23,FR,156.3,new postings,Software Development
2023-03-23,FR,127.96,total postings,Software Development
2023-03-24,FR,157.8,new postings,Software Development
2023-03-24,FR,127.85,total postings,Software Development
2023-03-25,FR,159.92,new postings,Software Development
2023-03-25,FR,127.93,total postings,Software Development
2023-03-26,FR,162.36,new postings,Software Development
2023-03-26,FR,128.09,total postings,Software Development
2023-03-27,FR,163.7,new postings,Software Development
2023-03-27,FR,128.27,total postings,Software Development
2023-03-28,FR,165.2,new postings,Software Development
2023-03-28,FR,128.39,total postings,Software Development
2023-03-29,FR,165.74,new postings,Software Development
2023-03-29,FR,128.82,total postings,Software Development
2023-03-30,FR,164.8,new postings,Software Development
2023-03-30,FR,128.81,total postings,Software Development
2023-03-31,FR,163.23,new postings,Software Development
2023-03-31,FR,128.94,total postings,Software Development
2023-04-01,FR,161.3,new postings,Software Development
2023-04-01,FR,128.81,total postings,Software Development
2023-04-02,FR,158.74,new postings,Software Development
2023-04-02,FR,128.57,total postings,Software Development
2023-04-03,FR,157.3,new postings,Software Development
2023-04-03,FR,128.29,total postings,Software Development
2023-04-04,FR,157.18,new postings,Software Development
2023-04-04,FR,128.25,total postings,Software Development
2023-04-05,FR,158.75,new postings,Software Development
2023-04-05,FR,128.05,total postings,Software Development
2023-04-06,FR,159.79,new postings,Software Development
2023-04-06,FR,127.97,total postings,Software Development
2023-04-07,FR,160.71,new postings,Software Development
2023-04-07,FR,127.87,total postings,Software Development
2023-04-08,FR,162.2,new postings,Software Development
2023-04-08,FR,127.83,total postings,Software Development
2023-04-09,FR,162.46,new postings,Software Development
2023-04-09,FR,127.87,total postings,Software Development
2023-04-10,FR,161.61,new postings,Software Development
2023-04-10,FR,128.0,total postings,Software Development
2023-04-11,FR,156.25,new postings,Software Development
2023-04-11,FR,127.86,total postings,Software Development
2023-04-12,FR,150.21,new postings,Software Development
2023-04-12,FR,127.87,total postings,Software Development
2023-04-13,FR,146.37,new postings,Software Development
2023-04-13,FR,127.98,total postings,Software Development
2023-04-14,FR,142.73,new postings,Software Development
2023-04-14,FR,127.87,total postings,Software Development
2023-04-15,FR,143.82,new postings,Software Development
2023-04-15,FR,127.7,total postings,Software Development
2023-04-16,FR,146.7,new postings,Software Development
2023-04-16,FR,127.89,total postings,Software Development
2023-04-17,FR,149.75,new postings,Software Development
2023-04-17,FR,127.82,total postings,Software Development
2023-04-18,FR,159.74,new postings,Software Development
2023-04-18,FR,127.75,total postings,Software Development
2023-04-19,FR,168.93,new postings,Software Development
2023-04-19,FR,127.67,total postings,Software Development
2023-04-20,FR,178.36,new postings,Software Development
2023-04-20,FR,127.74,total postings,Software Development
2023-04-21,FR,186.8,new postings,Software Development
2023-04-21,FR,127.79,total postings,Software Development
2023-04-22,FR,190.3,new postings,Software Development
2023-04-22,FR,128.15,total postings,Software Development
2023-04-23,FR,193.8,new postings,Software Development
2023-04-23,FR,128.1,total postings,Software Development
2023-04-24,FR,198.31,new postings,Software Development
2023-04-24,FR,128.35,total postings,Software Development
2023-04-25,FR,195.22,new postings,Software Development
2023-04-25,FR,128.4,total postings,Software Development
2023-04-26,FR,192.35,new postings,Software Development
2023-04-26,FR,128.08,total postings,Software Development
2023-04-27,FR,187.65,new postings,Software Development
2023-04-27,FR,127.62,total postings,Software Development
2023-04-28,FR,184.55,new postings,Software Development
2023-04-28,FR,127.34,total postings,Software Development
2023-04-29,FR,181.08,new postings,Software Development
2023-04-29,FR,126.81,total postings,Software Development
2023-04-30,FR,176.87,new postings,Software Development
2023-04-30,FR,126.23,total postings,Software Development
2023-05-01,FR,172.28,new postings,Software Development
2023-05-01,FR,125.69,total postings,Software Development
2023-05-02,FR,168.53,new postings,Software Development
2023-05-02,FR,125.45,total postings,Software Development
2023-05-03,FR,163.36,new postings,Software Development
2023-05-03,FR,125.54,total postings,Software Development
2023-05-04,FR,160.56,new postings,Software Development
2023-05-04,FR,125.52,total postings,Software Development
2023-05-05,FR,156.2,new postings,Software Development
2023-05-05,FR,125.51,total postings,Software Development
2023-05-06,FR,152.9,new postings,Software Development
2023-05-06,FR,125.18,total postings,Software Development
2023-05-07,FR,148.32,new postings,Software Development
2023-05-07,FR,124.82,total postings,Software Development
2023-05-08,FR,143.77,new postings,Software Development
2023-05-08,FR,124.31,total postings,Software Development
2023-05-09,FR,141.97,new postings,Software Development
2023-05-09,FR,123.65,total postings,Software Development
2023-05-10,FR,140.45,new postings,Software Development
2023-05-10,FR,122.97,total postings,Software Development
2023-05-11,FR,137.23,new postings,Software Development
2023-05-11,FR,122.46,total postings,Software Development
2023-05-12,FR,134.2,new postings,Software Development
2023-05-12,FR,121.91,total postings,Software Development
2023-05-13,FR,130.51,new postings,Software Development
2023-05-13,FR,121.73,total postings,Software Development
2023-05-14,FR,129.25,new postings,Software Development
2023-05-14,FR,121.62,total postings,Software Development
2023-05-15,FR,127.81,new postings,Software Development
2023-05-15,FR,121.37,total postings,Software Development
2023-05-16,FR,132.63,new postings,Software Development
2023-05-16,FR,121.41,total postings,Software Development
2023-05-17,FR,138.17,new postings,Software Development
2023-05-17,FR,121.33,total postings,Software Development
2023-05-18,FR,143.15,new postings,Software Development
2023-05-18,FR,121.28,total postings,Software Development
2023-05-19,FR,143.91,new postings,Software Development
2023-05-19,FR,121.13,total postings,Software Development
2023-05-20,FR,142.52,new postings,Software Development
2023-05-20,FR,120.82,total postings,Software Development
2023-05-21,FR,140.49,new postings,Software Development
2023-05-21,FR,120.64,total postings,Software Development
2023-05-22,FR,137.95,new postings,Software Development
2023-05-22,FR,120.51,total postings,Software Development
2023-05-23,FR,128.72,new postings,Software Development
2023-05-23,FR,120.13,total postings,Software Development
2023-05-24,FR,121.03,new postings,Software Development
2023-05-24,FR,119.86,total postings,Software Development
2023-05-25,FR,113.34,new postings,Software Development
2023-05-25,FR,119.41,total postings,Software Development
2023-05-26,FR,112.45,new postings,Software Development
2023-05-26,FR,119.0,total postings,Software Development
2023-05-27,FR,116.02,new postings,Software Development
2023-05-27,FR,118.79,total postings,Software Development
2023-05-28,FR,119.59,new postings,Software Development
2023-05-28,FR,118.3,total postings,Software Development
2023-05-29,FR,123.49,new postings,Software Development
2023-05-29,FR,118.0,total postings,Software Development
2023-05-30,FR,125.74,new postings,Software Development
2023-05-30,FR,117.76,total postings,Software Development
2023-05-31,FR,127.76,new postings,Software Development
2023-05-31,FR,117.5,total postings,Software Development
2023-06-01,FR,131.04,new postings,Software Development
2023-06-01,FR,117.27,total postings,Software Development
2023-06-02,FR,131.02,new postings,Software Development
2023-06-02,FR,117.03,total postings,Software Development
2023-06-03,FR,128.98,new postings,Software Development
2023-06-03,FR,116.72,total postings,Software Development
2023-06-04,FR,125.0,new postings,Software Development
2023-06-04,FR,116.54,total postings,Software Development
2023-06-05,FR,121.3,new postings,Software Development
2023-06-05,FR,116.22,total postings,Software Development
2023-06-06,FR,127.32,new postings,Software Development
2023-06-06,FR,116.05,total postings,Software Development
2023-06-07,FR,133.62,new postings,Software Development
2023-06-07,FR,115.9,total postings,Software Development
2023-06-08,FR,139.56,new postings,Software Development
2023-06-08,FR,115.86,total postings,Software Development
2023-06-09,FR,146.6,new postings,Software Development
2023-06-09,FR,115.83,total postings,Software Development
2023-06-10,FR,153.24,new postings,Software Development
2023-06-10,FR,115.69,total postings,Software Development
2023-06-11,FR,162.31,new postings,Software Development
2023-06-11,FR,115.59,total postings,Software Development
2023-06-12,FR,171.17,new postings,Software Development
2023-06-12,FR,115.46,total postings,Software Development
2023-06-13,FR,168.54,new postings,Software Development
2023-06-13,FR,115.27,total postings,Software Development
2023-06-14,FR,166.27,new postings,Software Development
2023-06-14,FR,115.04,total postings,Software Development
2023-06-15,FR,163.82,new postings,Software Development
2023-06-15,FR,114.65,total postings,Software Development
2023-06-16,FR,161.88,new postings,Software Development
2023-06-16,FR,114.23,total postings,Software Development
2023-06-17,FR,161.35,new postings,Software Development
2023-06-17,FR,114.01,total postings,Software Development
2023-06-18,FR,159.85,new postings,Software Development
2023-06-18,FR,113.74,total postings,Software Development
2023-06-19,FR,158.64,new postings,Software Development
2023-06-19,FR,113.52,total postings,Software Development
2023-06-20,FR,162.1,new postings,Software Development
2023-06-20,FR,113.33,total postings,Software Development
2023-06-21,FR,165.32,new postings,Software Development
2023-06-21,FR,113.13,total postings,Software Development
2023-06-22,FR,168.45,new postings,Software Development
2023-06-22,FR,113.25,total postings,Software Development
2023-06-23,FR,167.22,new postings,Software Development
2023-06-23,FR,113.34,total postings,Software Development
2023-06-24,FR,164.23,new postings,Software Development
2023-06-24,FR,113.41,total postings,Software Development
2023-06-25,FR,161.25,new postings,Software Development
2023-06-25,FR,113.44,total postings,Software Development
2023-06-26,FR,158.01,new postings,Software Development
2023-06-26,FR,113.44,total postings,Software Development
2023-06-27,FR,153.16,new postings,Software Development
2023-06-27,FR,113.46,total postings,Software Development
2023-06-28,FR,146.71,new postings,Software Development
2023-06-28,FR,113.64,total postings,Software Development
2023-06-29,FR,139.9,new postings,Software Development
2023-06-29,FR,113.49,total postings,Software Development
2023-06-30,FR,136.53,new postings,Software Development
2023-06-30,FR,113.43,total postings,Software Development
2023-07-01,FR,134.8,new postings,Software Development
2023-07-01,FR,113.3,total postings,Software Development
2023-07-02,FR,132.62,new postings,Software Development
2023-07-02,FR,113.19,total postings,Software Development
2023-07-03,FR,130.0,new postings,Software Development
2023-07-03,FR,112.9,total postings,Software Development
2023-07-04,FR,128.07,new postings,Software Development
2023-07-04,FR,112.59,total postings,Software Development
2023-07-05,FR,127.24,new postings,Software Development
2023-07-05,FR,112.61,total postings,Software Development
2023-07-06,FR,126.1,new postings,Software Development
2023-07-06,FR,112.72,total postings,Software Development
2023-07-07,FR,128.89,new postings,Software Development
2023-07-07,FR,112.84,total postings,Software Development
2023-07-08,FR,131.33,new postings,Software Development
2023-07-08,FR,113.02,total postings,Software Development
2023-07-09,FR,134.42,new postings,Software Development
2023-07-09,FR,113.25,total postings,Software Development
2023-07-10,FR,137.61,new postings,Software Development
2023-07-10,FR,113.71,total postings,Software Development
2023-07-11,FR,141.34,new postings,Software Development
2023-07-11,FR,114.24,total postings,Software Development
2023-07-12,FR,145.08,new postings,Software Development
2023-07-12,FR,114.31,total postings,Software Development
2023-07-13,FR,149.65,new postings,Software Development
2023-07-13,FR,114.4,total postings,Software Development
2023-07-14,FR,152.19,new postings,Software Development
2023-07-14,FR,114.46,total postings,Software Development
2023-07-15,FR,151.81,new postings,Software Development
2023-07-15,FR,114.39,total postings,Software Development
2023-07-16,FR,151.8,new postings,Software Development
2023-07-16,FR,114.37,total postings,Software Development
2023-07-17,FR,152.06,new postings,Software Development
2023-07-17,FR,114.41,total postings,Software Development
2023-07-18,FR,152.14,new postings,Software Development
2023-07-18,FR,114.36,total postings,Software Development
2023-07-19,FR,152.01,new postings,Software Development
2023-07-19,FR,114.44,total postings,Software Development
2023-07-20,FR,152.97,new postings,Software Development
2023-07-20,FR,114.37,total postings,Software Development
2023-07-21,FR,152.22,new postings,Software Development
2023-07-21,FR,114.17,total postings,Software Development
2023-07-22,FR,151.51,new postings,Software Development
2023-07-22,FR,113.85,total postings,Software Development
2023-07-23,FR,150.71,new postings,Software Development
2023-07-23,FR,113.77,total postings,Software Development
2023-07-24,FR,149.57,new postings,Software Development
2023-07-24,FR,113.6,total postings,Software Development
2023-07-25,FR,147.12,new postings,Software Development
2023-07-25,FR,113.5,total postings,Software Development
2023-07-26,FR,144.51,new postings,Software Development
2023-07-26,FR,113.35,total postings,Software Development
2023-07-27,FR,140.4,new postings,Software Development
2023-07-27,FR,113.43,total postings,Software Development
2023-07-28,FR,136.98,new postings,Software Development
2023-07-28,FR,113.56,total postings,Software Development
2023-07-29,FR,135.37,new postings,Software Development
2023-07-29,FR,113.92,total postings,Software Development
2023-07-30,FR,133.76,new postings,Software Development
2023-07-30,FR,114.01,total postings,Software Development
2023-07-31,FR,132.55,new postings,Software Development
2023-07-31,FR,114.1,total postings,Software Development
2023-08-01,FR,132.46,new postings,Software Development
2023-08-01,FR,114.18,total postings,Software Development
2023-08-02,FR,132.56,new postings,Software Development
2023-08-02,FR,114.19,total postings,Software Development
2023-08-03,FR,132.95,new postings,Software Development
2023-08-03,FR,114.13,total postings,Software Development
2023-08-04,FR,132.31,new postings,Software Development
2023-08-04,FR,114.17,total postings,Software Development
2023-08-05,FR,132.19,new postings,Software Development
2023-08-05,FR,114.19,total postings,Software Development
2023-08-06,FR,132.17,new postings,Software Development
2023-08-06,FR,114.19,total postings,Software Development
2023-08-07,FR,132.41,new postings,Software Development
2023-08-07,FR,114.26,total postings,Software Development
2023-08-08,FR,131.9,new postings,Software Development
2023-08-08,FR,114.23,total postings,Software Development
2023-08-09,FR,130.4,new postings,Software Development
2023-08-09,FR,114.21,total postings,Software Development
2023-08-10,FR,128.31,new postings,Software Development
2023-08-10,FR,114.14,total postings,Software Development
2023-08-11,FR,126.63,new postings,Software Development
2023-08-11,FR,114.04,total postings,Software Development
2023-08-12,FR,124.25,new postings,Software Development
2023-08-12,FR,113.81,total postings,Software Development
2023-08-13,FR,122.17,new postings,Software Development
2023-08-13,FR,113.71,total postings,Software Development
2023-08-14,FR,119.78,new postings,Software Development
2023-08-14,FR,113.61,total postings,Software Development
2023-08-15,FR,118.45,new postings,Software Development
2023-08-15,FR,113.61,total postings,Software Development
2023-08-16,FR,117.45,new postings,Software Development
2023-08-16,FR,113.59,total postings,Software Development
2023-08-17,FR,116.85,new postings,Software Development
2023-08-17,FR,113.7,total postings,Software Development
2023-08-18,FR,116.56,new postings,Software Development
2023-08-18,FR,113.74,total postings,Software Development
2023-08-19,FR,116.24,new postings,Software Development
2023-08-19,FR,113.85,total postings,Software Development
2023-08-20,FR,114.83,new postings,Software Development
2023-08-20,FR,113.94,total postings,Software Development
2023-08-21,FR,112.72,new postings,Software Development
2023-08-21,FR,114.03,total postings,Software Development
2023-08-22,FR,111.56,new postings,Software Development
2023-08-22,FR,114.01,total postings,Software Development
2023-08-23,FR,112.35,new postings,Software Development
2023-08-23,FR,114.05,total postings,Software Development
2023-08-24,FR,113.2,new postings,Software Development
2023-08-24,FR,114.0,total postings,Software Development
2023-08-25,FR,114.55,new postings,Software Development
2023-08-25,FR,114.02,total postings,Software Development
2023-08-26,FR,116.83,new postings,Software Development
2023-08-26,FR,114.09,total postings,Software Development
2023-08-27,FR,118.5,new postings,Software Development
2023-08-27,FR,114.1,total postings,Software Development
2023-08-28,FR,120.13,new postings,Software Development
2023-08-28,FR,114.04,total postings,Software Development
2023-08-29,FR,121.19,new postings,Software Development
2023-08-29,FR,114.14,total postings,Software Development
2023-08-30,FR,120.91,new postings,Software Development
2023-08-30,FR,114.1,total postings,Software Development
2023-08-31,FR,121.16,new postings,Software Development
2023-08-31,FR,114.15,total postings,Software Development
2023-09-01,FR,120.81,new postings,Software Development
2023-09-01,FR,114.17,total postings,Software Development
2023-09-02,FR,119.91,new postings,Software Development
2023-09-02,FR,114.15,total postings,Software Development
2023-09-03,FR,119.77,new postings,Software Development
2023-09-03,FR,114.12,total postings,Software Development
2023-09-04,FR,119.57,new postings,Software Development
2023-09-04,FR,114.04,total postings,Software Development
2023-09-05,FR,119.29,new postings,Software Development
2023-09-05,FR,113.8,total postings,Software Development
2023-09-06,FR,121.35,new postings,Software Development
2023-09-06,FR,113.72,total postings,Software Development
2023-09-07,FR,123.48,new postings,Software Development
2023-09-07,FR,113.56,total postings,Software Development
2023-09-08,FR,126.05,new postings,Software Development
2023-09-08,FR,113.45,total postings,Software Development
2023-09-09,FR,128.88,new postings,Software Development
2023-09-09,FR,113.2,total postings,Software Development
2023-09-10,FR,131.96,new postings,Software Development
2023-09-10,FR,112.83,total postings,Software Development
2023-09-11,FR,135.75,new postings,Software Development
2023-09-11,FR,112.66,total postings,Software Development
2023-09-12,FR,139.6,new postings,Software Development
2023-09-12,FR,112.46,total postings,Software Development
2023-09-13,FR,138.31,new postings,Software Development
2023-09-13,FR,112.08,total postings,Software Development
2023-09-14,FR,136.47,new postings,Software Development
2023-09-14,FR,111.73,total postings,Software Development
2023-09-15,FR,134.83,new postings,Software Development
2023-09-15,FR,111.34,total postings,Software Development
2023-09-16,FR,132.69,new postings,Software Development
2023-09-16,FR,111.08,total postings,Software Development
2023-09-17,FR,130.65,new postings,Software Development
2023-09-17,FR,110.9,total postings,Software Development
2023-09-18,FR,128.48,new postings,Software Development
2023-09-18,FR,110.58,total postings,Software Development
2023-09-19,FR,125.35,new postings,Software Development
2023-09-19,FR,110.27,total postings,Software Development
2023-09-20,FR,124.96,new postings,Software Development
2023-09-20,FR,110.11,total postings,Software Development
2023-09-21,FR,125.15,new postings,Software Development
2023-09-21,FR,110.21,total postings,Software Development
2023-09-22,FR,124.45,new postings,Software Development
2023-09-22,FR,110.33,total postings,Software Development
2023-09-23,FR,124.43,new postings,Software Development
2023-09-23,FR,110.55,total postings,Software Development
2023-09-24,FR,124.58,new postings,Software Development
2023-09-24,FR,110.77,total postings,Software Development
2023-09-25,FR,125.24,new postings,Software Development
2023-09-25,FR,110.98,total postings,Software Development
2023-09-26,FR,126.47,new postings,Software Development
2023-09-26,FR,111.34,total postings,Software Development
2023-09-27,FR,127.33,new postings,Software Development
2023-09-27,FR,111.62,total postings,Software Development
2023-09-28,FR,127.67,new postings,Software Development
2023-09-28,FR,111.6,total postings,Software Development
2023-09-29,FR,129.33,new postings,Software Development
2023-09-29,FR,111.69,total postings,Software Development
2023-09-30,FR,130.17,new postings,Software Development
2023-09-30,FR,111.63,total postings,Software Development
2023-10-01,FR,130.3,new postings,Software Development
2023-10-01,FR,111.61,total postings,Software Development
2023-10-02,FR,130.14,new postings,Software Development
2023-10-02,FR,111.56,total postings,Software Development
2023-10-03,FR,129.63,new postings,Software Development
2023-10-03,FR,111.44,total postings,Software Development
2023-10-04,FR,129.03,new postings,Software Development
2023-10-04,FR,111.45,total postings,Software Development
2023-10-05,FR,128.55,new postings,Software Development
2023-10-05,FR,111.45,total postings,Software Development
2023-10-06,FR,127.0,new postings,Software Development
2023-10-06,FR,111.26,total postings,Software Development
2023-10-07,FR,125.99,new postings,Software Development
2023-10-07,FR,111.2,total postings,Software Development
2023-10-08,FR,125.68,new postings,Software Development
2023-10-08,FR,111.2,total postings,Software Development
2023-10-09,FR,125.45,new postings,Software Development
2023-10-09,FR,111.13,total postings,Software Development
2023-10-10,FR,125.64,new postings,Software Development
2023-10-10,FR,111.14,total postings,Software Development
2023-10-11,FR,126.14,new postings,Software Development
2023-10-11,FR,111.24,total postings,Software Development
2023-10-12,FR,126.18,new postings,Software Development
2023-10-12,FR,111.25,total postings,Software Development
2023-10-13,FR,127.24,new postings,Software Development
2023-10-13,FR,111.44,total postings,Software Development
2023-10-14,FR,128.46,new postings,Software Development
2023-10-14,FR,111.54,total postings,Software Development
2023-10-15,FR,130.05,new postings,Software Development
2023-10-15,FR,111.62,total postings,Software Development
2023-10-16,FR,131.31,new postings,Software Development
2023-10-16,FR,111.79,total postings,Software Development
2023-10-17,FR,131.59,new postings,Software Development
2023-10-17,FR,111.84,total postings,Software Development
2023-10-18,FR,132.92,new postings,Software Development
2023-10-18,FR,111.75,total postings,Software Development
2023-10-19,FR,134.46,new postings,Software Development
2023-10-19,FR,111.82,total postings,Software Development
2023-10-20,FR,134.1,new postings,Software Development
2023-10-20,FR,111.75,total postings,Software Development
2023-10-21,FR,133.01,new postings,Software Development
2023-10-21,FR,111.7,total postings,Software Development
2023-10-22,FR,131.3,new postings,Software Development
2023-10-22,FR,111.76,total postings,Software Development
2023-10-23,FR,129.95,new postings,Software Development
2023-10-23,FR,111.67,total postings,Software Development
2023-10-24,FR,129.25,new postings,Software Development
2023-10-24,FR,111.65,total postings,Software Development
2023-10-25,FR,126.71,new postings,Software Development
2023-10-25,FR,111.73,total postings,Software Development
2023-10-26,FR,124.4,new postings,Software Development
2023-10-26,FR,111.71,total postings,Software Development
2023-10-27,FR,122.78,new postings,Software Development
2023-10-27,FR,111.84,total postings,Software Development
2023-10-28,FR,121.39,new postings,Software Development
2023-10-28,FR,111.74,total postings,Software Development
2023-10-29,FR,120.2,new postings,Software Development
2023-10-29,FR,111.51,total postings,Software Development
2023-10-30,FR,119.28,new postings,Software Development
2023-10-30,FR,111.53,total postings,Software Development
2023-10-31,FR,118.57,new postings,Software Development
2023-10-31,FR,111.5,total postings,Software Development
2023-11-01,FR,118.66,new postings,Software Development
2023-11-01,FR,111.52,total postings,Software Development
2023-11-02,FR,117.03,new postings,Software Development
2023-11-02,FR,111.29,total postings,Software Development
2023-11-03,FR,115.06,new postings,Software Development
2023-11-03,FR,110.94,total postings,Software Development
2023-11-04,FR,113.91,new postings,Software Development
2023-11-04,FR,110.72,total postings,Software Development
2023-11-05,FR,112.5,new postings,Software Development
2023-11-05,FR,110.51,total postings,Software Development
2023-11-06,FR,110.5,new postings,Software Development
2023-11-06,FR,110.15,total postings,Software Development
2023-11-07,FR,108.35,new postings,Software Development
2023-11-07,FR,109.83,total postings,Software Development
2023-11-08,FR,106.88,new postings,Software Development
2023-11-08,FR,109.35,total postings,Software Development
2023-11-09,FR,107.84,new postings,Software Development
2023-11-09,FR,109.04,total postings,Software Development
2023-11-10,FR,109.28,new postings,Software Development
2023-11-10,FR,108.81,total postings,Software Development
2023-11-11,FR,110.9,new postings,Software Development
2023-11-11,FR,108.73,total postings,Software Development
2023-11-12,FR,113.64,new postings,Software Development
2023-11-12,FR,108.61,total postings,Software Development
2023-11-13,FR,116.93,new postings,Software Development
2023-11-13,FR,108.66,total postings,Software Development
2023-11-14,FR,119.9,new postings,Software Development
2023-11-14,FR,108.47,total postings,Software Development
2023-11-15,FR,122.29,new postings,Software Development
2023-11-15,FR,108.39,total postings,Software Development
2023-11-16,FR,123.94,new postings,Software Development
2023-11-16,FR,108.43,total postings,Software Development
2023-11-17,FR,125.78,new postings,Software Development
2023-11-17,FR,108.51,total postings,Software Development
2023-11-18,FR,127.26,new postings,Software Development
2023-11-18,FR,108.51,total postings,Software Development
2023-11-19,FR,126.86,new postings,Software Development
2023-11-19,FR,108.59,total postings,Software Development
2023-11-20,FR,126.07,new postings,Software Development
2023-11-20,FR,108.64,total postings,Software Development
2023-11-21,FR,125.58,new postings,Software Development
2023-11-21,FR,108.79,total postings,Software Development
2023-11-22,FR,125.06,new postings,Software Development
2023-11-22,FR,108.81,total postings,Software Development
2023-11-23,FR,124.29,new postings,Software Development
2023-11-23,FR,108.82,total postings,Software Development
2023-11-24,FR,123.27,new postings,Software Development
2023-11-24,FR,108.74,total postings,Software Development
2023-11-25,FR,121.91,new postings,Software Development
2023-11-25,FR,108.72,total postings,Software Development
2023-11-26,FR,120.95,new postings,Software Development
2023-11-26,FR,108.61,total postings,Software Development
2023-11-27,FR,120.22,new postings,Software Development
2023-11-27,FR,108.5,total postings,Software Development
2023-11-28,FR,120.03,new postings,Software Development
2023-11-28,FR,108.53,total postings,Software Development
2023-11-29,FR,119.11,new postings,Software Development
2023-11-29,FR,108.46,total postings,Software Development
2023-11-30,FR,118.07,new postings,Software Development
2023-11-30,FR,108.39,total postings,Software Development
2023-12-01,FR,118.2,new postings,Software Development
2023-12-01,FR,108.37,total postings,Software Development
2023-12-02,FR,118.25,new postings,Software Development
2023-12-02,FR,108.27,total postings,Software Development
2023-12-03,FR,118.66,new postings,Software Development
2023-12-03,FR,108.2,total postings,Software Development
2023-12-04,FR,118.52,new postings,Software Development
2023-12-04,FR,108.0,total postings,Software Development
2023-12-05,FR,117.46,new postings,Software Development
2023-12-05,FR,107.8,total postings,Software Development
2023-12-06,FR,117.26,new postings,Software Development
2023-12-06,FR,107.69,total postings,Software Development
2023-12-07,FR,117.79,new postings,Software Development
2023-12-07,FR,107.57,total postings,Software Development
2023-12-08,FR,115.36,new postings,Software Development
2023-12-08,FR,107.6,total postings,Software Development
2023-12-09,FR,113.5,new postings,Software Development
2023-12-09,FR,107.62,total postings,Software Development
2023-12-10,FR,112.16,new postings,Software Development
2023-12-10,FR,107.45,total postings,Software Development
2023-12-11,FR,111.44,new postings,Software Development
2023-12-11,FR,107.5,total postings,Software Development
2023-12-12,FR,111.32,new postings,Software Development
2023-12-12,FR,107.54,total postings,Software Development
2023-12-13,FR,111.63,new postings,Software Development
2023-12-13,FR,107.57,total postings,Software Development
2023-12-14,FR,111.62,new postings,Software Development
2023-12-14,FR,107.57,total postings,Software Development
2023-12-15,FR,113.11,new postings,Software Development
2023-12-15,FR,107.28,total postings,Software Development
2023-12-16,FR,113.22,new postings,Software Development
2023-12-16,FR,106.88,total postings,Software Development
2023-12-17,FR,112.87,new postings,Software Development
2023-12-17,FR,106.87,total postings,Software Development
2023-12-18,FR,111.86,new postings,Software Development
2023-12-18,FR,106.66,total postings,Software Development
2023-12-19,FR,109.93,new postings,Software Development
2023-12-19,FR,106.28,total postings,Software Development
2023-12-20,FR,107.93,new postings,Software Development
2023-12-20,FR,106.06,total postings,Software Development
2023-12-21,FR,106.18,new postings,Software Development
2023-12-21,FR,105.74,total postings,Software Development
2023-12-22,FR,106.01,new postings,Software Development
2023-12-22,FR,105.46,total postings,Software Development
2023-12-23,FR,107.94,new postings,Software Development
2023-12-23,FR,105.44,total postings,Software Development
2023-12-24,FR,110.48,new postings,Software Development
2023-12-24,FR,105.24,total postings,Software Development
2023-12-25,FR,115.1,new postings,Software Development
2023-12-25,FR,105.2,total postings,Software Development
2023-12-26,FR,119.24,new postings,Software Development
2023-12-26,FR,105.28,total postings,Software Development
2023-12-27,FR,122.35,new postings,Software Development
2023-12-27,FR,105.23,total postings,Software Development
2023-12-28,FR,124.04,new postings,Software Development
2023-12-28,FR,105.36,total postings,Software Development
2023-12-29,FR,123.38,new postings,Software Development
2023-12-29,FR,105.51,total postings,Software Development
2023-12-30,FR,119.6,new postings,Software Development
2023-12-30,FR,105.47,total postings,Software Development
2023-12-31,FR,116.17,new postings,Software Development
2023-12-31,FR,105.42,total postings,Software Development
2024-01-01,FR,111.62,new postings,Software Development
2024-01-01,FR,105.35,total postings,Software Development
2024-01-02,FR,106.2,new postings,Software Development
2024-01-02,FR,105.24,total postings,Software Development
2024-01-03,FR,101.49,new postings,Software Development
2024-01-03,FR,105.15,total postings,Software Development
2024-01-04,FR,98.28,new postings,Software Development
2024-01-04,FR,104.99,total postings,Software Development
2024-01-05,FR,98.43,new postings,Software Development
2024-01-05,FR,104.97,total postings,Software Development
2024-01-06,FR,102.18,new postings,Software Development
2024-01-06,FR,105.09,total postings,Software Development
2024-01-07,FR,104.16,new postings,Software Development
2024-01-07,FR,105.1,total postings,Software Development
2024-01-08,FR,104.2,new postings,Software Development
2024-01-08,FR,104.95,total postings,Software Development
2024-01-09,FR,106.79,new postings,Software Development
2024-01-09,FR,104.9,total postings,Software Development
2024-01-10,FR,109.72,new postings,Software Development
2024-01-10,FR,104.9,total postings,Software Development
2024-01-11,FR,111.53,new postings,Software Development
2024-01-11,FR,104.87,total postings,Software Development
2024-01-12,FR,111.42,new postings,Software Development
2024-01-12,FR,104.67,total postings,Software Development
2024-01-13,FR,110.17,new postings,Software Development
2024-01-13,FR,104.37,total postings,Software Development
2024-01-14,FR,109.83,new postings,Software Development
2024-01-14,FR,104.07,total postings,Software Development
2024-01-15,FR,110.56,new postings,Software Development
2024-01-15,FR,103.91,total postings,Software Development
2024-01-16,FR,110.62,new postings,Software Development
2024-01-16,FR,103.76,total postings,Software Development
2024-01-17,FR,110.23,new postings,Software Development
2024-01-17,FR,103.62,total postings,Software Development
2024-01-18,FR,111.01,new postings,Software Development
2024-01-18,FR,103.34,total postings,Software Development
2024-01-19,FR,111.99,new postings,Software Development
2024-01-19,FR,103.25,total postings,Software Development
2024-01-20,FR,111.75,new postings,Software Development
2024-01-20,FR,103.28,total postings,Software Development
2024-01-21,FR,111.28,new postings,Software Development
2024-01-21,FR,103.4,total postings,Software Development
2024-01-22,FR,110.87,new postings,Software Development
2024-01-22,FR,103.42,total postings,Software Development
2024-01-23,FR,110.05,new postings,Software Development
2024-01-23,FR,103.23,total postings,Software Development
2024-01-24,FR,110.65,new postings,Software Development
2024-01-24,FR,103.03,total postings,Software Development
2024-01-25,FR,110.46,new postings,Software Development
2024-01-25,FR,103.01,total postings,Software Development
2024-01-26,FR,109.72,new postings,Software Development
2024-01-26,FR,102.83,total postings,Software Development
2024-01-27,FR,111.36,new postings,Software Development
2024-01-27,FR,102.77,total postings,Software Development
2024-01-28,FR,112.99,new postings,Software Development
2024-01-28,FR,102.65,total postings,Software Development
2024-01-29,FR,114.83,new postings,Software Development
2024-01-29,FR,102.54,total postings,Software Development
2024-01-30,FR,117.7,new postings,Software Development
2024-01-30,FR,102.4,total postings,Software Development
2024-01-31,FR,118.92,new postings,Software Development
2024-01-31,FR,102.09,total postings,Software Development
2024-02-01,FR,121.0,new postings,Software Development
2024-02-01,FR,101.81,total postings,Software Development
2024-02-02,FR,123.4,new postings,Software Development
2024-02-02,FR,101.6,total postings,Software Development
2024-02-03,FR,127.15,new postings,Software Development
2024-02-03,FR,101.21,total postings,Software Development
2024-02-04,FR,132.01,new postings,Software Development
2024-02-04,FR,100.93,total postings,Software Development
2024-02-05,FR,135.55,new postings,Software Development
2024-02-05,FR,100.56,total postings,Software Development
2024-02-06,FR,139.71,new postings,Software Development
2024-02-06,FR,100.5,total postings,Software Development
2024-02-07,FR,143.56,new postings,Software Development
2024-02-07,FR,100.5,total postings,Software Development
2024-02-08,FR,147.0,new postings,Software Development
2024-02-08,FR,100.47,total postings,Software Development
2024-02-09,FR,149.38,new postings,Software Development
2024-02-09,FR,100.36,total postings,Software Development
2024-02-10,FR,145.07,new postings,Software Development
2024-02-10,FR,100.19,total postings,Software Development
2024-02-11,FR,140.09,new postings,Software Development
2024-02-11,FR,100.01,total postings,Software Development
2024-02-12,FR,136.92,new postings,Software Development
2024-02-12,FR,99.93,total postings,Software Development
2024-02-13,FR,128.81,new postings,Software Development
2024-02-13,FR,99.45,total postings,Software Development
2024-02-14,FR,123.45,new postings,Software Development
2024-02-14,FR,99.09,total postings,Software Development
2024-02-15,FR,121.22,new postings,Software Development
2024-02-15,FR,99.13,total postings,Software Development
2024-02-16,FR,118.99,new postings,Software Development
2024-02-16,FR,99.04,total postings,Software Development
2024-02-17,FR,120.61,new postings,Software Development
2024-02-17,FR,98.89,total postings,Software Development
2024-02-18,FR,121.87,new postings,Software Development
2024-02-18,FR,98.98,total postings,Software Development
2024-02-19,FR,122.88,new postings,Software Development
2024-02-19,FR,98.89,total postings,Software Development
2024-02-20,FR,128.4,new postings,Software Development
2024-02-20,FR,99.12,total postings,Software Development
2024-02-21,FR,132.28,new postings,Software Development
2024-02-21,FR,99.08,total postings,Software Development
2024-02-22,FR,132.23,new postings,Software Development
2024-02-22,FR,98.77,total postings,Software Development
2024-02-23,FR,130.76,new postings,Software Development
2024-02-23,FR,98.69,total postings,Software Development
2024-02-24,FR,128.21,new postings,Software Development
2024-02-24,FR,98.72,total postings,Software Development
2024-02-25,FR,125.5,new postings,Software Development
2024-02-25,FR,98.4,total postings,Software Development
2024-02-26,FR,122.96,new postings,Software Development
2024-02-26,FR,98.34,total postings,Software Development
2024-02-27,FR,118.81,new postings,Software Development
2024-02-27,FR,98.2,total postings,Software Development
2024-02-28,FR,114.15,new postings,Software Development
2024-02-28,FR,98.19,total postings,Software Development
2024-02-29,FR,109.99,new postings,Software Development
2024-02-29,FR,98.14,total postings,Software Development
2024-03-01,FR,110.52,new postings,Software Development
2024-03-01,FR,98.01,total postings,Software Development
2024-03-02,FR,111.74,new postings,Software Development
2024-03-02,FR,97.69,total postings,Software Development
2024-03-03,FR,113.83,new postings,Software Development
2024-03-03,FR,97.52,total postings,Software Development
2024-03-04,FR,115.24,new postings,Software Development
2024-03-04,FR,97.26,total postings,Software Development
2024-03-05,FR,118.66,new postings,Software Development
2024-03-05,FR,97.19,total postings,Software Development
2024-03-06,FR,122.33,new postings,Software Development
2024-03-06,FR,97.12,total postings,Software Development
2024-03-07,FR,126.56,new postings,Software Development
2024-03-07,FR,96.97,total postings,Software Development
2024-03-08,FR,125.49,new postings,Software Development
2024-03-08,FR,96.83,total postings,Software Development
2024-03-09,FR,125.03,new postings,Software Development
2024-03-09,FR,97.05,total postings,Software Development
2024-03-10,FR,124.04,new postings,Software Development
2024-03-10,FR,97.12,total postings,Software Development
2024-03-11,FR,123.48,new postings,Software Development
2024-03-11,FR,97.02,total postings,Software Development
2024-03-12,FR,120.7,new postings,Software Development
2024-03-12,FR,96.99,total postings,Software Development
2024-03-13,FR,117.38,new postings,Software Development
2024-03-13,FR,96.9,total postings,Software Development
2024-03-14,FR,113.55,new postings,Software Development
2024-03-14,FR,96.68,total postings,Software Development
2024-03-15,FR,113.65,new postings,Software Development
2024-03-15,FR,96.67,total postings,Software Development
2024-03-16,FR,112.97,new postings,Software Development
2024-03-16,FR,96.37,total postings,Software Development
2024-03-17,FR,112.32,new postings,Software Development
2024-03-17,FR,95.9,total postings,Software Development
2024-03-18,FR,114.1,new postings,Software Development
2024-03-18,FR,95.92,total postings,Software Development
2024-03-19,FR,118.45,new postings,Software Development
2024-03-19,FR,95.89,total postings,Software Development
2024-03-20,FR,123.21,new postings,Software Development
2024-03-20,FR,95.95,total postings,Software Development
2024-03-21,FR,128.5,new postings,Software Development
2024-03-21,FR,96.22,total postings,Software Development
2024-03-22,FR,132.75,new postings,Software Development
2024-03-22,FR,96.19,total postings,Software Development
2024-03-23,FR,136.01,new postings,Software Development
2024-03-23,FR,96.18,total postings,Software Development
2024-03-24,FR,140.67,new postings,Software Development
2024-03-24,FR,96.45,total postings,Software Development
2024-03-25,FR,138.92,new postings,Software Development
2024-03-25,FR,96.44,total postings,Software Development
2024-03-26,FR,134.99,new postings,Software Development
2024-03-26,FR,96.25,total postings,Software Development
2024-03-27,FR,130.75,new postings,Software Development
2024-03-27,FR,95.98,total postings,Software Development
2024-03-28,FR,125.93,new postings,Software Development
2024-03-28,FR,95.62,total postings,Software Development
2024-03-29,FR,121.48,new postings,Software Development
2024-03-29,FR,95.37,total postings,Software Development
2024-03-30,FR,117.63,new postings,Software Development
2024-03-30,FR,95.21,total postings,Software Development
2024-03-31,FR,112.15,new postings,Software Development
2024-03-31,FR,95.04,total postings,Software Development
2024-04-01,FR,110.7,new postings,Software Development
2024-04-01,FR,94.9,total postings,Software Development
2024-04-02,FR,109.0,new postings,Software Development
2024-04-02,FR,94.79,total postings,Software Development
2024-04-03,FR,107.11,new postings,Software Development
2024-04-03,FR,94.73,total postings,Software Development
2024-04-04,FR,105.71,new postings,Software Development
2024-04-04,FR,94.78,total postings,Software Development
2024-04-05,FR,104.13,new postings,Software Development
2024-04-05,FR,94.76,total postings,Software Development
2024-04-06,FR,103.41,new postings,Software Development
2024-04-06,FR,94.76,total postings,Software Development
2024-04-07,FR,102.74,new postings,Software Development
2024-04-07,FR,94.78,total postings,Software Development
2024-04-08,FR,102.44,new postings,Software Development
2024-04-08,FR,94.71,total postings,Software Development
2024-04-09,FR,104.35,new postings,Software Development
2024-04-09,FR,94.72,total postings,Software Development
2024-04-10,FR,105.25,new postings,Software Development
2024-04-10,FR,94.63,total postings,Software Development
2024-04-11,FR,106.07,new postings,Software Development
2024-04-11,FR,94.53,total postings,Software Development
2024-04-12,FR,107.04,new postings,Software Development
2024-04-12,FR,94.45,total postings,Software Development
2024-04-13,FR,106.3,new postings,Software Development
2024-04-13,FR,94.4,total postings,Software Development
2024-04-14,FR,105.44,new postings,Software Development
2024-04-14,FR,94.22,total postings,Software Development
2024-04-15,FR,104.59,new postings,Software Development
2024-04-15,FR,94.12,total postings,Software Development
2024-04-16,FR,102.58,new postings,Software Development
2024-04-16,FR,94.02,total postings,Software Development
2024-04-17,FR,102.2,new postings,Software Development
2024-04-17,FR,94.04,total postings,Software Development
2024-04-18,FR,101.29,new postings,Software Development
2024-04-18,FR,94.07,total postings,Software Development
2024-04-19,FR,101.11,new postings,Software Development
2024-04-19,FR,94.17,total postings,Software Development
2024-04-20,FR,103.37,new postings,Software Development
2024-04-20,FR,94.03,total postings,Software Development
2024-04-21,FR,106.21,new postings,Software Development
2024-04-21,FR,94.13,total postings,Software Development
2024-04-22,FR,108.58,new postings,Software Development
2024-04-22,FR,94.18,total postings,Software Development
2024-04-23,FR,111.08,new postings,Software Development
2024-04-23,FR,94.23,total postings,Software Development
2024-04-24,FR,112.57,new postings,Software Development
2024-04-24,FR,93.93,total postings,Software Development
2024-04-25,FR,114.97,new postings,Software Development
2024-04-25,FR,93.91,total postings,Software Development
2024-04-26,FR,115.19,new postings,Software Development
2024-04-26,FR,93.78,total postings,Software Development
2024-04-27,FR,113.78,new postings,Software Development
2024-04-27,FR,93.93,total postings,Software Development
2024-04-28,FR,112.2,new postings,Software Development
2024-04-28,FR,93.9,total postings,Software Development
2024-04-29,FR,110.66,new postings,Software Development
2024-04-29,FR,93.83,total postings,Software Development
2024-04-30,FR,108.37,new postings,Software Development
2024-04-30,FR,93.65,total postings,Software Development
2024-05-01,FR,107.02,new postings,Software Development
2024-05-01,FR,93.87,total postings,Software Development
2024-05-02,FR,104.43,new postings,Software Development
2024-05-02,FR,93.71,total postings,Software Development
2024-05-03,FR,102.55,new postings,Software Development
2024-05-03,FR,93.6,total postings,Software Development
2024-05-04,FR,101.57,new postings,Software Development
2024-05-04,FR,93.4,total postings,Software Development
2024-05-05,FR,100.27,new postings,Software Development
2024-05-05,FR,93.24,total postings,Software Development
2024-05-06,FR,98.77,new postings,Software Development
2024-05-06,FR,93.18,total postings,Software Development
2024-05-07,FR,96.55,new postings,Software Development
2024-05-07,FR,93.15,total postings,Software Development
2024-05-08,FR,94.6,new postings,Software Development
2024-05-08,FR,93.12,total postings,Software Development
2024-05-09,FR,93.69,new postings,Software Development
2024-05-09,FR,93.21,total postings,Software Development
2024-05-10,FR,90.21,new postings,Software Development
2024-05-10,FR,93.21,total postings,Software Development
2024-05-11,FR,83.98,new postings,Software Development
2024-05-11,FR,93.14,total postings,Software Development
2024-05-12,FR,77.53,new postings,Software Development
2024-05-12,FR,93.07,total postings,Software Development
2024-05-13,FR,71.65,new postings,Software Development
2024-05-13,FR,92.96,total postings,Software Development
2024-05-14,FR,67.2,new postings,Software Development
2024-05-14,FR,92.83,total postings,Software Development
2024-05-15,FR,62.32,new postings,Software Development
2024-05-15,FR,92.68,total postings,Software Development
2024-05-16,FR,61.55,new postings,Software Development
2024-05-16,FR,92.49,total postings,Software Development
2024-05-17,FR,66.06,new postings,Software Development
2024-05-17,FR,92.38,total postings,Software Development
2024-05-18,FR,73.72,new postings,Software Development
2024-05-18,FR,92.16,total postings,Software Development
2024-05-19,FR,79.95,new postings,Software Development
2024-05-19,FR,91.77,total postings,Software Development
2024-05-20,FR,86.44,new postings,Software Development
2024-05-20,FR,91.5,total postings,Software Development
2024-05-21,FR,91.47,new postings,Software Development
2024-05-21,FR,91.03,total postings,Software Development
2024-05-22,FR,96.28,new postings,Software Development
2024-05-22,FR,90.67,total postings,Software Development
2024-05-23,FR,97.14,new postings,Software Development
2024-05-23,FR,90.55,total postings,Software Development
2024-05-24,FR,95.71,new postings,Software Development
2024-05-24,FR,90.43,total postings,Software Development
2024-05-25,FR,94.08,new postings,Software Development
2024-05-25,FR,90.5,total postings,Software Development
2024-05-26,FR,93.57,new postings,Software Development
2024-05-26,FR,90.74,total postings,Software Development
2024-05-27,FR,92.77,new postings,Software Development
2024-05-27,FR,90.63,total postings,Software Development
2024-05-28,FR,94.83,new postings,Software Development
2024-05-28,FR,90.83,total postings,Software Development
2024-05-29,FR,96.9,new postings,Software Development
2024-05-29,FR,90.88,total postings,Software Development
2024-05-30,FR,98.76,new postings,Software Development
2024-05-30,FR,90.57,total postings,Software Development
2024-05-31,FR,101.05,new postings,Software Development
2024-05-31,FR,90.43,total postings,Software Development
2024-06-01,FR,103.14,new postings,Software Development
2024-06-01,FR,90.26,total postings,Software Development
2024-06-02,FR,104.73,new postings,Software Development
2024-06-02,FR,90.11,total postings,Software Development
2024-06-03,FR,105.68,new postings,Software Development
2024-06-03,FR,90.2,total postings,Software Development
2024-06-04,FR,104.33,new postings,Software Development
2024-06-04,FR,90.24,total postings,Software Development
2024-06-05,FR,103.09,new postings,Software Development
2024-06-05,FR,90.25,total postings,Software Development
2024-06-06,FR,101.57,new postings,Software Development
2024-06-06,FR,90.31,total postings,Software Development
2024-06-07,FR,100.37,new postings,Software Development
2024-06-07,FR,90.16,total postings,Software Development
2024-06-08,FR,98.57,new postings,Software Development
2024-06-08,FR,90.07,total postings,Software Development
2024-06-09,FR,97.78,new postings,Software Development
2024-06-09,FR,89.85,total postings,Software Development
2024-06-10,FR,97.73,new postings,Software Development
2024-06-10,FR,89.72,total postings,Software Development
2024-06-11,FR,98.82,new postings,Software Development
2024-06-11,FR,89.58,total postings,Software Development
2024-06-12,FR,99.33,new postings,Software Development
2024-06-12,FR,89.47,total postings,Software Development
2024-06-13,FR,99.9,new postings,Software Development
2024-06-13,FR,89.38,total postings,Software Development
2024-06-14,FR,101.48,new postings,Software Development
2024-06-14,FR,89.28,total postings,Software Development
2024-06-15,FR,102.94,new postings,Software Development
2024-06-15,FR,89.01,total postings,Software Development
2024-06-16,FR,104.58,new postings,Software Development
2024-06-16,FR,88.88,total postings,Software Development
2024-06-17,FR,105.69,new postings,Software Development
2024-06-17,FR,88.64,total postings,Software Development
2024-06-18,FR,102.28,new postings,Software Development
2024-06-18,FR,88.34,total postings,Software Development
2024-06-19,FR,99.44,new postings,Software Development
2024-06-19,FR,88.01,total postings,Software Development
2024-06-20,FR,96.9,new postings,Software Development
2024-06-20,FR,87.65,total postings,Software Development
2024-06-21,FR,93.2,new postings,Software Development
2024-06-21,FR,87.39,total postings,Software Development
2024-06-22,FR,90.31,new postings,Software Development
2024-06-22,FR,87.23,total postings,Software Development
2024-06-23,FR,87.94,new postings,Software Development
2024-06-23,FR,87.07,total postings,Software Development
2024-06-24,FR,85.97,new postings,Software Development
2024-06-24,FR,86.9,total postings,Software Development
2024-06-25,FR,88.78,new postings,Software Development
2024-06-25,FR,86.76,total postings,Software Development
2024-06-26,FR,91.81,new postings,Software Development
2024-06-26,FR,86.65,total postings,Software Development
2024-06-27,FR,94.46,new postings,Software Development
2024-06-27,FR,86.65,total postings,Software Development
2024-06-28,FR,96.92,new postings,Software Development
2024-06-28,FR,86.58,total postings,Software Development
2024-06-29,FR,98.75,new postings,Software Development
2024-06-29,FR,86.54,total postings,Software Development
2024-06-30,FR,99.81,new postings,Software Development
2024-06-30,FR,86.62,total postings,Software Development
2024-07-01,FR,100.66,new postings,Software Development
2024-07-01,FR,86.58,total postings,Software Development
2024-07-02,FR,99.82,new postings,Software Development
2024-07-02,FR,86.52,total postings,Software Development
2024-07-03,FR,106.15,new postings,Software Development
2024-07-03,FR,86.77,total postings,Software Development
2024-07-04,FR,110.47,new postings,Software Development
2024-07-04,FR,86.9,total postings,Software Development
2024-07-05,FR,109.42,new postings,Software Development
2024-07-05,FR,86.81,total postings,Software Development
2024-07-06,FR,108.57,new postings,Software Development
2024-07-06,FR,86.75,total postings,Software Development
2024-07-07,FR,107.8,new postings,Software Development
2024-07-07,FR,86.45,total postings,Software Development
2024-07-08,FR,106.82,new postings,Software Development
2024-07-08,FR,86.43,total postings,Software Development
2024-07-09,FR,107.43,new postings,Software Development
2024-07-09,FR,86.48,total postings,Software Development
2024-07-10,FR,100.73,new postings,Software Development
2024-07-10,FR,86.19,total postings,Software Development
2024-07-11,FR,97.32,new postings,Software Development
2024-07-11,FR,86.06,total postings,Software Development
2024-07-12,FR,97.37,new postings,Software Development
2024-07-12,FR,86.1,total postings,Software Development
2024-07-13,FR,97.01,new postings,Software Development
2024-07-13,FR,86.09,total postings,Software Development
2024-07-14,FR,96.99,new postings,Software Development
2024-07-14,FR,86.15,total postings,Software Development
2024-07-15,FR,97.86,new postings,Software Development
2024-07-15,FR,86.02,total postings,Software Development
2024-07-16,FR,98.78,new postings,Software Development
2024-07-16,FR,85.93,total postings,Software Development
2024-07-17,FR,99.87,new postings,Software Development
2024-07-17,FR,85.93,total postings,Software Development
2024-07-18,FR,99.78,new postings,Software Development
2024-07-18,FR,85.85,total postings,Software Development
2024-07-19,FR,101.93,new postings,Software Development
2024-07-19,FR,85.81,total postings,Software Development
2024-07-20,FR,105.17,new postings,Software Development
2024-07-20,FR,85.7,total postings,Software Development
2024-07-21,FR,108.42,new postings,Software Development
2024-07-21,FR,85.78,total postings,Software Development
2024-07-22,FR,109.85,new postings,Software Development
2024-07-22,FR,85.87,total postings,Software Development
2024-07-23,FR,109.58,new postings,Software Development
2024-07-23,FR,85.91,total postings,Software Development
2024-07-24,FR,109.75,new postings,Software Development
2024-07-24,FR,85.87,total postings,Software Development
2024-07-25,FR,109.17,new postings,Software Development
2024-07-25,FR,85.77,total postings,Software Development
2024-07-26,FR,108.51,new postings,Software Development
2024-07-26,FR,85.69,total postings,Software Development
2024-07-27,FR,106.45,new postings,Software Development
2024-07-27,FR,85.61,total postings,Software Development
2024-07-28,FR,104.38,new postings,Software Development
2024-07-28,FR,85.38,total postings,Software Development
2024-07-29,FR,102.94,new postings,Software Development
2024-07-29,FR,85.08,total postings,Software Development
2024-07-30,FR,102.85,new postings,Software Development
2024-07-30,FR,84.85,total postings,Software Development
2024-07-31,FR,101.59,new postings,Software Development
2024-07-31,FR,84.61,total postings,Software Development
2024-08-01,FR,100.69,new postings,Software Development
2024-08-01,FR,84.38,total postings,Software Development
2024-08-02,FR,99.95,new postings,Software Development
2024-08-02,FR,84.16,total postings,Software Development
2024-08-03,FR,99.44,new postings,Software Development
2024-08-03,FR,84.0,total postings,Software Development
2024-08-04,FR,99.23,new postings,Software Development
2024-08-04,FR,83.99,total postings,Software Development
2024-08-05,FR,99.41,new postings,Software Development
2024-08-05,FR,83.89,total postings,Software Development
2024-08-06,FR,99.74,new postings,Software Development
2024-08-06,FR,83.78,total postings,Software Development
2024-08-07,FR,99.93,new postings,Software Development
2024-08-07,FR,83.67,total postings,Software Development
2024-08-08,FR,100.84,new postings,Software Development
2024-08-08,FR,83.63,total postings,Software Development
2024-08-09,FR,100.85,new postings,Software Development
2024-08-09,FR,83.63,total postings,Software Development
2024-08-10,FR,100.8,new postings,Software Development
2024-08-10,FR,83.58,total postings,Software Development
2024-08-11,FR,100.24,new postings,Software Development
2024-08-11,FR,83.44,total postings,Software Development
2024-08-12,FR,100.14,new postings,Software Development
2024-08-12,FR,83.51,total postings,Software Development
2024-08-13,FR,99.31,new postings,Software Development
2024-08-13,FR,83.55,total postings,Software Development
2024-08-14,FR,99.06,new postings,Software Development
2024-08-14,FR,83.52,total postings,Software Development
2024-08-15,FR,99.05,new postings,Software Development
2024-08-15,FR,83.54,total postings,Software Development
2024-08-16,FR,99.03,new postings,Software Development
2024-08-16,FR,83.56,total postings,Software Development
2024-08-17,FR,98.95,new postings,Software Development
2024-08-17,FR,83.61,total postings,Software Development
2024-08-18,FR,98.54,new postings,Software Development
2024-08-18,FR,83.64,total postings,Software Development
2024-08-19,FR,97.42,new postings,Software Development
2024-08-19,FR,83.66,total postings,Software Development
2024-08-20,FR,96.43,new postings,Software Development
2024-08-20,FR,83.73,total postings,Software Development
2024-08-21,FR,95.38,new postings,Software Development
2024-08-21,FR,83.74,total postings,Software Development
2024-08-22,FR,93.27,new postings,Software Development
2024-08-22,FR,83.64,total postings,Software Development
2024-08-23,FR,92.28,new postings,Software Development
2024-08-23,FR,83.51,total postings,Software Development
2024-08-24,FR,92.39,new postings,Software Development
2024-08-24,FR,83.34,total postings,Software Development
2024-08-25,FR,92.36,new postings,Software Development
2024-08-25,FR,83.06,total postings,Software Development
2024-08-26,FR,91.79,new postings,Software Development
2024-08-26,FR,82.9,total postings,Software Development
2024-08-27,FR,92.0,new postings,Software Development
2024-08-27,FR,82.64,total postings,Software Development
2024-08-28,FR,92.27,new postings,Software Development
2024-08-28,FR,82.53,total postings,Software Development
2024-08-29,FR,93.49,new postings,Software Development
2024-08-29,FR,82.52,total postings,Software Development
2024-08-30,FR,95.19,new postings,Software Development
2024-08-30,FR,82.59,total postings,Software Development
2024-08-31,FR,95.77,new postings,Software Development
2024-08-31,FR,82.59,total postings,Software Development
2024-09-01,FR,96.66,new postings,Software Development
2024-09-01,FR,82.75,total postings,Software Development
2024-09-02,FR,97.87,new postings,Software Development
2024-09-02,FR,82.7,total postings,Software Development
2024-09-03,FR,98.73,new postings,Software Development
2024-09-03,FR,82.58,total postings,Software Development
2024-09-04,FR,99.37,new postings,Software Development
2024-09-04,FR,82.47,total postings,Software Development
2024-09-05,FR,99.12,new postings,Software Development
2024-09-05,FR,82.38,total postings,Software Development
2024-09-06,FR,97.51,new postings,Software Development
2024-09-06,FR,82.22,total postings,Software Development
2024-09-07,FR,97.08,new postings,Software Development
2024-09-07,FR,82.08,total postings,Software Development
2024-09-08,FR,96.69,new postings,Software Development
2024-09-08,FR,81.95,total postings,Software Development
2024-09-09,FR,96.31,new postings,Software Development
2024-09-09,FR,81.85,total postings,Software Development
2024-09-10,FR,95.06,new postings,Software Development
2024-09-10,FR,81.86,total postings,Software Development
2024-09-11,FR,93.62,new postings,Software Development
2024-09-11,FR,81.53,total postings,Software Development
2024-09-12,FR,93.31,new postings,Software Development
2024-09-12,FR,81.21,total postings,Software Development
2024-09-13,FR,93.66,new postings,Software Development
2024-09-13,FR,80.89,total postings,Software Development
2024-09-14,FR,93.08,new postings,Software Development
2024-09-14,FR,80.68,total postings,Software Development
2024-09-15,FR,92.38,new postings,Software Development
2024-09-15,FR,80.36,total postings,Software Development
2024-09-16,FR,92.35,new postings,Software Development
2024-09-16,FR,80.03,total postings,Software Development
2024-09-17,FR,93.28,new postings,Software Development
2024-09-17,FR,79.73,total postings,Software Development
2024-09-18,FR,94.76,new postings,Software Development
2024-09-18,FR,79.78,total postings,Software Development
2024-09-19,FR,94.82,new postings,Software Development
2024-09-19,FR,79.68,total postings,Software Development
2024-09-20,FR,94.01,new postings,Software Development
2024-09-20,FR,79.38,total postings,Software Development
2024-09-21,FR,93.97,new postings,Software Development
2024-09-21,FR,79.06,total postings,Software Development
2024-09-22,FR,93.87,new postings,Software Development
2024-09-22,FR,78.81,total postings,Software Development
2024-09-23,FR,93.74,new postings,Software Development
2024-09-23,FR,78.57,total postings,Software Development
2024-09-24,FR,93.18,new postings,Software Development
2024-09-24,FR,78.33,total postings,Software Development
2024-09-25,FR,92.59,new postings,Software Development
2024-09-25,FR,77.99,total postings,Software Development
2024-09-26,FR,92.49,new postings,Software Development
2024-09-26,FR,77.59,total postings,Software Development
2024-09-27,FR,92.79,new postings,Software Development
2024-09-27,FR,77.4,total postings,Software Development
2024-09-28,FR,92.53,new postings,Software Development
2024-09-28,FR,77.26,total postings,Software Development
2024-09-29,FR,92.49,new postings,Software Development
2024-09-29,FR,77.17,total postings,Software Development
2024-09-30,FR,92.23,new postings,Software Development
2024-09-30,FR,77.04,total postings,Software Development
2024-10-01,FR,91.88,new postings,Software Development
2024-10-01,FR,76.87,total postings,Software Development
2024-10-02,FR,92.14,new postings,Software Development
2024-10-02,FR,76.79,total postings,Software Development
2024-10-03,FR,92.35,new postings,Software Development
2024-10-03,FR,76.7,total postings,Software Development
2024-10-04,FR,92.77,new postings,Software Development
2024-10-04,FR,76.72,total postings,Software Development
2024-10-05,FR,92.93,new postings,Software Development
2024-10-05,FR,76.73,total postings,Software Development
2024-10-06,FR,93.24,new postings,Software Development
2024-10-06,FR,76.71,total postings,Software Development
2024-10-07,FR,93.29,new postings,Software Development
2024-10-07,FR,76.7,total postings,Software Development
2024-10-08,FR,93.38,new postings,Software Development
2024-10-08,FR,76.76,total postings,Software Development
2024-10-09,FR,92.42,new postings,Software Development
2024-10-09,FR,76.76,total postings,Software Development
2024-10-10,FR,91.23,new postings,Software Development
2024-10-10,FR,76.83,total postings,Software Development
2024-10-11,FR,89.12,new postings,Software Development
2024-10-11,FR,76.78,total postings,Software Development
2024-10-12,FR,87.58,new postings,Software Development
2024-10-12,FR,76.55,total postings,Software Development
2024-10-13,FR,85.59,new postings,Software Development
2024-10-13,FR,76.29,total postings,Software Development
2024-10-14,FR,83.75,new postings,Software Development
2024-10-14,FR,76.04,total postings,Software Development
2024-10-15,FR,82.28,new postings,Software Development
2024-10-15,FR,75.63,total postings,Software Development
2024-10-16,FR,80.34,new postings,Software Development
2024-10-16,FR,75.25,total postings,Software Development
2024-10-17,FR,78.63,new postings,Software Development
2024-10-17,FR,74.64,total postings,Software Development
2024-10-18,FR,77.39,new postings,Software Development
2024-10-18,FR,74.07,total postings,Software Development
2024-10-19,FR,75.98,new postings,Software Development
2024-10-19,FR,73.82,total postings,Software Development
2024-10-20,FR,75.93,new postings,Software Development
2024-10-20,FR,73.53,total postings,Software Development
2024-10-21,FR,76.16,new postings,Software Development
2024-10-21,FR,73.24,total postings,Software Development
2024-10-22,FR,76.49,new postings,Software Development
2024-10-22,FR,73.12,total postings,Software Development
2024-10-23,FR,78.5,new postings,Software Development
2024-10-23,FR,72.91,total postings,Software Development
2024-10-24,FR,81.41,new postings,Software Development
2024-10-24,FR,73.12,total postings,Software Development
2024-10-25,FR,84.38,new postings,Software Development
2024-10-25,FR,73.44,total postings,Software Development
2024-10-26,FR,87.05,new postings,Software Development
2024-10-26,FR,73.48,total postings,Software Development
2024-10-27,FR,88.51,new postings,Software Development
2024-10-27,FR,73.65,total postings,Software Development
2024-10-28,FR,90.19,new postings,Software Development
2024-10-28,FR,73.71,total postings,Software Development
2024-10-29,FR,92.32,new postings,Software Development
2024-10-29,FR,73.61,total postings,Software Development
2024-10-30,FR,92.91,new postings,Software Development
2024-10-30,FR,73.78,total postings,Software Development
2024-10-31,FR,92.56,new postings,Software Development
2024-10-31,FR,73.94,total postings,Software Development
2024-11-01,FR,93.29,new postings,Software Development
2024-11-01,FR,74.0,total postings,Software Development
2024-11-02,FR,93.24,new postings,Software Development
2024-11-02,FR,74.11,total postings,Software Development
2024-11-03,FR,93.53,new postings,Software Development
2024-11-03,FR,74.12,total postings,Software Development
2024-11-04,FR,93.51,new postings,Software Development
2024-11-04,FR,74.21,total postings,Software Development
2024-11-05,FR,91.35,new postings,Software Development
2024-11-05,FR,74.41,total postings,Software Development
2024-11-06,FR,90.13,new postings,Software Development
2024-11-06,FR,74.45,total postings,Software Development
2024-11-07,FR,88.87,new postings,Software Development
2024-11-07,FR,74.34,total postings,Software Development
2024-11-08,FR,86.47,new postings,Software Development
2024-11-08,FR,74.17,total postings,Software Development
2024-11-09,FR,85.78,new postings,Software Development
2024-11-09,FR,74.05,total postings,Software Development
2024-11-10,FR,84.45,new postings,Software Development
2024-11-10,FR,73.92,total postings,Software Development
2024-11-11,FR,83.83,new postings,Software Development
2024-11-11,FR,73.86,total postings,Software Development
2024-11-12,FR,83.55,new postings,Software Development
2024-11-12,FR,73.72,total postings,Software Development
2024-11-13,FR,82.84,new postings,Software Development
2024-11-13,FR,73.51,total postings,Software Development
2024-11-14,FR,82.48,new postings,Software Development
2024-11-14,FR,73.21,total postings,Software Development
2024-11-15,FR,82.3,new postings,Software Development
2024-11-15,FR,72.95,total postings,Software Development
2024-11-16,FR,81.77,new postings,Software Development
2024-11-16,FR,72.67,total postings,Software Development
2024-11-17,FR,81.58,new postings,Software Development
2024-11-17,FR,72.48,total postings,Software Development
2024-11-18,FR,80.31,new postings,Software Development
2024-11-18,FR,72.18,total postings,Software Development
2024-11-19,FR,80.85,new postings,Software Development
2024-11-19,FR,71.96,total postings,Software Development
2024-11-20,FR,81.1,new postings,Software Development
2024-11-20,FR,71.84,total postings,Software Development
2024-11-21,FR,81.01,new postings,Software Development
2024-11-21,FR,71.83,total postings,Software Development
2024-11-22,FR,80.94,new postings,Software Development
2024-11-22,FR,71.78,total postings,Software Development
2024-11-23,FR,80.24,new postings,Software Development
2024-11-23,FR,71.73,total postings,Software Development
2024-11-24,FR,79.31,new postings,Software Development
2024-11-24,FR,71.63,total postings,Software Development
2024-11-25,FR,78.81,new postings,Software Development
2024-11-25,FR,71.56,total postings,Software Development
2024-11-26,FR,79.61,new postings,Software Development
2024-11-26,FR,71.59,total postings,Software Development
2024-11-27,FR,81.03,new postings,Software Development
2024-11-27,FR,71.54,total postings,Software Development
2024-11-28,FR,82.37,new postings,Software Development
2024-11-28,FR,71.54,total postings,Software Development
2024-11-29,FR,83.87,new postings,Software Development
2024-11-29,FR,71.53,total postings,Software Development
2024-11-30,FR,85.75,new postings,Software Development
2024-11-30,FR,71.56,total postings,Software Development
2024-12-01,FR,87.47,new postings,Software Development
2024-12-01,FR,71.52,total postings,Software Development
2024-12-02,FR,88.86,new postings,Software Development
2024-12-02,FR,71.57,total postings,Software Development
2024-12-03,FR,87.43,new postings,Software Development
2024-12-03,FR,71.49,total postings,Software Development
2024-12-04,FR,86.58,new postings,Software Development
2024-12-04,FR,71.51,total postings,Software Development
2024-12-05,FR,86.45,new postings,Software Development
2024-12-05,FR,71.53,total postings,Software Development
2024-12-06,FR,85.91,new postings,Software Development
2024-12-06,FR,71.6,total postings,Software Development
2024-12-07,FR,85.06,new postings,Software Development
2024-12-07,FR,71.62,total postings,Software Development
2024-12-08,FR,84.91,new postings,Software Development
2024-12-08,FR,71.7,total postings,Software Development
2024-12-09,FR,84.84,new postings,Software Development
2024-12-09,FR,71.74,total postings,Software Development
2024-12-10,FR,85.87,new postings,Software Development
2024-12-10,FR,71.79,total postings,Software Development
2024-12-11,FR,86.16,new postings,Software Development
2024-12-11,FR,71.76,total postings,Software Development
2024-12-12,FR,86.14,new postings,Software Development
2024-12-12,FR,71.69,total postings,Software Development
2024-12-13,FR,86.44,new postings,Software Development
2024-12-13,FR,71.63,total postings,Software Development
2024-12-14,FR,86.88,new postings,Software Development
2024-12-14,FR,71.52,total postings,Software Development
2024-12-15,FR,86.85,new postings,Software Development
2024-12-15,FR,71.52,total postings,Software Development
2024-12-16,FR,86.87,new postings,Software Development
2024-12-16,FR,71.52,total postings,Software Development
2024-12-17,FR,86.66,new postings,Software Development
2024-12-17,FR,71.48,total postings,Software Development
2024-12-18,FR,86.12,new postings,Software Development
2024-12-18,FR,71.51,total postings,Software Development
2024-12-19,FR,85.29,new postings,Software Development
2024-12-19,FR,71.56,total postings,Software Development
2024-12-20,FR,84.36,new postings,Software Development
2024-12-20,FR,71.54,total postings,Software Development
2024-12-21,FR,83.71,new postings,Software Development
2024-12-21,FR,71.67,total postings,Software Development
2024-12-22,FR,82.87,new postings,Software Development
2024-12-22,FR,71.7,total postings,Software Development
2024-12-23,FR,82.22,new postings,Software Development
2024-12-23,FR,71.72,total postings,Software Development
2024-12-24,FR,81.24,new postings,Software Development
2024-12-24,FR,71.75,total postings,Software Development
2024-12-25,FR,81.39,new postings,Software Development
2024-12-25,FR,71.75,total postings,Software Development
2024-12-26,FR,81.53,new postings,Software Development
2024-12-26,FR,71.75,total postings,Software Development
2024-12-27,FR,81.98,new postings,Software Development
2024-12-27,FR,71.73,total postings,Software Development
2024-12-28,FR,80.96,new postings,Software Development
2024-12-28,FR,71.72,total postings,Software Development
2024-12-29,FR,81.02,new postings,Software Development
2024-12-29,FR,71.66,total postings,Software Development
2024-12-30,FR,81.91,new postings,Software Development
2024-12-30,FR,71.68,total postings,Software Development
2024-12-31,FR,83.85,new postings,Software Development
2024-12-31,FR,71.76,total postings,Software Development
2025-01-01,FR,85.38,new postings,Software Development
2025-01-01,FR,71.82,total postings,Software Development
2025-01-02,FR,85.42,new postings,Software Development
2025-01-02,FR,71.85,total postings,Software Development
2025-01-03,FR,85.25,new postings,Software Development
2025-01-03,FR,71.99,total postings,Software Development
2025-01-04,FR,85.87,new postings,Software Development
2025-01-04,FR,72.02,total postings,Software Development
2025-01-05,FR,85.01,new postings,Software Development
2025-01-05,FR,72.09,total postings,Software Development
2025-01-06,FR,82.42,new postings,Software Development
2025-01-06,FR,72.12,total postings,Software Development
2025-01-07,FR,79.66,new postings,Software Development
2025-01-07,FR,72.13,total postings,Software Development
2025-01-08,FR,77.27,new postings,Software Development
2025-01-08,FR,72.13,total postings,Software Development
2025-01-09,FR,76.55,new postings,Software Development
2025-01-09,FR,72.21,total postings,Software Development
2025-01-10,FR,75.54,new postings,Software Development
2025-01-10,FR,72.23,total postings,Software Development
2025-01-11,FR,75.2,new postings,Software Development
2025-01-11,FR,72.25,total postings,Software Development
2025-01-12,FR,75.76,new postings,Software Development
2025-01-12,FR,72.32,total postings,Software Development
2025-01-13,FR,77.7,new postings,Software Development
2025-01-13,FR,72.25,total postings,Software Development
2025-01-14,FR,78.97,new postings,Software Development
2025-01-14,FR,72.17,total postings,Software Development
2025-01-15,FR,78.52,new postings,Software Development
2025-01-15,FR,71.96,total postings,Software Development
2025-01-16,FR,78.45,new postings,Software Development
2025-01-16,FR,71.74,total postings,Software Development
2025-01-17,FR,78.43,new postings,Software Development
2025-01-17,FR,71.51,total postings,Software Development
2025-01-18,FR,77.98,new postings,Software Development
2025-01-18,FR,71.34,total postings,Software Development
2025-01-19,FR,76.98,new postings,Software Development
2025-01-19,FR,71.1,total postings,Software Development
2025-01-20,FR,76.27,new postings,Software Development
2025-01-20,FR,70.92,total postings,Software Development
2025-01-21,FR,75.76,new postings,Software Development
2025-01-21,FR,70.79,total postings,Software Development
2025-01-22,FR,76.57,new postings,Software Development
2025-01-22,FR,70.85,total postings,Software Development
2025-01-23,FR,76.53,new postings,Software Development
2025-01-23,FR,70.73,total postings,Software Development
2025-01-24,FR,77.7,new postings,Software Development
2025-01-24,FR,70.66,total postings,Software Development
2025-01-25,FR,79.61,new postings,Software Development
2025-01-25,FR,70.54,total postings,Software Development
2025-01-26,FR,81.85,new postings,Software Development
2025-01-26,FR,70.45,total postings,Software Development
2025-01-27,FR,82.5,new postings,Software Development
2025-01-27,FR,70.29,total postings,Software Development
2025-01-28,FR,87.47,new postings,Software Development
2025-01-28,FR,70.26,total postings,Software Development
2025-01-29,FR,87.52,new postings,Software Development
2025-01-29,FR,69.93,total postings,Software Development
2025-01-30,FR,87.97,new postings,Software Development
2025-01-30,FR,69.82,total postings,Software Development
2025-01-31,FR,86.86,new postings,Software Development
2025-01-31,FR,69.65,total postings,Software Development
2025-02-01,FR,85.49,new postings,Software Development
2025-02-01,FR,69.57,total postings,Software Development
2025-02-02,FR,84.05,new postings,Software Development
2025-02-02,FR,69.51,total postings,Software Development
2025-02-03,FR,83.75,new postings,Software Development
2025-02-03,FR,69.48,total postings,Software Development
2025-02-04,FR,78.59,new postings,Software Development
2025-02-04,FR,69.32,total postings,Software Development
2025-02-05,FR,77.83,new postings,Software Development
2025-02-05,FR,69.43,total postings,Software Development
2025-02-06,FR,77.01,new postings,Software Development
2025-02-06,FR,69.42,total postings,Software Development
2025-02-07,FR,76.28,new postings,Software Development
2025-02-07,FR,69.43,total postings,Software Development
2025-02-08,FR,75.53,new postings,Software Development
2025-02-08,FR,69.35,total postings,Software Development
2025-02-09,FR,74.16,new postings,Software Development
2025-02-09,FR,69.24,total postings,Software Development
2025-02-10,FR,72.39,new postings,Software Development
2025-02-10,FR,69.19,total postings,Software Development
2025-02-11,FR,71.69,new postings,Software Development
2025-02-11,FR,69.11,total postings,Software Development
2025-02-12,FR,70.76,new postings,Software Development
2025-02-12,FR,68.94,total postings,Software Development
2025-02-13,FR,70.53,new postings,Software Development
2025-02-13,FR,68.88,total postings,Software Development
2025-02-14,FR,71.11,new postings,Software Development
2025-02-14,FR,68.94,total postings,Software Development
2025-02-15,FR,71.04,new postings,Software Development
2025-02-15,FR,68.78,total postings,Software Development
2025-02-16,FR,72.02,new postings,Software Development
2025-02-16,FR,68.8,total postings,Software Development
2025-02-17,FR,72.88,new postings,Software Development
2025-02-17,FR,68.81,total postings,Software Development
2025-02-18,FR,72.73,new postings,Software Development
2025-02-18,FR,68.78,total postings,Software Development
2025-02-19,FR,73.88,new postings,Software Development
2025-02-19,FR,68.84,total postings,Software Development
2025-02-20,FR,73.89,new postings,Software Development
2025-02-20,FR,68.76,total postings,Software Development
2025-02-21,FR,73.8,new postings,Software Development
2025-02-21,FR,68.62,total postings,Software Development
2025-02-22,FR,74.94,new postings,Software Development
2025-02-22,FR,68.84,total postings,Software Development
2025-02-23,FR,75.39,new postings,Software Development
2025-02-23,FR,68.82,total postings,Software Development
2025-02-24,FR,76.55,new postings,Software Development
2025-02-24,FR,68.81,total postings,Software Development
2025-02-25,FR,77.85,new postings,Software Development
2025-02-25,FR,68.86,total postings,Software Development
2025-02-26,FR,77.96,new postings,Software Development
2025-02-26,FR,68.87,total postings,Software Development
2025-02-27,FR,78.99,new postings,Software Development
2025-02-27,FR,69.09,total postings,Software Development
2025-02-28,FR,79.1,new postings,Software Development
2025-02-28,FR,69.24,total postings,Software Development
2025-03-01,FR,77.38,new postings,Software Development
2025-03-01,FR,69.26,total postings,Software Development
2025-03-02,FR,76.25,new postings,Software Development
2025-03-02,FR,69.4,total postings,Software Development
2025-03-03,FR,74.87,new postings,Software Development
2025-03-03,FR,69.46,total postings,Software Development
2025-03-04,FR,73.58,new postings,Software Development
2025-03-04,FR,69.5,total postings,Software Development
2025-03-05,FR,72.87,new postings,Software Development
2025-03-05,FR,69.38,total postings,Software Development
2025-03-06,FR,71.92,new postings,Software Development
2025-03-06,FR,69.31,total postings,Software Development
2025-03-07,FR,71.7,new postings,Software Development
2025-03-07,FR,69.13,total postings,Software Development
2025-03-08,FR,72.87,new postings,Software Development
2025-03-08,FR,69.07,total postings,Software Development
2025-03-09,FR,74.51,new postings,Software Development
2025-03-09,FR,68.73,total postings,Software Development
2025-03-10,FR,76.19,new postings,Software Development
2025-03-10,FR,68.51,total postings,Software Development
2025-03-11,FR,78.05,new postings,Software Development
2025-03-11,FR,68.23,total postings,Software Development
2025-03-12,FR,79.87,new postings,Software Development
2025-03-12,FR,68.13,total postings,Software Development
2025-03-13,FR,81.62,new postings,Software Development
2025-03-13,FR,67.83,total postings,Software Development
2025-03-14,FR,83.39,new postings,Software Development
2025-03-14,FR,67.71,total postings,Software Development
2025-03-15,FR,84.25,new postings,Software Development
2025-03-15,FR,67.44,total postings,Software Development
2025-03-16,FR,85.15,new postings,Software Development
2025-03-16,FR,67.35,total postings,Software Development
2025-03-17,FR,85.48,new postings,Software Development
2025-03-17,FR,67.17,total postings,Software Development
2025-03-18,FR,85.37,new postings,Software Development
2025-03-18,FR,67.06,total postings,Software Development
2025-03-19,FR,84.76,new postings,Software Development
2025-03-19,FR,67.04,total postings,Software Development
2025-03-20,FR,84.24,new postings,Software Development
2025-03-20,FR,67.06,total postings,Software Development
2025-03-21,FR,83.38,new postings,Software Development
2025-03-21,FR,66.89,total postings,Software Development
2025-03-22,FR,83.27,new postings,Software Development
2025-03-22,FR,66.82,total postings,Software Development
2025-03-23,FR,82.23,new postings,Software Development
2025-03-23,FR,66.8,total postings,Software Development
2025-03-24,FR,81.87,new postings,Software Development
2025-03-24,FR,66.77,total postings,Software Development
2025-03-25,FR,80.87,new postings,Software Development
2025-03-25,FR,66.59,total postings,Software Development
2025-03-26,FR,80.63,new postings,Software Development
2025-03-26,FR,66.36,total postings,Software Development
2025-03-27,FR,79.98,new postings,Software Development
2025-03-27,FR,66.12,total postings,Software Development
2025-03-28,FR,79.5,new postings,Software Development
2025-03-28,FR,65.92,total postings,Software Development
2025-03-29,FR,78.45,new postings,Software Development
2025-03-29,FR,65.7,total postings,Software Development
2025-03-30,FR,78.07,new postings,Software Development
2025-03-30,FR,65.55,total postings,Software Development
2025-03-31,FR,77.72,new postings,Software Development
2025-03-31,FR,65.43,total postings,Software Development
2025-04-01,FR,78.64,new postings,Software Development
2025-04-01,FR,65.44,total postings,Software Development
2025-04-02,FR,79.42,new postings,Software Development
2025-04-02,FR,65.37,total postings,Software Development
2025-04-03,FR,80.62,new postings,Software Development
2025-04-03,FR,65.33,total postings,Software Development
2025-04-04,FR,82.15,new postings,Software Development
2025-04-04,FR,65.4,total postings,Software Development
2025-04-05,FR,83.82,new postings,Software Development
2025-04-05,FR,65.42,total postings,Software Development
2025-04-06,FR,84.59,new postings,Software Development
2025-04-06,FR,65.36,total postings,Software Development
2025-04-07,FR,84.81,new postings,Software Development
2025-04-07,FR,65.34,total postings,Software Development
2025-04-08,FR,85.31,new postings,Software Development
2025-04-08,FR,65.38,total postings,Software Development
2025-04-09,FR,85.04,new postings,Software Development
2025-04-09,FR,65.46,total postings,Software Development
2025-04-10,FR,84.18,new postings,Software Development
2025-04-10,FR,65.51,total postings,Software Development
2025-04-11,FR,82.98,new postings,Software Development
2025-04-11,FR,65.48,total postings,Software Development
2025-04-12,FR,82.09,new postings,Software Development
2025-04-12,FR,65.53,total postings,Software Development
2025-04-13,FR,81.47,new postings,Software Development
2025-04-13,FR,65.53,total postings,Software Development
2025-04-14,FR,81.11,new postings,Software Development
2025-04-14,FR,65.52,total postings,Software Development
2025-04-15,FR,80.58,new postings,Software Development
2025-04-15,FR,65.43,total postings,Software Development
2025-04-16,FR,80.25,new postings,Software Development
2025-04-16,FR,65.44,total postings,Software Development
2025-04-17,FR,79.52,new postings,Software Development
2025-04-17,FR,65.4,total postings,Software Development
2025-04-18,FR,78.69,new postings,Software Development
2025-04-18,FR,65.28,total postings,Software Development
2025-04-19,FR,77.61,new postings,Software Development
2025-04-19,FR,65.17,total postings,Software Development
2025-04-20,FR,76.4,new postings,Software Development
2025-04-20,FR,65.25,total postings,Software Development
2025-04-21,FR,75.37,new postings,Software Development
2025-04-21,FR,65.3,total postings,Software Development
2025-04-22,FR,73.25,new postings,Software Development
2025-04-22,FR,65.45,total postings,Software Development
2025-04-23,FR,71.25,new postings,Software Development
2025-04-23,FR,65.42,total postings,Software Development
2025-04-24,FR,69.42,new postings,Software Development
2025-04-24,FR,65.41,total postings,Software Development
2025-04-25,FR,67.32,new postings,Software Development
2025-04-25,FR,65.31,total postings,Software Development
2025-04-26,FR,64.39,new postings,Software Development
2025-04-26,FR,65.13,total postings,Software Development
2025-04-27,FR,62.58,new postings,Software Development
2025-04-27,FR,64.94,total postings,Software Development
2025-04-28,FR,60.72,new postings,Software Development
2025-04-28,FR,64.65,total postings,Software Development
2025-04-29,FR,61.52,new postings,Software Development
2025-04-29,FR,64.35,total postings,Software Development
2025-04-30,FR,62.13,new postings,Software Development
2025-04-30,FR,64.07,total postings,Software Development
2025-05-01,FR,64.08,new postings,Software Development
2025-05-01,FR,63.84,total postings,Software Development
2025-05-02,FR,65.96,new postings,Software Development
2025-05-02,FR,63.81,total postings,Software Development
2025-05-03,FR,67.6,new postings,Software Development
2025-05-03,FR,63.75,total postings,Software Development
2025-05-04,FR,69.25,new postings,Software Development
2025-05-04,FR,63.58,total postings,Software Development
2025-05-05,FR,70.88,new postings,Software Development
2025-05-05,FR,63.53,total postings,Software Development
2025-05-06,FR,70.37,new postings,Software Development
2025-05-06,FR,63.43,total postings,Software Development
2025-05-07,FR,69.47,new postings,Software Development
2025-05-07,FR,63.41,total postings,Software Development
2025-05-08,FR,67.61,new postings,Software Development
2025-05-08,FR,63.41,total postings,Software Development
2025-05-09,FR,66.49,new postings,Software Development
2025-05-09,FR,63.42,total postings,Software Development
2025-05-10,FR,65.52,new postings,Software Development
2025-05-10,FR,63.51,total postings,Software Development
2025-05-11,FR,62.92,new postings,Software Development
2025-05-11,FR,63.54,total postings,Software Development
2025-05-12,FR,59.94,new postings,Software Development
2025-05-12,FR,63.52,total postings,Software Development
2025-05-13,FR,57.21,new postings,Software Development
2025-05-13,FR,63.46,total postings,Software Development
2025-05-14,FR,56.67,new postings,Software Development
2025-05-14,FR,63.34,total postings,Software Development
2025-05-15,FR,55.95,new postings,Software Development
2025-05-15,FR,63.19,total postings,Software Development
2025-05-16,FR,58.99,new postings,Software Development
2025-05-16,FR,63.1,total postings,Software Development
2025-05-17,FR,62.97,new postings,Software Development
2025-05-17,FR,62.89,total postings,Software Development
2025-05-18,FR,67.55,new postings,Software Development
2025-05-18,FR,62.97,total postings,Software Development
2025-05-19,FR,70.72,new postings,Software Development
2025-05-19,FR,63.14,total postings,Software Development
2025-05-20,FR,74.61,new postings,Software Development
2025-05-20,FR,63.32,total postings,Software Development
2025-05-21,FR,77.31,new postings,Software Development
2025-05-21,FR,63.48,total postings,Software Development
2025-05-22,FR,80.22,new postings,Software Development
2025-05-22,FR,63.71,total postings,Software Development
2025-05-23,FR,78.98,new postings,Software Development
2025-05-23,FR,63.92,total postings,Software Development
2025-05-24,FR,78.08,new postings,Software Development
2025-05-24,FR,64.29,total postings,Software Development
2025-05-25,FR,77.56,new postings,Software Development
2025-05-25,FR,64.41,total postings,Software Development
2025-05-26,FR,78.21,new postings,Software Development
2025-05-26,FR,64.5,total postings,Software Development
2025-05-27,FR,78.11,new postings,Software Development
2025-05-27,FR,64.64,total postings,Software Development
2025-05-28,FR,77.72,new postings,Software Development
2025-05-28,FR,64.77,total postings,Software Development
2025-05-29,FR,77.53,new postings,Software Development
2025-05-29,FR,64.74,total postings,Software Development
2025-05-30,FR,75.87,new postings,Software Development
2025-05-30,FR,64.77,total postings,Software Development
2025-05-31,FR,74.29,new postings,Software Development
2025-05-31,FR,64.47,total postings,Software Development
2025-06-01,FR,72.99,new postings,Software Development
2025-06-01,FR,64.18,total postings,Software Development
2025-06-02,FR,71.09,new postings,Software Development
2025-06-02,FR,63.81,total postings,Software Development
2025-06-03,FR,68.98,new postings,Software Development
2025-06-03,FR,63.48,total postings,Software Development
2025-06-04,FR,64.8,new postings,Software Development
2025-06-04,FR,63.03,total postings,Software Development
2025-06-05,FR,60.1,new postings,Software Development
2025-06-05,FR,62.6,total postings,Software Development
2025-06-06,FR,58.53,new postings,Software Development
2025-06-06,FR,62.04,total postings,Software Development
2025-06-07,FR,59.17,new postings,Software Development
2025-06-07,FR,61.79,total postings,Software Development
2025-06-08,FR,59.51,new postings,Software Development
2025-06-08,FR,61.6,total postings,Software Development
2025-06-09,FR,61.13,new postings,Software Development
2025-06-09,FR,61.48,total postings,Software Development
2025-06-10,FR,62.07,new postings,Software Development
2025-06-10,FR,61.17,total postings,Software Development
2025-06-11,FR,64.35,new postings,Software Development
2025-06-11,FR,61.05,total postings,Software Development
2025-06-12,FR,67.5,new postings,Software Development
2025-06-12,FR,60.89,total postings,Software Development
2025-06-13,FR,70.49,new postings,Software Development
2025-06-13,FR,60.83,total postings,Software Development
2025-06-14,FR,69.27,new postings,Software Development
2025-06-14,FR,60.68,total postings,Software Development
2025-06-15,FR,67.09,new postings,Software Development
2025-06-15,FR,60.51,total postings,Software Development
2025-06-16,FR,64.81,new postings,Software Development
2025-06-16,FR,60.2,total postings,Software Development
2025-06-17,FR,64.94,new postings,Software Development
2025-06-17,FR,60.12,total postings,Software Development
2025-06-18,FR,66.16,new postings,Software Development
2025-06-18,FR,60.01,total postings,Software Development
2025-06-19,FR,66.88,new postings,Software Development
2025-06-19,FR,59.93,total postings,Software Development
2025-06-20,FR,65.29,new postings,Software Development
2025-06-20,FR,59.81,total postings,Software Development
2025-06-21,FR,65.38,new postings,Software Development
2025-06-21,FR,59.68,total postings,Software Development
2025-06-22,FR,66.47,new postings,Software Development
2025-06-22,FR,59.52,total postings,Software Development
2025-06-23,FR,68.17,new postings,Software Development
2025-06-23,FR,59.48,total postings,Software Development
2025-06-24,FR,68.51,new postings,Software Development
2025-06-24,FR,59.35,total postings,Software Development
2025-06-25,FR,68.51,new postings,Software Development
2025-06-25,FR,59.21,total postings,Software Development
2025-06-26,FR,68.76,new postings,Software Development
2025-06-26,FR,59.16,total postings,Software Development
2025-06-27,FR,69.93,new postings,Software Development
2025-06-27,FR,59.17,total postings,Software Development
2025-06-28,FR,71.19,new postings,Software Development
2025-06-28,FR,59.25,total postings,Software Development
2025-06-29,FR,72.24,new postings,Software Development
2025-06-29,FR,59.34,total postings,Software Development
2025-06-30,FR,72.37,new postings,Software Development
2025-06-30,FR,59.34,total postings,Software Development
2025-07-01,FR,73.01,new postings,Software Development
2025-07-01,FR,59.37,total postings,Software Development
2025-07-02,FR,74.1,new postings,Software Development
2025-07-02,FR,59.45,total postings,Software Development
2025-07-03,FR,74.39,new postings,Software Development
2025-07-03,FR,59.31,total postings,Software Development
2025-07-04,FR,74.83,new postings,Software Development
2025-07-04,FR,59.13,total postings,Software Development
2025-07-05,FR,75.28,new postings,Software Development
2025-07-05,FR,59.11,total postings,Software Development
2025-07-06,FR,75.48,new postings,Software Development
2025-07-06,FR,59.07,total postings,Software Development
2025-07-07,FR,76.15,new postings,Software Development
2025-07-07,FR,59.18,total postings,Software Development
2025-07-08,FR,75.77,new postings,Software Development
2025-07-08,FR,59.2,total postings,Software Development
2025-07-09,FR,74.27,new postings,Software Development
2025-07-09,FR,59.24,total postings,Software Development
2025-07-10,FR,73.6,new postings,Software Development
2025-07-10,FR,59.47,total postings,Software Development
2025-07-11,FR,72.53,new postings,Software Development
2025-07-11,FR,59.65,total postings,Software Development
2025-07-12,FR,71.93,new postings,Software Development
2025-07-12,FR,59.64,total postings,Software Development
2025-07-13,FR,71.69,new postings,Software Development
2025-07-13,FR,59.68,total postings,Software Development
2025-07-14,FR,71.59,new postings,Software Development
2025-07-14,FR,59.57,total postings,Software Development
2025-07-15,FR,70.74,new postings,Software Development
2025-07-15,FR,59.42,total postings,Software Development
2025-07-16,FR,70.79,new postings,Software Development
2025-07-16,FR,59.07,total postings,Software Development
2025-07-17,FR,70.83,new postings,Software Development
2025-07-17,FR,58.7,total postings,Software Development
2025-07-18,FR,70.9,new postings,Software Development
2025-07-18,FR,58.4,total postings,Software Development
2025-07-19,FR,70.43,new postings,Software Development
2025-07-19,FR,58.12,total postings,Software Development
2025-07-20,FR,70.2,new postings,Software Development
2025-07-20,FR,57.91,total postings,Software Development
2025-07-21,FR,69.55,new postings,Software Development
2025-07-21,FR,57.67,total postings,Software Development
2025-07-22,FR,70.41,new postings,Software Development
2025-07-22,FR,57.56,total postings,Software Development
2025-07-23,FR,70.76,new postings,Software Development
2025-07-23,FR,57.6,total postings,Software Development
2025-07-24,FR,70.96,new postings,Software Development
2025-07-24,FR,57.58,total postings,Software Development
2025-07-25,FR,71.62,new postings,Software Development
2025-07-25,FR,57.64,total postings,Software Development
2025-07-26,FR,72.22,new postings,Software Development
2025-07-26,FR,57.74,total postings,Software Development
2025-07-27,FR,72.85,new postings,Software Development
2025-07-27,FR,57.78,total postings,Software Development
2025-07-28,FR,73.71,new postings,Software Development
2025-07-28,FR,57.87,total postings,Software Development
2025-07-29,FR,74.61,new postings,Software Development
2025-07-29,FR,57.97,total postings,Software Development
2025-07-30,FR,76.31,new postings,Software Development
2025-07-30,FR,58.0,total postings,Software Development
2025-07-31,FR,77.82,new postings,Software Development
2025-07-31,FR,58.07,total postings,Software Development
2025-08-01,FR,78.96,new postings,Software Development
2025-08-01,FR,57.92,total postings,Software Development
2025-08-02,FR,80.07,new postings,Software Development
2025-08-02,FR,57.78,total postings,Software Development
2025-08-03,FR,80.99,new postings,Software Development
2025-08-03,FR,57.6,total postings,Software Development
2025-08-04,FR,81.83,new postings,Software Development
2025-08-04,FR,57.55,total postings,Software Development
2025-08-05,FR,81.78,new postings,Software Development
2025-08-05,FR,57.49,total postings,Software Development
2025-08-06,FR,80.91,new postings,Software Development
2025-08-06,FR,57.42,total postings,Software Development
2025-08-07,FR,80.1,new postings,Software Development
2025-08-07,FR,57.41,total postings,Software Development
2025-08-08,FR,79.25,new postings,Software Development
2025-08-08,FR,57.39,total postings,Software Development
2025-08-09,FR,78.65,new postings,Software Development
2025-08-09,FR,57.22,total postings,Software Development
2025-08-10,FR,78.3,new postings,Software Development
2025-08-10,FR,57.18,total postings,Software Development
2025-08-11,FR,78.1,new postings,Software Development
2025-08-11,FR,57.12,total postings,Software Development
2025-08-12,FR,78.65,new postings,Software Development
2025-08-12,FR,57.03,total postings,Software Development
2025-08-13,FR,79.64,new postings,Software Development
2025-08-13,FR,57.01,total postings,Software Development
2025-08-14,FR,80.52,new postings,Software Development
2025-08-14,FR,56.85,total postings,Software Development
2025-08-15,FR,82.25,new postings,Software Development
2025-08-15,FR,56.87,total postings,Software Development
2025-08-16,FR,83.23,new postings,Software Development
2025-08-16,FR,57.06,total postings,Software Development
2025-08-17,FR,84.01,new postings,Software Development
2025-08-17,FR,57.18,total postings,Software Development
2025-08-18,FR,83.9,new postings,Software Development
2025-08-18,FR,57.23,total postings,Software Development
2025-08-19,FR,83.49,new postings,Software Development
2025-08-19,FR,57.25,total postings,Software Development
2025-08-20,FR,83.09,new postings,Software Development
2025-08-20,FR,57.39,total postings,Software Development
2025-08-21,FR,82.59,new postings,Software Development
2025-08-21,FR,57.56,total postings,Software Development
2025-08-22,FR,81.48,new postings,Software Development
2025-08-22,FR,57.65,total postings,Software Development
2025-08-23,FR,81.21,new postings,Software Development
2025-08-23,FR,57.72,total postings,Software Development
2025-08-24,FR,80.3,new postings,Software Development
2025-08-24,FR,57.65,total postings,Software Development
2025-08-25,FR,79.42,new postings,Software Development
2025-08-25,FR,57.7,total postings,Software Development
2025-08-26,FR,78.57,new postings,Software Development
2025-08-26,FR,57.75,total postings,Software Development
2025-08-27,FR,77.37,new postings,Software Development
2025-08-27,FR,57.72,total postings,Software Development
2025-08-28,FR,76.57,new postings,Software Development
2025-08-28,FR,57.79,total postings,Software Development
2025-08-29,FR,75.83,new postings,Software Development
2025-08-29,FR,57.58,total postings,Software Development
2025-08-30,FR,74.9,new postings,Software Development
2025-08-30,FR,57.48,total postings,Software Development
2025-08-31,FR,74.58,new postings,Software Development
2025-08-31,FR,57.39,total postings,Software Development
2025-09-01,FR,74.58,new postings,Software Development
2025-09-01,FR,57.21,total postings,Software Development
2025-09-02,FR,74.54,new postings,Software Development
2025-09-02,FR,57.1,total postings,Software Development
2025-09-03,FR,74.54,new postings,Software Development
2025-09-03,FR,56.95,total postings,Software Development
2025-09-04,FR,74.37,new postings,Software Development
2025-09-04,FR,56.81,total postings,Software Development
2025-09-05,FR,74.3,new postings,Software Development
2025-09-05,FR,56.91,total postings,Software Development
2025-09-06,FR,74.22,new postings,Software Development
2025-09-06,FR,56.92,total postings,Software Development
2025-09-07,FR,73.57,new postings,Software Development
2025-09-07,FR,56.99,total postings,Software Development
2025-09-08,FR,73.12,new postings,Software Development
2025-09-08,FR,57.1,total postings,Software Development
2025-09-09,FR,72.59,new postings,Software Development
2025-09-09,FR,57.08,total postings,Software Development
2025-09-10,FR,72.51,new postings,Software Development
2025-09-10,FR,57.06,total postings,Software Development
2025-09-11,FR,72.77,new postings,Software Development
2025-09-11,FR,57.16,total postings,Software Development
2025-09-12,FR,72.78,new postings,Software Development
2025-09-12,FR,57.23,total postings,Software Development
2025-09-13,FR,72.88,new postings,Software Development
2025-09-13,FR,57.35,total postings,Software Development
2025-09-14,FR,73.27,new postings,Software Development
2025-09-14,FR,57.36,total postings,Software Development
2025-09-15,FR,73.56,new postings,Software Development
2025-09-15,FR,57.38,total postings,Software Development
2025-09-16,FR,73.78,new postings,Software Development
2025-09-16,FR,57.55,total postings,Software Development
2025-09-17,FR,73.56,new postings,Software Development
2025-09-17,FR,57.77,total postings,Software Development
2025-09-18,FR,72.81,new postings,Software Development
2025-09-18,FR,57.85,total postings,Software Development
2025-09-19,FR,71.92,new postings,Software Development
2025-09-19,FR,57.91,total postings,Software Development
2025-09-20,FR,71.89,new postings,Software Development
2025-09-20,FR,58.11,total postings,Software Development
2025-09-21,FR,71.62,new postings,Software Development
2025-09-21,FR,58.21,total postings,Software Development
2025-09-22,FR,71.25,new postings,Software Development
2025-09-22,FR,58.27,total postings,Software Development
2025-09-23,FR,71.29,new postings,Software Development
2025-09-23,FR,58.28,total postings,Software Development
2025-09-24,FR,71.4,new postings,Software Development
2025-09-24,FR,58.18,total postings,Software Development
2025-09-25,FR,71.91,new postings,Software Development
2025-09-25,FR,58.17,total postings,Software Development
2025-09-26,FR,72.41,new postings,Software Development
2025-09-26,FR,58.18,total postings,Software Development
2025-09-27,FR,71.14,new postings,Software Development
2025-09-27,FR,57.93,total postings,Software Development
2025-09-28,FR,70.22,new postings,Software Development
2025-09-28,FR,57.8,total postings,Software Development
2025-09-29,FR,69.78,new postings,Software Development
2025-09-29,FR,57.68,total postings,Software Development
2025-09-30,FR,68.89,new postings,Software Development
2025-09-30,FR,57.52,total postings,Software Development
2025-10-01,FR,67.6,new postings,Software Development
2025-10-01,FR,57.46,total postings,Software Development
2025-10-02,FR,66.07,new postings,Software Development
2025-10-02,FR,57.38,total postings,Software Development
2025-10-03,FR,65.12,new postings,Software Development
2025-10-03,FR,57.24,total postings,Software Development
2025-10-04,FR,65.21,new postings,Software Development
2025-10-04,FR,57.21,total postings,Software Development
2025-10-05,FR,65.64,new postings,Software Development
2025-10-05,FR,57.18,total postings,Software Development
2025-10-06,FR,65.83,new postings,Software Development
2025-10-06,FR,57.19,total postings,Software Development
2025-10-07,FR,66.17,new postings,Software Development
2025-10-07,FR,57.17,total postings,Software Development
2025-10-08,FR,66.76,new postings,Software Development
2025-10-08,FR,57.1,total postings,Software Development
2025-10-09,FR,67.64,new postings,Software Development
2025-10-09,FR,57.02,total postings,Software Development
2025-10-10,FR,67.71,new postings,Software Development
2025-10-10,FR,56.86,total postings,Software Development
2025-10-11,FR,67.13,new postings,Software Development
2025-10-11,FR,56.64,total postings,Software Development
2025-10-12,FR,66.46,new postings,Software Development
2025-10-12,FR,56.34,total postings,Software Development
2025-10-13,FR,65.78,new postings,Software Development
2025-10-13,FR,55.99,total postings,Software Development
2025-10-14,FR,64.99,new postings,Software Development
2025-10-14,FR,55.7,total postings,Software Development
2025-10-15,FR,64.97,new postings,Software Development
2025-10-15,FR,55.51,total postings,Software Development
2025-10-16,FR,64.82,new postings,Software Development
2025-10-16,FR,55.19,total postings,Software Development
2025-10-17,FR,65.31,new postings,Software Development
2025-10-17,FR,55.16,total postings,Software Development
2025-10-18,FR,66.26,new postings,Software Development
2025-10-18,FR,55.05,total postings,Software Development
2025-10-19,FR,67.15,new postings,Software Development
2025-10-19,FR,55.13,total postings,Software Development
2025-10-20,FR,67.95,new postings,Software Development
2025-10-20,FR,55.14,total postings,Software Development
2025-10-21,FR,68.98,new postings,Software Development
2025-10-21,FR,55.24,total postings,Software Development
2025-10-22,FR,69.26,new postings,Software Development
2025-10-22,FR,55.4,total postings,Software Development
2025-10-23,FR,69.02,new postings,Software Development
2025-10-23,FR,55.49,total postings,Software Development
2025-10-24,FR,68.1,new postings,Software Development
2025-10-24,FR,55.42,total postings,Software Development
2025-10-25,FR,66.68,new postings,Software Development
2025-10-25,FR,55.55,total postings,Software Development
2025-10-26,FR,64.65,new postings,Software Development
2025-10-26,FR,55.51,total postings,Software Development
2025-10-27,FR,62.97,new postings,Software Development
2025-10-27,FR,55.72,total postings,Software Development
2025-10-28,FR,61.52,new postings,Software Development
2025-10-28,FR,55.65,total postings,Software Development
2025-10-29,FR,60.43,new postings,Software Development
2025-10-29,FR,55.47,total postings,Software Development
2025-10-30,FR,60.21,new postings,Software Development
2025-10-30,FR,55.48,total postings,Software Development
2025-10-31,FR,60.64,new postings,Software Development
2025-10-31,FR,55.51,total postings,Software Development
2025-11-01,FR,60.89,new postings,Software Development
2025-11-01,FR,55.33,total postings,Software Development
2025-11-02,FR,63.9,new postings,Software Development
2025-11-02,FR,55.38,total postings,Software Development
2025-11-03,FR,66.89,new postings,Software Development
2025-11-03,FR,55.21,total postings,Software Development
2025-11-04,FR,69.89,new postings,Software Development
2025-11-04,FR,55.21,total postings,Software Development
2025-11-05,FR,72.7,new postings,Software Development
2025-11-05,FR,55.18,total postings,Software Development
2025-11-06,FR,74.93,new postings,Software Development
2025-11-06,FR,55.13,total postings,Software Development
2025-11-07,FR,76.85,new postings,Software Development
2025-11-07,FR,55.07,total postings,Software Development
2025-11-08,FR,79.6,new postings,Software Development
2025-11-08,FR,55.11,total postings,Software Development
2025-11-09,FR,78.75,new postings,Software Development
2025-11-09,FR,55.09,total postings,Software Development
2025-11-10,FR,77.45,new postings,Software Development
2025-11-10,FR,55.16,total postings,Software Development
2025-11-11,FR,75.69,new postings,Software Development
2025-11-11,FR,55.18,total postings,Software Development
2025-11-12,FR,72.89,new postings,Software Development
2025-11-12,FR,55.2,total postings,Software Development
2025-11-13,FR,70.1,new postings,Software Development
2025-11-13,FR,55.19,total postings,Software Development
2025-11-14,FR,67.27,new postings,Software Development
2025-11-14,FR,55.29,total postings,Software Development
2025-11-15,FR,64.15,new postings,Software Development
2025-11-15,FR,55.45,total postings,Software Development
2025-11-16,FR,61.87,new postings,Software Development
2025-11-16,FR,55.46,total postings,Software Development
2025-11-17,FR,59.8,new postings,Software Development
2025-11-17,FR,55.56,total postings,Software Development
2025-11-18,FR,58.7,new postings,Software Development
2025-11-18,FR,55.69,total postings,Software Development
2025-11-19,FR,58.8,new postings,Software Development
2025-11-19,FR,55.69,total postings,Software Development
2025-11-20,FR,59.06,new postings,Software Development
2025-11-20,FR,55.78,total postings,Software Development
2025-11-21,FR,59.49,new postings,Software Development
2025-11-21,FR,55.74,total postings,Software Development
2025-11-22,FR,59.6,new postings,Software Development
2025-11-22,FR,55.71,total postings,Software Development
2025-11-23,FR,60.18,new postings,Software Development
2025-11-23,FR,55.65,total postings,Software Development
2025-11-24,FR,60.93,new postings,Software Development
2025-11-24,FR,55.58,total postings,Software Development
2025-11-25,FR,61.11,new postings,Software Development
2025-11-25,FR,55.42,total postings,Software Development
2025-11-26,FR,61.06,new postings,Software Development
2025-11-26,FR,55.5,total postings,Software Development
2025-11-27,FR,61.17,new postings,Software Development
2025-11-27,FR,55.59,total postings,Software Development
2025-11-28,FR,60.96,new postings,Software Development
2025-11-28,FR,55.76,total postings,Software Development
2025-11-29,FR,61.04,new postings,Software Development
2025-11-29,FR,55.84,total postings,Software Development
2025-11-30,FR,61.1,new postings,Software Development
2025-11-30,FR,55.96,total postings,Software Development
2025-12-01,FR,61.01,new postings,Software Development
2025-12-01,FR,55.95,total postings,Software Development
2025-12-02,FR,60.6,new postings,Software Development
2025-12-02,FR,56.05,total postings,Software Development
2025-12-03,FR,61.01,new postings,Software Development
2025-12-03,FR,56.06,total postings,Software Development
2025-12-04,FR,61.27,new postings,Software Development
2025-12-04,FR,56.06,total postings,Software Development
2025-12-05,FR,62.13,new postings,Software Development
2025-12-05,FR,56.01,total postings,Software Development
2025-12-06,FR,63.53,new postings,Software Development
2025-12-06,FR,55.99,total postings,Software Development
2025-12-07,FR,64.81,new postings,Software Development
2025-12-07,FR,55.94,total postings,Software Development
2025-12-08,FR,66.43,new postings,Software Development
2025-12-08,FR,55.97,total postings,Software Development
2025-12-09,FR,68.11,new postings,Software Development
2025-12-09,FR,55.95,total postings,Software Development
2025-12-10,FR,68.53,new postings,Software Development
2025-12-10,FR,55.89,total postings,Software Development
2025-12-11,FR,68.55,new postings,Software Development
2025-12-11,FR,55.74,total postings,Software Development
2025-12-12,FR,68.12,new postings,Software Development
2025-12-12,FR,55.51,total postings,Software Development
2025-12-13,FR,67.51,new postings,Software Development
2025-12-13,FR,55.3,total postings,Software Development
2025-12-14,FR,67.13,new postings,Software Development
2025-12-14,FR,55.18,total postings,Software Development
2025-12-15,FR,66.16,new postings,Software Development
2025-12-15,FR,55.08,total postings,Software Development
2025-12-16,FR,65.25,new postings,Software Development
2025-12-16,FR,55.04,total postings,Software Development
2025-12-17,FR,65.15,new postings,Software Development
2025-12-17,FR,55.03,total postings,Software Development
2025-12-18,FR,65.22,new postings,Software Development
2025-12-18,FR,54.99,total postings,Software Development
2025-12-19,FR,64.93,new postings,Software Development
2025-12-19,FR,54.98,total postings,Software Development
2025-12-20,FR,65.38,new postings,Software Development
2025-12-20,FR,55.03,total postings,Software Development
2025-12-21,FR,65.88,new postings,Software Development
2025-12-21,FR,55.02,total postings,Software Development
2025-12-22,FR,66.36,new postings,Software Development
2025-12-22,FR,55.07,total postings,Software Development
2025-12-23,FR,66.51,new postings,Software Development
2025-12-23,FR,55.05,total postings,Software Development
2025-12-24,FR,66.16,new postings,Software Development
2025-12-24,FR,54.97,total postings,Software Development
2025-12-25,FR,66.83,new postings,Software Development
2025-12-25,FR,54.98,total postings,Software Development
2025-12-26,FR,68.15,new postings,Software Development
2025-12-26,FR,54.99,total postings,Software Development
2025-12-27,FR,68.03,new postings,Software Development
2025-12-27,FR,54.93,total postings,Software Development
2025-12-28,FR,68.29,new postings,Software Development
2025-12-28,FR,54.9,total postings,Software Development
2025-12-29,FR,69.26,new postings,Software Development
2025-12-29,FR,54.87,total postings,Software Development
2025-12-30,FR,70.16,new postings,Software Development
2025-12-30,FR,54.89,total postings,Software Development
2025-12-31,FR,71.48,new postings,Software Development
2025-12-31,FR,54.96,total postings,Software Development
2026-01-01,FR,68.0,new postings,Software Development
2026-01-01,FR,54.81,total postings,Software Development
2026-01-02,FR,64.02,new postings,Software Development
2026-01-02,FR,54.62,total postings,Software Development
2026-01-03,FR,59.61,new postings,Software Development
2026-01-03,FR,54.36,total postings,Software Development
2026-01-04,FR,53.73,new postings,Software Development
2026-01-04,FR,54.09,total postings,Software Development
2026-01-05,FR,47.69,new postings,Software Development
2026-01-05,FR,53.79,total postings,Software Development
2026-01-06,FR,43.46,new postings,Software Development
2026-01-06,FR,53.5,total postings,Software Development
2026-01-07,FR,40.41,new postings,Software Development
2026-01-07,FR,53.2,total postings,Software Development
2026-01-08,FR,42.25,new postings,Software Development
2026-01-08,FR,53.14,total postings,Software Development
2026-01-09,FR,44.57,new postings,Software Development
2026-01-09,FR,53.18,total postings,Software Development
2026-01-10,FR,48.46,new postings,Software Development
2026-01-10,FR,53.25,total postings,Software Development
2026-01-11,FR,53.02,new postings,Software Development
2026-01-11,FR,53.34,total postings,Software Development
2026-01-12,FR,58.08,new postings,Software Development
2026-01-12,FR,53.44,total postings,Software Development
2026-01-13,FR,61.81,new postings,Software Development
2026-01-13,FR,53.59,total postings,Software Development
2026-01-14,FR,64.21,new postings,Software Development
2026-01-14,FR,53.82,total postings,Software Development
2026-01-15,FR,65.57,new postings,Software Development
2026-01-15,FR,54.05,total postings,Software Development
2026-01-16,FR,66.64,new postings,Software Development
2026-01-16,FR,54.28,total postings,Software Development
2026-01-17,FR,67.16,new postings,Software Development
2026-01-17,FR,54.58,total postings,Software Development
2026-01-18,FR,67.93,new postings,Software Development
2026-01-18,FR,54.89,total postings,Software Development
2026-01-19,FR,68.41,new postings,Software Development
2026-01-19,FR,55.14,total postings,Software Development
2026-01-20,FR,69.3,new postings,Software Development
2026-01-20,FR,55.38,total postings,Software Development
2026-01-21,FR,69.93,new postings,Software Development
2026-01-21,FR,55.55,total postings,Software Development
2026-01-22,FR,70.7,new postings,Software Development
2026-01-22,FR,55.75,total postings,Software Development
2026-01-23,FR,71.48,new postings,Software Development
2026-01-23,FR,55.95,total postings,Software Development
2026-01-24,FR,71.3,new postings,Software Development
2026-01-24,FR,56.07,total postings,Software Development
2026-01-25,FR,71.99,new postings,Software Development
2026-01-25,FR,56.18,total postings,Software Development
2026-01-26,FR,72.78,new postings,Software Development
2026-01-26,FR,56.26,total postings,Software Development
2026-01-27,FR,72.51,new postings,Software Development
2026-01-27,FR,56.25,total postings,Software Development
2026-01-28,FR,72.78,new postings,Software Development
2026-01-28,FR,56.32,total postings,Software Development
2026-01-29,FR,72.88,new postings,Software Development
2026-01-29,FR,56.41,total postings,Software Development
2026-01-30,FR,72.53,new postings,Software Development
2026-01-30,FR,56.51,total postings,Software Development
2026-01-31,FR,72.74,new postings,Software Development
2026-01-31,FR,56.59,total postings,Software Development
2026-02-01,FR,72.46,new postings,Software Development
2026-02-01,FR,56.71,total postings,Software Development
2026-02-02,FR,71.85,new postings,Software Development
2026-02-02,FR,56.75,total postings,Software Development
2026-02-03,FR,71.71,new postings,Software Development
2026-02-03,FR,56.9,total postings,Software Development
2026-02-04,FR,70.98,new postings,Software Development
2026-02-04,FR,56.8,total postings,Software Development
2026-02-05,FR,70.63,new postings,Software Development
2026-02-05,FR,56.77,total postings,Software Development
2026-02-06,FR,70.93,new postings,Software Development
2026-02-06,FR,56.7,total postings,Software Development
2026-02-07,FR,71.1,new postings,Software Development
2026-02-07,FR,56.62,total postings,Software Development
2026-02-08,FR,70.54,new postings,Software Development
2026-02-08,FR,56.49,total postings,Software Development
2026-02-09,FR,69.79,new postings,Software Development
2026-02-09,FR,56.49,total postings,Software Development
2026-02-10,FR,69.0,new postings,Software Development
2026-02-10,FR,56.49,total postings,Software Development
2026-02-11,FR,68.54,new postings,Software Development
2026-02-11,FR,56.65,total postings,Software Development
2026-02-12,FR,68.08,new postings,Software Development
2026-02-12,FR,56.71,total postings,Software Development
2026-02-13,FR,68.07,new postings,Software Development
2026-02-13,FR,56.79,total postings,Software Development
2026-02-14,FR,67.39,new postings,Software Development
2026-02-14,FR,56.94,total postings,Software Development
2026-02-15,FR,67.25,new postings,Software Development
2026-02-15,FR,57.05,total postings,Software Development
2026-02-16,FR,67.71,new postings,Software Development
2026-02-16,FR,57.19,total postings,Software Development
2026-02-17,FR,67.46,new postings,Software Development
2026-02-17,FR,57.29,total postings,Software Development
2026-02-18,FR,67.1,new postings,Software Development
2026-02-18,FR,57.42,total postings,Software Development
2026-02-19,FR,66.63,new postings,Software Development
2026-02-19,FR,57.52,total postings,Software Development
2026-02-20,FR,65.39,new postings,Software Development
2026-02-20,FR,57.61,total postings,Software Development
2026-02-21,FR,65.28,new postings,Software Development
2026-02-21,FR,57.7,total postings,Software Development
2026-02-22,FR,65.17,new postings,Software Development
2026-02-22,FR,57.82,total postings,Software Development
2026-02-23,FR,64.53,new postings,Software Development
2026-02-23,FR,57.85,total postings,Software Development
2026-02-24,FR,64.83,new postings,Software Development
2026-02-24,FR,57.82,total postings,Software Development
2026-02-25,FR,65.1,new postings,Software Development
2026-02-25,FR,57.76,total postings,Software Development
2026-02-26,FR,65.74,new postings,Software Development
2026-02-26,FR,57.66,total postings,Software Development
2026-02-27,FR,66.4,new postings,Software Development
2026-02-27,FR,57.63,total postings,Software Development
2026-02-28,FR,66.76,new postings,Software Development
2026-02-28,FR,57.46,total postings,Software Development
2026-03-01,FR,66.75,new postings,Software Development
2026-03-01,FR,57.3,total postings,Software Development
2026-03-02,FR,66.93,new postings,Software Development
2026-03-02,FR,57.22,total postings,Software Development
2026-03-03,FR,67.34,new postings,Software Development
2026-03-03,FR,57.17,total postings,Software Development
2026-03-04,FR,67.82,new postings,Software Development
2026-03-04,FR,57.15,total postings,Software Development
2026-03-05,FR,67.93,new postings,Software Development
2026-03-05,FR,57.2,total postings,Software Development
2026-03-06,FR,68.23,new postings,Software Development
2026-03-06,FR,57.06,total postings,Software Development
2026-03-07,FR,68.04,new postings,Software Development
2026-03-07,FR,56.94,total postings,Software Development
2026-03-08,FR,68.21,new postings,Software Development
2026-03-08,FR,56.82,total postings,Software Development
2026-03-09,FR,68.42,new postings,Software Development
2026-03-09,FR,56.8,total postings,Software Development
2026-03-10,FR,68.08,new postings,Software Development
2026-03-10,FR,56.69,total postings,Software Development
2026-03-11,FR,67.05,new postings,Software Development
2026-03-11,FR,56.51,total postings,Software Development
2026-03-12,FR,66.99,new postings,Software Development
2026-03-12,FR,56.42,total postings,Software Development
2026-03-13,FR,67.36,new postings,Software Development
2026-03-13,FR,56.57,total postings,Software Development
2026-03-14,FR,67.94,new postings,Software Development
2026-03-14,FR,56.79,total postings,Software Development
2026-03-15,FR,68.49,new postings,Software Development
2026-03-15,FR,56.99,total postings,Software Development
2026-03-16,FR,69.03,new postings,Software Development
2026-03-16,FR,57.0,total postings,Software Development
2026-03-17,FR,69.33,new postings,Software Development
2026-03-17,FR,57.02,total postings,Software Development
2026-03-18,FR,69.8,new postings,Software Development
2026-03-18,FR,57.11,total postings,Software Development
2026-03-19,FR,69.32,new postings,Software Development
2026-03-19,FR,57.1,total postings,Software Development
2026-03-20,FR,70.28,new postings,Software Development
2026-03-20,FR,57.11,total postings,Software Development
2026-03-21,FR,71.74,new postings,Software Development
2026-03-21,FR,57.02,total postings,Software Development
2026-03-22,FR,73.35,new postings,Software Development
2026-03-22,FR,56.97,total postings,Software Development
2026-03-23,FR,75.04,new postings,Software Development
2026-03-23,FR,57.08,total postings,Software Development
2026-03-24,FR,77.56,new postings,Software Development
2026-03-24,FR,57.28,total postings,Software Development
2026-03-25,FR,80.48,new postings,Software Development
2026-03-25,FR,57.49,total postings,Software Development
2026-03-26,FR,83.39,new postings,Software Development
2026-03-26,FR,57.7,total postings,Software Development
2026-03-27,FR,83.25,new postings,Software Development
2026-03-27,FR,57.83,total postings,Software Development
2026-03-28,FR,83.15,new postings,Software Development
2026-03-28,FR,58.07,total postings,Software Development
2026-03-29,FR,82.77,new postings,Software Development
2026-03-29,FR,58.28,total postings,Software Development
2026-03-30,FR,82.44,new postings,Software Development
2026-03-30,FR,58.38,total postings,Software Development
2026-03-31,FR,81.25,new postings,Software Development
2026-03-31,FR,58.47,total postings,Software Development
2026-04-01,FR,80.17,new postings,Software Development
2026-04-01,FR,58.54,total postings,Software Development
2026-04-02,FR,79.75,new postings,Software Development
2026-04-02,FR,58.61,total postings,Software Development
2026-04-03,FR,80.5,new postings,Software Development
2026-04-03,FR,58.63,total postings,Software Development
2026-04-04,FR,80.55,new postings,Software Development
2026-04-04,FR,58.65,total postings,Software Development
2026-04-05,FR,80.71,new postings,Software Development
2026-04-05,FR,58.72,total postings,Software Development
2026-04-06,FR,80.46,new postings,Software Development
2026-04-06,FR,58.72,total postings,Software Development
2026-04-07,FR,78.51,new postings,Software Development
2026-04-07,FR,58.66,total postings,Software Development
2026-04-08,FR,76.86,new postings,Software Development
2026-04-08,FR,58.6,total postings,Software Development
2026-04-09,FR,73.88,new postings,Software Development
2026-04-09,FR,58.59,total postings,Software Development
2026-04-10,FR,70.41,new postings,Software Development
2026-04-10,FR,58.58,total postings,Software Development
2026-04-11,FR,67.73,new postings,Software Development
2026-04-11,FR,58.5,total postings,Software Development
2026-04-12,FR,65.09,new postings,Software Development
2026-04-12,FR,58.42,total postings,Software Development
2026-04-13,FR,62.58,new postings,Software Development
2026-04-13,FR,58.44,total postings,Software Development
2026-04-14,FR,63.52,new postings,Software Development
2026-04-14,FR,58.54,total postings,Software Development
2026-04-15,FR,64.65,new postings,Software Development
2026-04-15,FR,58.65,total postings,Software Development
2026-04-16,FR,67.12,new postings,Software Development
2026-04-16,FR,58.81,total postings,Software Development
2026-04-17,FR,69.86,new postings,Software Development
2026-04-17,FR,58.85,total postings,Software Development
